date,title,detail_url,pdf_url,local_path
"Sep 09, 2026",Review of Position Limits for Clients and Penalty Provisions for Violation / Breach of Position Limits for Commodity Derivatives Segment,https://www.sebi.gov.in/legal/circulars/sep-2026/review-of-position-limits-for-clients-and-penalty-provisions-for-violation-breach-of-position-limits-for-commodity-derivatives-segment_104387.html,https://www.sebi.gov.in/sebi_data/attachdocs/sep-2026/1788952299552.PDF,data\full_dataset\sebi\circulars\pdf\Review_of_Position_Limits_for_Clients_and_Penalty_Provisions_for_Violation___Breach_of_Position_Limits_for_Commodity_Derivatives_Segment__dfa6b6ac.pdf
"Sep 07, 2026",Relaxation in timeline with respect to Accredited Investor mandate for Angel Funds,https://www.sebi.gov.in/legal/circulars/sep-2026/relaxation-in-timeline-with-respect-to-accredited-investor-mandate-for-angel-funds_104323.html,https://www.sebi.gov.in/sebi_data/attachdocs/sep-2026/1788788875715.pdf,data\full_dataset\sebi\circulars\pdf\Relaxation_in_timeline_with_respect_to_Accredited_Investor_mandate_for_Angel_Funds__30d0dc19.pdf
"Sep 07, 2026",Ease of regulatory compliances for FPIs investing only in Government Securities,https://www.sebi.gov.in/legal/circulars/sep-2026/ease-of-regulatory-compliances-for-fpis-investing-only-in-government-securities_104319.html,https://www.sebi.gov.in/sebi_data/attachdocs/sep-2026/1788779580343.PDF,data\full_dataset\sebi\circulars\pdf\Ease_of_regulatory_compliances_for_FPIs_investing_only_in_Government_Securities__ec673a18.pdf
"Aug 28, 2026","Extension of timeline for implementation of provisions of SEBI Circular dated June 15, 2026 on norms for base price, price bands, call auction in pre-open session and Close-out procedure for Exchange Traded Funds (ETFs)",https://www.sebi.gov.in/legal/circulars/aug-2026/extension-of-timeline-for-implementation-of-provisions-of-sebi-circular-dated-june-15-2026-on-norms-for-base-price-price-bands-call-auction-in-pre-open-session-and-close-out-procedure-for-exchange-_104094.html,https://www.sebi.gov.in/sebi_data/attachdocs/aug-2026/1787914585756.pdf,data\full_dataset\sebi\circulars\pdf\Extension_of_timeline_for_implementation_of_provisions_of_SEBI_Circular_dated_June_15__2026_on_norms_for_base_price__price_bands__call_auction_in_pre-__456ad5f2.pdf
"Aug 24, 2026",Alignment of SEBI's Cyber Incident Reporting Portal with FIRE Format,https://www.sebi.gov.in/legal/circulars/aug-2026/alignment-of-sebi-s-cyber-incident-reporting-portal-with-fire-format_103915.html,https://www.sebi.gov.in/sebi_data/attachdocs/aug-2026/1787569463244.pdf,data\full_dataset\sebi\circulars\pdf\Alignment_of_SEBI_s_Cyber_Incident_Reporting_Portal_with_FIRE_Format__dfa78c1c.pdf
"Aug 24, 2026",IT Resilience Index for Market Infrastructure Institutions (MIIs),https://www.sebi.gov.in/legal/circulars/aug-2026/it-resilience-index-for-market-infrastructure-institutions-miis-_103913.html,https://www.sebi.gov.in/sebi_data/attachdocs/aug-2026/1787568759364.pdf,data\full_dataset\sebi\circulars\pdf\IT_Resilience_Index_for_Market_Infrastructure_Institutions__MIIs___b04dfd62.pdf
"Aug 20, 2026",Acceptance of digitally signed Power of Attorney from FPIs,https://www.sebi.gov.in/legal/circulars/aug-2026/acceptance-of-digitally-signed-power-of-attorney-from-fpis_103824.html,https://www.sebi.gov.in/sebi_data/attachdocs/aug-2026/1787224027885.pdf,data\full_dataset\sebi\circulars\pdf\Acceptance_of_digitally_signed_Power_of_Attorney_from_FPIs__b7eee759.pdf
"Aug 20, 2026",Enabling sharing of information by KYC Registration Agencies (KRAs) with entities regulated by International Financial Services Centres Authority,https://www.sebi.gov.in/legal/circulars/aug-2026/enabling-sharing-of-information-by-kyc-registration-agencies-kras-with-entities-regulated-by-international-financial-services-centres-authority_103823.html,https://www.sebi.gov.in/sebi_data/attachdocs/aug-2026/1787285998826.pdf,data\full_dataset\sebi\circulars\pdf\Enabling_sharing_of_information_by_KYC_Registration_Agencies__KRAs__with_entities_regulated_by_International_Financial_Services_Centres_Authority__5618b162.pdf
"Aug 14, 2026",Modification in the regulatory framework for Online Bond Platform Providers (OBPPs) including measures for promoting ease of doing business,https://www.sebi.gov.in/legal/circulars/aug-2026/modification-in-the-regulatory-framework-for-online-bond-platform-providers-obpps-including-measures-for-promoting-ease-of-doing-business_103647.html,https://www.sebi.gov.in/sebi_data/attachdocs/aug-2026/1786705729757.pdf,data\full_dataset\sebi\circulars\pdf\Modification_in_the_regulatory_framework_for_Online_Bond_Platform_Providers__OBPPs__including_measures_for_promoting_ease_of_doing_business__2e2e9b36.pdf
"Aug 14, 2026",Framework for Calculation of Net Distributable Cash Flows for InvITs,https://www.sebi.gov.in/legal/circulars/aug-2026/framework-for-calculation-of-net-distributable-cash-flows-for-invits_103644.html,https://www.sebi.gov.in/sebi_data/attachdocs/aug-2026/1786705393789.pdf,data\full_dataset\sebi\circulars\pdf\Framework_for_Calculation_of_Net_Distributable_Cash_Flows_for_InvITs__92523533.pdf
"Aug 12, 2026",Review of Inclusion of Historical Scenarios in Stress Testing for Commodity Derivatives Segment,https://www.sebi.gov.in/legal/circulars/aug-2026/review-of-inclusion-of-historical-scenarios-in-stress-testing-for-commodity-derivatives-segment_103521.html,https://www.sebi.gov.in/sebi_data/attachdocs/aug-2026/1786537329546.pdf,data\full_dataset\sebi\circulars\pdf\Review_of_Inclusion_of_Historical_Scenarios_in_Stress_Testing_for_Commodity_Derivatives_Segment__b0a2f7d8.pdf
"Aug 11, 2026","Amendment to SEBI (Issue and Listing of Municipal Debt Securities) Regulations, 2015 (“ILMDS Regulations”)",https://www.sebi.gov.in/legal/circulars/aug-2026/amendment-to-sebi-issue-and-listing-of-municipal-debt-securities-regulations-2015-ilmds-regulations-_103488.html,https://www.sebi.gov.in/sebi_data/attachdocs/aug-2026/1786447511614.pdf,data\full_dataset\sebi\circulars\pdf\Amendment_to_SEBI__Issue_and_Listing_of_Municipal_Debt_Securities__Regulations__2015__ILMDS_Regulations___5797d50f.pdf
"Aug 03, 2026","Extension of timeline for enrolment with PaRRVA as specified in SEBI Circular No. HO/38/14/(4)2026-MIRSD-POD/I/10557/2026 dated April 29, 2026",https://www.sebi.gov.in/legal/circulars/aug-2026/extension-of-timeline-for-enrolment-with-parrva-as-specified-in-sebi-circular-no-ho-38-14-4-2026-mirsd-pod-i-10557-2026-dated-april-29-2026_103314.html,https://www.sebi.gov.in/sebi_data/attachdocs/aug-2026/1785760104221.pdf,data\full_dataset\sebi\circulars\pdf\Extension_of_timeline_for_enrolment_with_PaRRVA_as_specified_in_SEBI_Circular_No._HO_38_14_4_2026-MIRSD-POD_I_10557_2026_dated_April_29__2026__84c48ede.pdf
"Jul 31, 2026",Extension of timelines with repect to compliance of Digital Accessibility Circulars.,https://www.sebi.gov.in/legal/circulars/jul-2026/extension-of-timelines-with-repect-to-compliance-of-digital-accessibility-circulars-_103277.html,https://www.sebi.gov.in/sebi_data/attachdocs/jul-2026/1785493077212.pdf,data\full_dataset\sebi\circulars\pdf\Extension_of_timelines_with_repect_to_compliance_of_Digital_Accessibility_Circulars__ef90f572.pdf
"Jul 30, 2026",‘Green-Channel: AIF Rollout Upon Document Acknowledgement’ (GARUDA) Mechanism for Processing of Placement Memorandum of Alternative Investment Funds (AIFs) filed with SEBI,https://www.sebi.gov.in/legal/circulars/jul-2026/-green-channel-aif-rollout-upon-document-acknowledgement-garuda-mechanism-for-processing-of-placement-memorandum-of-alternative-investment-funds-aifs-filed-with-sebi_103241.html,https://www.sebi.gov.in/sebi_data/attachdocs/jul-2026/1785412195539.pdf,data\full_dataset\sebi\circulars\pdf\_Green-Channel__AIF_Rollout_Upon_Document_Acknowledgement___GARUDA__Mechanism_for_Processing_of_Placement_Memorandum_of_Alternative_Investment_Funds____475e54c6.pdf
"Jul 23, 2026",Ease of Doing Investment and Ease of Doing Business – Simplification and standardisation of the framework for transmission of securities,https://www.sebi.gov.in/legal/circulars/jul-2026/ease-of-doing-investment-and-ease-of-doing-business-simplification-and-standardisation-of-the-framework-for-transmission-of-securities_103030.html,https://www.sebi.gov.in/sebi_data/attachdocs/jul-2026/1784869499027.pdf,data\full_dataset\sebi\circulars\pdf\Ease_of_Doing_Investment_and_Ease_of_Doing_Business___Simplification_and_standardisation_of_the_framework_for_transmission_of_securities__1fa7fdbd.pdf
"Jul 21, 2026",Certification Requirements for Distribution of Specialized Investment Funds (SIFs),https://www.sebi.gov.in/legal/circulars/jul-2026/certification-requirements-for-distribution-of-specialized-investment-funds-sifs-_102986.html,https://www.sebi.gov.in/sebi_data/attachdocs/jul-2026/1784633350069.pdf,data\full_dataset\sebi\circulars\pdf\Certification_Requirements_for_Distribution_of_Specialized_Investment_Funds__SIFs___ace9061d.pdf
"Jul 21, 2026","Operationalisation of freezing of holdings of promoter and promoter group including their associates (promoter holdings) at the ISIN level under Regulation 24(i)(ea) of the SEBI (Buy-back of Securities) Regulations, 2018 dated July 21, 2026",https://www.sebi.gov.in/legal/circulars/jul-2026/operationalisation-of-freezing-of-holdings-of-promoter-and-promoter-group-including-their-associates-promoter-holdings-at-the-isin-level-under-regulation-24-i-ea-of-the-sebi-buy-back-of-securitie-_102978.html,https://www.sebi.gov.in/sebi_data/attachdocs/jul-2026/1784632576164.pdf,data\full_dataset\sebi\circulars\pdf\Operationalisation_of_freezing_of_holdings_of_promoter_and_promoter_group_including_their_associates__promoter_holdings__at_the_ISIN_level_under_Regul__4551a9de.pdf
"Jul 17, 2026",Extending facility of creating standing instructions for Systematic Withdrawal Plan (SWP)/ Systematic Transfer Plan (STP) for Mutual Fund units held in demat form,https://www.sebi.gov.in/legal/circulars/jul-2026/extending-facility-of-creating-standing-instructions-for-systematic-withdrawal-plan-swp-systematic-transfer-plan-stp-for-mutual-fund-units-held-in-demat-form_102914.html,https://www.sebi.gov.in/sebi_data/attachdocs/jul-2026/1784285542603.pdf,data\full_dataset\sebi\circulars\pdf\Extending_facility_of_creating_standing_instructions_for_Systematic_Withdrawal_Plan__SWP__Systematic_Transfer_Plan__STP__for_Mutual_Fund_units_held_in__0822d689.pdf
"Jul 10, 2026",Intraday borrowing facility availed by mutual funds,https://www.sebi.gov.in/legal/circulars/jul-2026/intraday-borrowing-facility-availed-by-mutual-funds_102762.html,https://www.sebi.gov.in/sebi_data/attachdocs/jul-2026/1783685402131.pdf,data\full_dataset\sebi\circulars\pdf\Intraday_borrowing_facility_availed_by_mutual_funds__d38917b7.pdf
"Jul 07, 2026",Review of norms for utilization of interest or income from IPF of the Depositories,https://www.sebi.gov.in/legal/circulars/jul-2026/review-of-norms-for-utilization-of-interest-or-income-from-ipf-of-the-depositories_102639.html,https://www.sebi.gov.in/sebi_data/attachdocs/jul-2026/1783423471963.pdf,data\full_dataset\sebi\circulars\pdf\Review_of_norms_for_utilization_of_interest_or_income_from_IPF_of_the_Depositories__492f6927.pdf
"Jul 03, 2026",Handling of Client’s Unpaid Securities by Trading Members,https://www.sebi.gov.in/legal/circulars/jul-2026/handling-of-client-s-unpaid-securities-by-trading-members_102584.html,https://www.sebi.gov.in/sebi_data/attachdocs/jul-2026/1783077132079.pdf,data\full_dataset\sebi\circulars\pdf\Handling_of_Client_s_Unpaid_Securities_by_Trading_Members__064c5883.pdf
"Jun 24, 2026",Ease of Doing Business – Relaxation in certification requirement for Persons Associated with Investment Advice (PAIA) – Sales and other non-core services,https://www.sebi.gov.in/legal/circulars/jun-2026/ease-of-doing-business-relaxation-in-certification-requirement-for-persons-associated-with-investment-advice-paia-sales-and-other-non-core-services_102385.html,https://www.sebi.gov.in/sebi_data/attachdocs/jun-2026/1782299902147.pdf,data\full_dataset\sebi\circulars\pdf\Ease_of_Doing_Business___Relaxation_in_certification_requirement_for_Persons_Associated_with_Investment_Advice__PAIA____Sales_and_other_non-core_servi__6dbc0f3c.pdf
"Jun 19, 2026",Clarification with respect to applicability of the benefit of early pay-in in Commodity Derivatives Segment,https://www.sebi.gov.in/legal/circulars/jun-2026/clarification-with-respect-to-applicability-of-the-benefit-of-early-pay-in-in-commodity-derivatives-segment_102229.html,https://www.sebi.gov.in/sebi_data/attachdocs/jun-2026/1781863954185.pdf,data\full_dataset\sebi\circulars\pdf\Clarification_with_respect_to_applicability_of_the_benefit_of_early_pay-in_in_Commodity_Derivatives_Segment__eeb51e58.pdf
"Jun 16, 2026",Guidelines for winding up of AIFs with respect to retention of proceeds and  ‘Inoperative Fund’ status,https://www.sebi.gov.in/legal/circulars/jun-2026/guidelines-for-winding-up-of-aifs-with-respect-to-retention-of-proceeds-and-inoperative-fund-status_102171.html,https://www.sebi.gov.in/sebi_data/attachdocs/jun-2026/1781613591249.pdf,data\full_dataset\sebi\circulars\pdf\Guidelines_for_winding_up_of_AIFs_with_respect_to_retention_of_proceeds_and__Inoperative_Fund__status__db84e9b1.pdf
"Jun 15, 2026","Norms for Base Price, Price Bands, Call Auction in pre-open session and Close-out procedure for Exchange Traded Funds (ETFs)",https://www.sebi.gov.in/legal/circulars/jun-2026/norms-for-base-price-price-bands-call-auction-in-pre-open-session-and-close-out-procedure-for-exchange-traded-funds-etfs-_102121.html,https://www.sebi.gov.in/sebi_data/attachdocs/jun-2026/1781524158363.pdf,data\full_dataset\sebi\circulars\pdf\Norms_for_Base_Price__Price_Bands__Call_Auction_in_pre-open_session_and_Close-out_procedure_for_Exchange_Traded_Funds__ETFs___02a17a03.pdf
"Jun 11, 2026","Extension of timelines for compliance with certain provisions of Circular dated  January 02, 2026",https://www.sebi.gov.in/legal/circulars/jun-2026/extension-of-timelines-for-compliance-with-certain-provisions-of-circular-dated-january-02-2026_102083.html,https://www.sebi.gov.in/sebi_data/attachdocs/jun-2026/1781182579546.pdf,data\full_dataset\sebi\circulars\pdf\Extension_of_timelines_for_compliance_with_certain_provisions_of_Circular_dated_January_02__2026__565ba8cd.pdf
"May 29, 2026",Ease of doing investments - Modified Norms for Nomination in Demat Accounts and Mutual Fund Folios,https://www.sebi.gov.in/legal/circulars/may-2026/ease-of-doing-investments-modified-norms-for-nomination-in-demat-accounts-and-mutual-fund-folios_101703.html,https://www.sebi.gov.in/sebi_data/attachdocs/jun-2026/1780397706130.pdf,data\full_dataset\sebi\circulars\pdf\Ease_of_doing_investments_-_Modified_Norms_for_Nomination_in_Demat_Accounts_and_Mutual_Fund_Folios__fe716202.pdf
"May 19, 2026",Revision of Monthly Cumulative Report (MCR) Format,https://www.sebi.gov.in/legal/circulars/may-2026/revision-of-monthly-cumulative-report-mcr-format_101522.html,https://www.sebi.gov.in/sebi_data/attachdocs/may-2026/1779193408747.pdf,data\full_dataset\sebi\circulars\pdf\Revision_of_Monthly_Cumulative_Report__MCR__Format__37a92336.pdf
"May 15, 2026",Status of SPVs post conclusion or termination of Concession Agreement,https://www.sebi.gov.in/legal/circulars/may-2026/status-of-spvs-post-conclusion-or-termination-of-concession-agreement_101467.html,https://www.sebi.gov.in/sebi_data/attachdocs/may-2026/1778844282193.pdf,data\full_dataset\sebi\circulars\pdf\Status_of_SPVs_post_conclusion_or_termination_of_Concession_Agreement__26047fa8.pdf
"May 15, 2026",Permitted use of fresh borrowings for InvITs where Net Borrowings exceeds forty-nine percent of the value of InvIT assets,https://www.sebi.gov.in/legal/circulars/may-2026/permitted-use-of-fresh-borrowings-for-invits-where-net-borrowings-exceeds-forty-nine-percent-of-the-value-of-invit-assets_101465.html,https://www.sebi.gov.in/sebi_data/attachdocs/may-2026/1778844118656.pdf,data\full_dataset\sebi\circulars\pdf\Permitted_use_of_fresh_borrowings_for_InvITs_where_Net_Borrowings_exceeds_forty-nine_percent_of_the_value_of_InvIT_assets__431ca563.pdf
"May 08, 2026",Norms for sharing and usage of price data for educational purposes,https://www.sebi.gov.in/legal/circulars/may-2026/norms-for-sharing-and-usage-of-price-data-for-educational-purposes_101293.html,https://www.sebi.gov.in/sebi_data/attachdocs/may-2026/1778242522289.pdf,data\full_dataset\sebi\circulars\pdf\Norms_for_sharing_and_usage_of_price_data_for_educational_purposes__1bcc99b2.pdf
"May 07, 2026",Discontinuation of Investor Risk Reduction Access (IRRA) platform,https://www.sebi.gov.in/legal/circulars/may-2026/discontinuation-of-investor-risk-reduction-access-irra-platform_101300.html,https://www.sebi.gov.in/sebi_data/attachdocs/may-2026/1778149088029.pdf,data\full_dataset\sebi\circulars\pdf\Discontinuation_of_Investor_Risk_Reduction_Access__IRRA__platform__b8bc1f0e.pdf
"May 05, 2026","‘Significant Indices’ under SEBI (Index Providers) Regulations, 2024",https://www.sebi.gov.in/legal/circulars/may-2026/-significant-indices-under-sebi-index-providers-regulations-2024_101271.html,https://www.sebi.gov.in/sebi_data/attachdocs/may-2026/1777994522786.pdf,data\full_dataset\sebi\circulars\pdf\_Significant_Indices__under_SEBI__Index_Providers__Regulations__2024__c6325430.pdf
"May 05, 2026",Advisory on Emerging Advanced Artificial Intelligence (AI) Tools for Vulnerability Detection,https://www.sebi.gov.in/legal/circulars/may-2026/advisory-on-emerging-advanced-artificial-intelligence-ai-tools-for-vulnerability-detection_101270.html,https://www.sebi.gov.in/sebi_data/attachdocs/may-2026/1777992004516.pdf,data\full_dataset\sebi\circulars\pdf\Advisory_on_Emerging_Advanced_Artificial_Intelligence__AI__Tools_for_Vulnerability_Detection__3f03d852.pdf
"Apr 30, 2026",Fast-Track Mechanism for Processing of Placement Memorandum of AIFs filed with SEBI,https://www.sebi.gov.in/legal/circulars/apr-2026/fast-track-mechanism-for-processing-of-placement-memorandum-of-aifs-filed-with-sebi_101213.html,https://www.sebi.gov.in/sebi_data/attachdocs/apr-2026/1777545192885.pdf,data\full_dataset\sebi\circulars\pdf\Fast-Track_Mechanism_for_Processing_of_Placement_Memorandum_of_AIFs_filed_with_SEBI__79aa82ee.pdf
"Apr 29, 2026",Operationalisation of Past Risk and Return Verification Agency (“PaRRVA”),https://www.sebi.gov.in/legal/circulars/apr-2026/operationalisation-of-past-risk-and-return-verification-agency-parrva-_101185.html,https://www.sebi.gov.in/sebi_data/attachdocs/apr-2026/1777473564120.pdf,data\full_dataset\sebi\circulars\pdf\Operationalisation_of_Past_Risk_and_Return_Verification_Agency__PaRRVA___e84f4cf7.pdf
"Apr 28, 2026",Extension of timeline for compliance with terms and conditions by  Debenture Trustees for carrying out activities outside the purview of  SEBI,https://www.sebi.gov.in/legal/circulars/apr-2026/extension-of-timeline-for-compliance-with-terms-and-conditions-by-debenture-trustees-for-carrying-out-activities-outside-the-purview-of-sebi_101152.html,https://www.sebi.gov.in/sebi_data/attachdocs/apr-2026/1777434657240.pdf,data\full_dataset\sebi\circulars\pdf\Extension_of_timeline_for_compliance_with_terms_and_conditions_by_Debenture_Trustees_for_carrying_out_activities_outside_the_purview_of_SEBI__e4b71f73.pdf
"Apr 24, 2026",Framework for net settlement of funds for transactions done by Foreign Portfolio Investors (FPIs) in cash market,https://www.sebi.gov.in/legal/circulars/apr-2026/framework-for-net-settlement-of-funds-for-transactions-done-by-foreign-portfolio-investors-fpis-in-cash-market_101090.html,https://www.sebi.gov.in/sebi_data/attachdocs/apr-2026/1777030013013.pdf,data\full_dataset\sebi\circulars\pdf\Framework_for_net_settlement_of_funds_for_transactions_done_by_Foreign_Portfolio_Investors__FPIs__in_cash_market__867f568b.pdf
"Apr 15, 2026",Review of requirement relating to registration for a Not for Profit Organization on Social Stock Exchange and minimum subscription requirement for issuance of Zero Coupon Zero Principal Instruments,https://www.sebi.gov.in/legal/circulars/apr-2026/review-of-requirement-relating-to-registration-for-a-not-for-profit-organization-on-social-stock-exchange-and-minimum-subscription-requirement-for-issuance-of-zero-coupon-zero-principal-instruments_100935.html,https://www.sebi.gov.in/sebi_data/attachdocs/apr-2026/1776311392280.pdf,data\full_dataset\sebi\circulars\pdf\Review_of_requirement_relating_to_registration_for_a_Not_for_Profit_Organization_on_Social_Stock_Exchange_and_minimum_subscription_requirement_for_iss__051552f9.pdf
"Apr 13, 2026",NISM Certification for Social Impact Assessors,https://www.sebi.gov.in/legal/circulars/apr-2026/nism-certification-for-social-impact-assessors_100911.html,https://www.sebi.gov.in/sebi_data/attachdocs/apr-2026/1776082646745.pdf,data\full_dataset\sebi\circulars\pdf\NISM_Certification_for_Social_Impact_Assessors__28823b43.pdf
"Apr 08, 2026","Ease of doing business - mechanism for lock-in of pledged shares under SEBI (Issue of Capital and Disclosure Requirements) Regulations, 2018",https://www.sebi.gov.in/legal/circulars/apr-2026/ease-of-doing-business-mechanism-for-lock-in-of-pledged-shares-under-sebi-issue-of-capital-and-disclosure-requirements-regulations-2018_100826.html,https://www.sebi.gov.in/sebi_data/attachdocs/apr-2026/1775650797133.pdf,data\full_dataset\sebi\circulars\pdf\Ease_of_doing_business_-_mechanism_for_lock-in_of_pledged_shares_under_SEBI__Issue_of_Capital_and_Disclosure_Requirements__Regulations__2018__64a9dfda.pdf
"Apr 07, 2026","Relaxation from the applicability of SEBI Master Circular for compliance with the provisions of the SEBI (Listing Obligations and Disclosure Requirements) Regulations, 2015 on non-compliance with the Minimum Public Shareholding (MPS) requirements",https://www.sebi.gov.in/legal/circulars/apr-2026/relaxation-from-the-applicability-of-sebi-master-circular-for-compliance-with-the-provisions-of-the-sebi-listing-obligations-and-disclosure-requirements-regulations-2015-on-non-compliance-with-the-_100787.html,https://www.sebi.gov.in/sebi_data/attachdocs/apr-2026/1775562977206.pdf,data\full_dataset\sebi\circulars\pdf\Relaxation_from_the_applicability_of_SEBI_Master_Circular_for_compliance_with_the_provisions_of_the_SEBI__Listing_Obligations_and_Disclosure_Requireme__13958fea.pdf
"Apr 07, 2026",One-time relaxation with respect to validity of SEBI Observations,https://www.sebi.gov.in/legal/circulars/apr-2026/one-time-relaxation-with-respect-to-validity-of-sebi-observations_100786.html,https://www.sebi.gov.in/sebi_data/attachdocs/apr-2026/1775561723309.pdf,data\full_dataset\sebi\circulars\pdf\One-time_relaxation_with_respect_to_validity_of_SEBI_Observations__efe3d702.pdf
"Mar 25, 2026",Clarification regarding eligibility of members of the Institute of Cost Accountants of India to conduct annual audit of Research Analysts,https://www.sebi.gov.in/legal/circulars/mar-2026/clarification-regarding-eligibility-of-members-of-the-institute-of-cost-accountants-of-india-to-conduct-annual-audit-of-research-analysts_100565.html,https://www.sebi.gov.in/sebi_data/attachdocs/mar-2026/1774433908492.pdf,data\full_dataset\sebi\circulars\pdf\Clarification_regarding_eligibility_of_members_of_the_Institute_of_Cost_Accountants_of_India_to_conduct_annual_audit_of_Research_Analysts__44cbfeec.pdf
"Mar 25, 2026",Clarification regarding eligibility of members of the Institute of Cost Accountants of India to conduct annual audit of Investment Advisers,https://www.sebi.gov.in/legal/circulars/mar-2026/clarification-regarding-eligibility-of-members-of-the-institute-of-cost-accountants-of-india-to-conduct-annual-audit-of-investment-advisers_100561.html,https://www.sebi.gov.in/sebi_data/attachdocs/mar-2026/1774433771470.pdf,data\full_dataset\sebi\circulars\pdf\Clarification_regarding_eligibility_of_members_of_the_Institute_of_Cost_Accountants_of_India_to_conduct_annual_audit_of_Investment_Advisers__c3db09b5.pdf
"Mar 25, 2026",Addendum to SEBI Circular on Borrowing by Mutual Funds,https://www.sebi.gov.in/legal/circulars/mar-2026/addendum-to-sebi-circular-on-borrowing-by-mutual-funds_100560.html,https://www.sebi.gov.in/sebi_data/attachdocs/mar-2026/1774433435925.pdf,data\full_dataset\sebi\circulars\pdf\Addendum_to_SEBI_Circular_on_Borrowing_by_Mutual_Funds__1186a2b2.pdf
"Mar 23, 2026",Ease of doing business measures - Relaxations in certain reporting requirements for certain Stock Brokers and doing away with the requirement of reporting of demat account,https://www.sebi.gov.in/legal/circulars/mar-2026/ease-of-doing-business-measures-relaxations-in-certain-reporting-requirements-for-certain-stock-brokers-and-doing-away-with-the-requirement-of-reporting-of-demat-account_100511.html,https://www.sebi.gov.in/sebi_data/attachdocs/mar-2026/1774264133189.pdf,data\full_dataset\sebi\circulars\pdf\Ease_of_doing_business_measures_-_Relaxations_in_certain_reporting_requirements_for_certain_Stock_Brokers_and_doing_away_with_the_requirement_of_repor__1ca6ac0a.pdf
"Mar 16, 2026",Review of Coverage of Settlement Guarantee Fund for Commodity Derivatives Segment,https://www.sebi.gov.in/legal/circulars/mar-2026/review-of-coverage-of-settlement-guarantee-fund-for-commodity-derivatives-segment_100400.html,https://www.sebi.gov.in/sebi_data/attachdocs/mar-2026/1773663743627.pdf,data\full_dataset\sebi\circulars\pdf\Review_of_Coverage_of_Settlement_Guarantee_Fund_for_Commodity_Derivatives_Segment__606a802a.pdf
"Mar 13, 2026",Borrowing by Mutual Funds,https://www.sebi.gov.in/legal/circulars/mar-2026/borrowing-by-mutual-funds_100329.html,https://www.sebi.gov.in/sebi_data/attachdocs/mar-2026/1773399435433.pdf,data\full_dataset\sebi\circulars\pdf\Borrowing_by_Mutual_Funds__1b96b9eb.pdf
"Mar 11, 2026",Ease of Doing Business – Relaxation in certification requirement for Persons Associated with Research Services (PARS) – Sales and other non-core services,https://www.sebi.gov.in/legal/circulars/mar-2026/ease-of-doing-business-relaxation-in-certification-requirement-for-persons-associated-with-research-services-pars-sales-and-other-non-core-services_100249.html,https://www.sebi.gov.in/sebi_data/attachdocs/mar-2026/1773222499084.pdf,data\full_dataset\sebi\circulars\pdf\Ease_of_Doing_Business___Relaxation_in_certification_requirement_for_Persons_Associated_with_Research_Services__PARS____Sales_and_other_non-core_servi__0947af08.pdf
"Mar 06, 2026",Introduction of Voluntary Lock-in / Debit freeze facility to Mutual Fund folios,https://www.sebi.gov.in/legal/circulars/mar-2026/introduction-of-voluntary-lock-in-debit-freeze-facility-to-mutual-fund-folios_100159.html,https://www.sebi.gov.in/sebi_data/attachdocs/mar-2026/1772797023234.pdf,data\full_dataset\sebi\circulars\pdf\Introduction_of_Voluntary_Lock-in___Debit_freeze_facility_to_Mutual_Fund_folios__26a33416.pdf
"Mar 04, 2026",Regulatory Reporting by AIFs,https://www.sebi.gov.in/legal/circulars/mar-2026/regulatory-reporting-by-aifs_100120.html,https://www.sebi.gov.in/sebi_data/attachdocs/mar-2026/1772622793928.pdf,data\full_dataset\sebi\circulars\pdf\Regulatory_Reporting_by_AIFs__375e2f62.pdf
"Mar 04, 2026",Guidelines for Custodians,https://www.sebi.gov.in/legal/circulars/mar-2026/guidelines-for-custodians_100118.html,https://www.sebi.gov.in/sebi_data/attachdocs/mar-2026/1772622419912.pdf,data\full_dataset\sebi\circulars\pdf\Guidelines_for_Custodians__d0b91792.pdf
"Feb 27, 2026",Revised Norms for appointment of an independent third-party reviewer/ certifier for green debt security,https://www.sebi.gov.in/legal/circulars/feb-2026/revised-norms-for-appointment-of-an-independent-third-party-reviewer-certifier-for-green-debt-security_100043.html,https://www.sebi.gov.in/sebi_data/attachdocs/feb-2026/1772193450819.pdf,data\full_dataset\sebi\circulars\pdf\Revised_Norms_for_appointment_of_an_independent_third-party_reviewer__certifier_for_green_debt_security__c9da3944.pdf
"Feb 26, 2026",Ease of Doing Investment (EoDI)- Disclosure of registered name and registration number by SEBI regulated entities and their agents on Social Media Platforms (SMPs),https://www.sebi.gov.in/legal/circulars/feb-2026/ease-of-doing-investment-eodi-disclosure-of-registered-name-and-registration-number-by-sebi-regulated-entities-and-their-agents-on-social-media-platforms-smps-_100005.html,https://www.sebi.gov.in/sebi_data/attachdocs/feb-2026/1772103201432.pdf,data\full_dataset\sebi\circulars\pdf\Ease_of_Doing_Investment__EoDI_-_Disclosure_of_registered_name_and_registration_number_by_SEBI_regulated_entities_and_their_agents_on_Social_Media_Pla__f96c50ff.pdf
"Feb 26, 2026",Valuation of physical Gold and Silver held by mutual fund schemes,https://www.sebi.gov.in/legal/circulars/feb-2026/valuation-of-physical-gold-and-silver-held-by-mutual-fund-schemes_100001.html,https://www.sebi.gov.in/sebi_data/attachdocs/feb-2026/1772102397057.pdf,data\full_dataset\sebi\circulars\pdf\Valuation_of_physical_Gold_and_Silver_held_by_mutual_fund_schemes__ecb6c5ed.pdf
"Feb 26, 2026",Categorization and Rationalization of Mutual Fund Schemes,https://www.sebi.gov.in/legal/circulars/feb-2026/categorization-and-rationalization-of-mutual-fund-schemes_99983.html,https://www.sebi.gov.in/sebi_data/attachdocs/feb-2026/1772079826878.pdf,data\full_dataset\sebi\circulars\pdf\Categorization_and_Rationalization_of_Mutual_Fund_Schemes__fd065b17.pdf
"Feb 17, 2026",Circular on Forms for registration of stock brokers and clearing members,https://www.sebi.gov.in/legal/circulars/feb-2026/circular-on-forms-for-registration-of-stock-brokers-and-clearing-members_99814.html,https://www.sebi.gov.in/sebi_data/attachdocs/feb-2026/1771327465440.pdf,data\full_dataset\sebi\circulars\pdf\Circular_on_Forms_for_registration_of_stock_brokers_and_clearing_members__1512dfa2.pdf
"Feb 11, 2026",Capacity Planning and Real Time Performance Monitoring framework for Commodity Derivatives Segment of Market Infrastructure Institutions (MIIs),https://www.sebi.gov.in/legal/circulars/feb-2026/capacity-planning-and-real-time-performance-monitoring-framework-for-commodity-derivatives-segment-of-market-infrastructure-institutions-miis-_99703.html,https://www.sebi.gov.in/sebi_data/attachdocs/feb-2026/1770810673597.pdf,data\full_dataset\sebi\circulars\pdf\Capacity_Planning_and_Real_Time_Performance_Monitoring_framework_for_Commodity_Derivatives_Segment_of_Market_Infrastructure_Institutions__MIIs___10c65bd9.pdf
"Feb 10, 2026",Obligations on CRAs while undertaking rating of financial instruments falling under the purview of any other Financial Sector Regulator,https://www.sebi.gov.in/legal/circulars/feb-2026/obligations-on-cras-while-undertaking-rating-of-financial-instruments-falling-under-the-purview-of-any-other-financial-sector-regulator_99670.html,https://www.sebi.gov.in/sebi_data/attachdocs/feb-2026/1770724484942.pdf,data\full_dataset\sebi\circulars\pdf\Obligations_on_CRAs_while_undertaking_rating_of_financial_instruments_falling_under_the_purview_of_any_other_Financial_Sector_Regulator__7c86ca85.pdf
"Feb 06, 2026",Reporting of value of units of Alternative Investment Funds (AIFs) to Depositories,https://www.sebi.gov.in/legal/circulars/feb-2026/reporting-of-value-of-units-of-alternative-investment-funds-aifs-to-depositories_99568.html,https://www.sebi.gov.in/sebi_data/attachdocs/feb-2026/1770375004737.pdf,data\full_dataset\sebi\circulars\pdf\Reporting_of_value_of_units_of_Alternative_Investment_Funds__AIFs__to_Depositories__c222c9b8.pdf
"Feb 05, 2026",Creation/Invocation of pledge of securities through depository system.,https://www.sebi.gov.in/legal/circulars/feb-2026/creation-invocation-of-pledge-of-securities-through-depository-system-_99546.html,https://www.sebi.gov.in/sebi_data/attachdocs/feb-2026/1770291682029.pdf,data\full_dataset\sebi\circulars\pdf\Creation_Invocation_of_pledge_of_securities_through_depository_system__ac8ad3b5.pdf
"Feb 05, 2026",Review of Calendar Spread margin benefit in Single stock derivatives on expiry day,https://www.sebi.gov.in/legal/circulars/feb-2026/review-of-calendar-spread-margin-benefit-in-single-stock-derivatives-on-expiry-day_99533.html,https://www.sebi.gov.in/sebi_data/attachdocs/feb-2026/1770288869049.pdf,data\full_dataset\sebi\circulars\pdf\Review_of_Calendar_Spread_margin_benefit_in_Single_stock_derivatives_on_expiry_day__5e42d48c.pdf
"Feb 04, 2026",Revision of Order-to-Trade Ratio (OTR) framework,https://www.sebi.gov.in/legal/circulars/feb-2026/revision-of-order-to-trade-ratio-otr-framework_99501.html,https://www.sebi.gov.in/sebi_data/attachdocs/feb-2026/1770204200812.pdf,data\full_dataset\sebi\circulars\pdf\Revision_of_Order-to-Trade_Ratio__OTR__framework__5c97b954.pdf
"Jan 30, 2026",Ease of Doing Investment and Ease of Doing Business – Doing away with requirement of issuance of Letter of Confirmation (“LOC”) and to effect direct credit of securities in dematerialisation account of the investor,https://www.sebi.gov.in/legal/circulars/jan-2026/ease-of-doing-investment-and-ease-of-doing-business-doing-away-with-requirement-of-issuance-of-letter-of-confirmation-loc-and-to-effect-direct-credit-of-securities-in-dematerialisation-account-o-_99421.html,https://www.sebi.gov.in/sebi_data/attachdocs/jan-2026/1769773760624.pdf,data\full_dataset\sebi\circulars\pdf\Ease_of_Doing_Investment_and_Ease_of_Doing_Business___Doing_away_with_requirement_of_issuance_of_Letter_of_Confirmation__LOC__and_to_effect_direct_cre__57e40003.pdf
"Jan 30, 2026",Ease of Doing Investment – Special Window for Transfer and Dematerialisation of Physical Securities,https://www.sebi.gov.in/legal/circulars/jan-2026/ease-of-doing-investment-special-window-for-transfer-and-dematerialisation-of-physical-securities_99411.html,https://www.sebi.gov.in/sebi_data/attachdocs/jan-2026/1769772850270.pdf,data\full_dataset\sebi\circulars\pdf\Ease_of_Doing_Investment___Special_Window_for_Transfer_and_Dematerialisation_of_Physical_Securities__897531ed.pdf
"Jan 16, 2026",Introduction of Closing Auction Session (CAS) in the Equity Cash     Segment and certain modifications in the Pre-Open Auction Session,https://www.sebi.gov.in/legal/circulars/jan-2026/introduction-of-closing-auction-session-cas-in-the-equity-cash-segment-and-certain-modifications-in-the-pre-open-auction-session_99122.html,https://www.sebi.gov.in/sebi_data/attachdocs/jan-2026/1768576287344.pdf,data\full_dataset\sebi\circulars\pdf\Introduction_of_Closing_Auction_Session__CAS__in_the_Equity_Cash_Segment_and_certain_modifications_in_the_Pre-Open_Auction_Session__cdd88229.pdf
"Jan 16, 2026",Single Window Automatic and Generalised Access for Trusted Foreign Investors (SWAGAT-FI)” framework for FPIs and FVCIs,https://www.sebi.gov.in/legal/circulars/jan-2026/single-window-automatic-and-generalised-access-for-trusted-foreign-investors-swagat-fi-framework-for-fpis-and-fvcis_99107.html,https://www.sebi.gov.in/sebi_data/attachdocs/jan-2026/1768563562814.pdf,data\full_dataset\sebi\circulars\pdf\Single_Window_Automatic_and_Generalised_Access_for_Trusted_Foreign_Investors__SWAGAT-FI__framework_for_FPIs_and_FVCIs__35b7871f.pdf
"Jan 16, 2026",Single Window Automatic and Generalised Access for Trusted Foreign Investors (SWAGAT-FI) framework for FPIs and FVCIs,https://www.sebi.gov.in/legal/circulars/jan-2026/single-window-automatic-and-generalised-access-for-trusted-foreign-investors-swagat-fi-framework-for-fpis-and-fvcis_99106.html,https://www.sebi.gov.in/sebi_data/attachdocs/jan-2026/1768562957757.pdf,data\full_dataset\sebi\circulars\pdf\Single_Window_Automatic_and_Generalised_Access_for_Trusted_Foreign_Investors__SWAGAT-FI__framework_for_FPIs_and_FVCIs__046531bc.pdf
"Jan 09, 2026",Review of Framework to address the ‘technical glitches’ in Stock Brokers’ Electronic Trading Systems,https://www.sebi.gov.in/legal/circulars/jan-2026/review-of-framework-to-address-the-technical-glitches-in-stock-brokers-electronic-trading-systems_99006.html,https://www.sebi.gov.in/sebi_data/attachdocs/jan-2026/1767957683485.pdf,data\full_dataset\sebi\circulars\pdf\Review_of_Framework_to_address_the__technical_glitches__in_Stock_Brokers__Electronic_Trading_Systems__6f9d8010.pdf
"Jan 09, 2026",Simplification of requirements for grant of accreditation to investors,https://www.sebi.gov.in/legal/circulars/jan-2026/simplification-of-requirements-for-grant-of-accreditation-to-investors_99005.html,https://www.sebi.gov.in/sebi_data/attachdocs/jan-2026/1767957421021.pdf,data\full_dataset\sebi\circulars\pdf\Simplification_of_requirements_for_grant_of_accreditation_to_investors__086325c1.pdf
"Jan 08, 2026",Compliance Reporting Formats for Specialized Investment Funds (SIFs),https://www.sebi.gov.in/legal/circulars/jan-2026/compliance-reporting-formats-for-specialized-investment-funds-sifs-_98987.html,https://www.sebi.gov.in/sebi_data/attachdocs/jan-2026/1767870931873.pdf,data\full_dataset\sebi\circulars\pdf\Compliance_Reporting_Formats_for_Specialized_Investment_Funds__SIFs___9b37b9df.pdf
"Jan 07, 2026",Extension of timeline for implementation of additional incentives structure for distributors for onboarding new individual investors from B-30 cities and women investors,https://www.sebi.gov.in/legal/circulars/jan-2026/extension-of-timeline-for-implementation-of-additional-incentives-structure-for-distributors-for-onboarding-new-individual-investors-from-b-30-cities-and-women-investors_98962.html,https://www.sebi.gov.in/sebi_data/attachdocs/jan-2026/1767785053772.pdf,data\full_dataset\sebi\circulars\pdf\Extension_of_timeline_for_implementation_of_additional_incentives_structure_for_distributors_for_onboarding_new_individual_investors_from_B-30_cities___d64a78e1.pdf
"Jan 02, 2026","Specification of the consequential requirements with respect to Amendment of Securities and Exchange Board of India (Merchant Bankers) Regulations, 1992",https://www.sebi.gov.in/legal/circulars/jan-2026/specification-of-the-consequential-requirements-with-respect-to-amendment-of-securities-and-exchange-board-of-india-merchant-bankers-regulations-1992_98831.html,https://www.sebi.gov.in/sebi_data/attachdocs/jan-2026/1767358255887.pdf,data\full_dataset\sebi\circulars\pdf\Specification_of_the_consequential_requirements_with_respect_to_Amendment_of_Securities_and_Exchange_Board_of_India__Merchant_Bankers__Regulations__19__bceb19f6.pdf
"Dec 30, 2025",Certification requirement for Compliance Officers of Managers of AIFs,https://www.sebi.gov.in/legal/circulars/dec-2025/certification-requirement-for-compliance-officers-of-managers-of-aifs_98744.html,https://www.sebi.gov.in/sebi_data/attachdocs/dec-2025/1767092981193.pdf,data\full_dataset\sebi\circulars\pdf\Certification_requirement_for_Compliance_Officers_of_Managers_of_AIFs__285db7da.pdf
"Dec 24, 2025",Ease of doing investment - Review of simplification of procedure and standardization of formats of documents for issuance of duplicate certificates,https://www.sebi.gov.in/legal/circulars/dec-2025/ease-of-doing-investment-review-of-simplification-of-procedure-and-standardization-of-formats-of-documents-for-issuance-of-duplicate-certificates_98668.html,https://www.sebi.gov.in/sebi_data/attachdocs/dec-2025/1766582923860.pdf,data\full_dataset\sebi\circulars\pdf\Ease_of_doing_investment_-_Review_of_simplification_of_procedure_and_standardization_of_formats_of_documents_for_issuance_of_duplicate_certificates__84c6b306.pdf
"Dec 24, 2025",Ease of investments and ease of doing business measures – enhancing the ‘Facility for Basic Services Demat Account (BSDA)’,https://www.sebi.gov.in/legal/circulars/dec-2025/ease-of-investments-and-ease-of-doing-business-measures-enhancing-the-facility-for-basic-services-demat-account-bsda-_98667.html,https://www.sebi.gov.in/sebi_data/attachdocs/dec-2025/1766582690382.pdf,data\full_dataset\sebi\circulars\pdf\Ease_of_investments_and_ease_of_doing_business_measures___enhancing_the__Facility_for_Basic_Services_Demat_Account__BSDA___bd95f321.pdf
"Dec 18, 2025",Modification in the conditions specified for reduction in denomination of debt securities,https://www.sebi.gov.in/legal/circulars/dec-2025/modification-in-the-conditions-specified-for-reduction-in-denomination-of-debt-securities_98463.html,https://www.sebi.gov.in/sebi_data/attachdocs/dec-2025/1766056990922.pdf,data\full_dataset\sebi\circulars\pdf\Modification_in_the_conditions_specified_for_reduction_in_denomination_of_debt_securities__0a5d9120.pdf
"Dec 16, 2025",Mandating periodic disclosure requirements- Securitised Debt Instruments (SDIs),https://www.sebi.gov.in/legal/circulars/dec-2025/mandating-periodic-disclosure-requirements-securitised-debt-instruments-sdis-_98409.html,https://www.sebi.gov.in/sebi_data/attachdocs/dec-2025/1765887715733.pdf,data\full_dataset\sebi\circulars\pdf\Mandating_periodic_disclosure_requirements-_Securitised_Debt_Instruments__SDIs___158c193b.pdf
"Dec 12, 2025",Provisions relating to Strengthening Governance of Market Infrastructure Institutions (MIIs),https://www.sebi.gov.in/legal/circulars/dec-2025/provisions-relating-to-strengthening-governance-of-market-infrastructure-institutions-miis-_98329.html,https://www.sebi.gov.in/sebi_data/attachdocs/dec-2025/1765535283954.pdf,data\full_dataset\sebi\circulars\pdf\Provisions_relating_to_Strengthening_Governance_of_Market_Infrastructure_Institutions__MIIs___15fe59f3.pdf
"Dec 11, 2025","Deferment of timeline for implementation of Phase III of Nomination Circular dated January 10, 2025 read with Circular dated February 28, 2025 and July 30, 2025",https://www.sebi.gov.in/legal/circulars/dec-2025/deferment-of-timeline-for-implementation-of-phase-iii-of-nomination-circular-dated-january-10-2025-read-with-circular-dated-february-28-2025-and-july-30-2025_98314.html,https://www.sebi.gov.in/sebi_data/attachdocs/dec-2025/1765451323097.pdf,data\full_dataset\sebi\circulars\pdf\Deferment_of_timeline_for_implementation_of_Phase_III_of_Nomination_Circular_dated_January_10__2025_read_with_Circular_dated_February_28__2025_and_Jul__3e0c4536.pdf
"Dec 10, 2025",Relaxation on geo tagging requirement in India for NRIs while  undertaking re-KYC,https://www.sebi.gov.in/legal/circulars/dec-2025/relaxation-on-geo-tagging-requirement-in-india-for-nris-while-undertaking-re-kyc_98284.html,https://www.sebi.gov.in/sebi_data/attachdocs/dec-2025/1765366958310.pdf,data\full_dataset\sebi\circulars\pdf\Relaxation_on_geo_tagging_requirement_in_India_for_NRIs_while_undertaking_re-KYC__a82e536f.pdf
"Dec 08, 2025","Modalities for migration to AI only schemes and relaxations to Large Value Funds for Accredited Investors under SEBI (Alternative Investment Funds) Regulations, 2012",https://www.sebi.gov.in/legal/circulars/dec-2025/modalities-for-migration-to-ai-only-schemes-and-relaxations-to-large-value-funds-for-accredited-investors-under-sebi-alternative-investment-funds-regulations-2012_98244.html,https://www.sebi.gov.in/sebi_data/attachdocs/dec-2025/1765194546052.pdf,data\full_dataset\sebi\circulars\pdf\Modalities_for_migration_to_AI_only_schemes_and_relaxations_to_Large_Value_Funds_for_Accredited_Investors_under_SEBI__Alternative_Investment_Funds__Re__ed64d644.pdf
"Dec 08, 2025",Clarification on the Digital Accessibility circulars of SEBI,https://www.sebi.gov.in/legal/circulars/dec-2025/clarification-on-the-digital-accessibility-circulars-of-sebi_98238.html,https://www.sebi.gov.in/sebi_data/attachdocs/dec-2025/1765194149704.pdf,data\full_dataset\sebi\circulars\pdf\Clarification_on_the_Digital_Accessibility_circulars_of_SEBI__3c46dc36.pdf
"Nov 28, 2025",Reclassification of Real Estate Investment Trusts (REITs) as equity related instruments for facilitating enhanced participation by Mutual Funds and Specialized Investment Funds (SIFs),https://www.sebi.gov.in/legal/circulars/nov-2025/reclassification-of-real-estate-investment-trusts-reits-as-equity-related-instruments-for-facilitating-enhanced-participation-by-mutual-funds-and-specialized-investment-funds-sifs-_98031.html,https://www.sebi.gov.in/sebi_data/attachdocs/nov-2025/1764328394148.pdf,data\full_dataset\sebi\circulars\pdf\Reclassification_of_Real_Estate_Investment_Trusts__REITs__as_equity_related_instruments_for_facilitating_enhanced_participation_by_Mutual_Funds_and_Sp__687c357a.pdf
"Nov 27, 2025",Additional incentives to distributors for onboarding new individual investors from B-30 cities and women investors,https://www.sebi.gov.in/legal/circulars/nov-2025/additional-incentives-to-distributors-for-onboarding-new-individual-investors-from-b-30-cities-and-women-investors_98007.html,https://www.sebi.gov.in/sebi_data/attachdocs/nov-2025/1764304839944.pdf,data\full_dataset\sebi\circulars\pdf\Additional_incentives_to_distributors_for_onboarding_new_individual_investors_from_B-30_cities_and_women_investors__f4f72ac9.pdf
"Nov 25, 2025",Specification of the terms and conditions for Debenture Trustees for carrying out activities outside the purview of SEBI,https://www.sebi.gov.in/legal/circulars/nov-2025/specification-of-the-terms-and-conditions-for-debenture-trustees-for-carrying-out-activities-outside-the-purview-of-sebi_97944.html,https://www.sebi.gov.in/sebi_data/attachdocs/nov-2025/1764072855448.pdf,data\full_dataset\sebi\circulars\pdf\Specification_of_the_terms_and_conditions_for_Debenture_Trustees_for_carrying_out_activities_outside_the_purview_of_SEBI__21213375.pdf
"Nov 25, 2025","Modifications to Chapter IV of the Master Circular for Debenture Trustees dated August 13, 2025",https://www.sebi.gov.in/legal/circulars/nov-2025/modifications-to-chapter-iv-of-the-master-circular-for-debenture-trustees-dated-august-13-2025_97943.html,https://www.sebi.gov.in/sebi_data/attachdocs/nov-2025/1764072737631.pdf,data\full_dataset\sebi\circulars\pdf\Modifications_to_Chapter_IV_of_the_Master_Circular_for_Debenture_Trustees_dated_August_13__2025__83773730.pdf
"Nov 25, 2025",Timeline for submission of information by the Issuer to the Debenture Trustee(s),https://www.sebi.gov.in/legal/circulars/nov-2025/timeline-for-submission-of-information-by-the-issuer-to-the-debenture-trustee-s-_97942.html,https://www.sebi.gov.in/sebi_data/attachdocs/nov-2025/1764072664415.pdf,data\full_dataset\sebi\circulars\pdf\Timeline_for_submission_of_information_by_the_Issuer_to_the_Debenture_Trustee_s___77df049e.pdf
"Oct 30, 2025",Implementation of eligibility criteria for derivatives on existing Non-Benchmark Indices,https://www.sebi.gov.in/legal/circulars/oct-2025/implementation-of-eligibility-criteria-for-derivatives-on-existing-non-benchmark-indices_97564.html,https://www.sebi.gov.in/sebi_data/attachdocs/oct-2025/1761883473456.pdf,data\full_dataset\sebi\circulars\pdf\Implementation_of_eligibility_criteria_for_derivatives_on_existing_Non-Benchmark_Indices__e3a8db59.pdf
"Oct 30, 2025",Ease of doing business – Interim arrangement for certified past performance of Investment Advisers and Research Analysts prior to operationalisation of Past Risk and Return Verification Agency (“PaRRVA”),https://www.sebi.gov.in/legal/circulars/oct-2025/ease-of-doing-business-interim-arrangement-for-certified-past-performance-of-investment-advisers-and-research-analysts-prior-to-operationalisation-of-past-risk-and-return-verification-agency-parrv-_97556.html,https://www.sebi.gov.in/sebi_data/attachdocs/oct-2025/1761827106127.pdf,data\full_dataset\sebi\circulars\pdf\Ease_of_doing_business___Interim_arrangement_for_certified_past_performance_of_Investment_Advisers_and_Research_Analysts_prior_to_operationalisation_o__9c7d108d.pdf
"Oct 30, 2025",Ease of doing business measures - Enabling Investment Advisers (“IAs”) to provide second opinion to clients on assets under pre-existing distribution arrangement,https://www.sebi.gov.in/legal/circulars/oct-2025/ease-of-doing-business-measures-enabling-investment-advisers-ias-to-provide-second-opinion-to-clients-on-assets-under-pre-existing-distribution-arrangement_97555.html,https://www.sebi.gov.in/sebi_data/attachdocs/oct-2025/1761826949663.pdf,data\full_dataset\sebi\circulars\pdf\Ease_of_doing_business_measures_-_Enabling_Investment_Advisers__IAs__to_provide_second_opinion_to_clients_on_assets_under_pre-existing_distribution_ar__f32a5bd6.pdf
"Oct 30, 2025",Further extension of timeline for mandatory implementation of systems and processes by Qualified Stock Brokers (QSBs) with respect to T+0 settlement cycle,https://www.sebi.gov.in/legal/circulars/oct-2025/further-extension-of-timeline-for-mandatory-implementation-of-systems-and-processes-by-qualified-stock-brokers-qsbs-with-respect-to-t-0-settlement-cycle_97551.html,https://www.sebi.gov.in/sebi_data/attachdocs/oct-2025/1761825190101.pdf,data\full_dataset\sebi\circulars\pdf\Further_extension_of_timeline_for_mandatory_implementation_of_systems_and_processes_by_Qualified_Stock_Brokers__QSBs__with_respect_to_T_0_settlement_c__a2a5040f.pdf
"Oct 24, 2025",Transfer of portfolios of clients (PMS business) by Portfolio Managers.,https://www.sebi.gov.in/legal/circulars/oct-2025/transfer-of-portfolios-of-clients-pms-business-by-portfolio-managers-_97443.html,https://www.sebi.gov.in/sebi_data/attachdocs/oct-2025/1761301360689.pdf,data\full_dataset\sebi\circulars\pdf\Transfer_of_portfolios_of_clients__PMS_business__by_Portfolio_Managers__8a5a6d35.pdf
"Oct 15, 2025",Relaxation in timeline for disclosure of allocation methodology by Angel Funds,https://www.sebi.gov.in/legal/circulars/oct-2025/relaxation-in-timeline-for-disclosure-of-allocation-methodology-by-angel-funds_97339.html,https://www.sebi.gov.in/sebi_data/attachdocs/oct-2025/1760525216783.pdf,data\full_dataset\sebi\circulars\pdf\Relaxation_in_timeline_for_disclosure_of_allocation_methodology_by_Angel_Funds__4147ce48.pdf
"Oct 13, 2025",Minimum information to be provided to the Audit Committee and Shareholders for approval of Related Party Transactions,https://www.sebi.gov.in/legal/circulars/oct-2025/minimum-information-to-be-provided-to-the-audit-committee-and-shareholders-for-approval-of-related-party-transactions_97281.html,https://www.sebi.gov.in/sebi_data/attachdocs/oct-2025/1760356560260.pdf,data\full_dataset\sebi\circulars\pdf\Minimum_information_to_be_provided_to_the_Audit_Committee_and_Shareholders_for_approval_of_Related_Party_Transactions__bc40c0c1.pdf
"Oct 08, 2025",Review of Block Deal Framework,https://www.sebi.gov.in/legal/circulars/oct-2025/review-of-block-deal-framework_97145.html,https://www.sebi.gov.in/sebi_data/attachdocs/oct-2025/1759928647818.pdf,data\full_dataset\sebi\circulars\pdf\Review_of_Block_Deal_Framework__1f277149.pdf
"Sep 30, 2025","Extension of timeline for implementation of SEBI Circular dated February 04, 2025 on ‘Safer participation of retail investors in Algorithmic trading’",https://www.sebi.gov.in/legal/circulars/sep-2025/extension-of-timeline-for-implementation-of-sebi-circular-dated-february-04-2025-on-safer-participation-of-retail-investors-in-algorithmic-trading-_96979.html,https://www.sebi.gov.in/sebi_data/attachdocs/sep-2025/1759232056254.pdf,data\full_dataset\sebi\circulars\pdf\Extension_of_timeline_for_implementation_of_SEBI_Circular_dated_February_04__2025_on__Safer_participation_of_retail_investors_in_Algorithmic_trading___ac933526.pdf
"Sep 25, 2025","Compliance Guidelines for Digital Accessibility Circular ‘Rights of Persons with Disabilities Act, 2016 and rules made thereunder- mandatory compliance by all Regulated Entities’ dated July 31, 2025 (Circular No. SEBI/HO/ITD-1/ITD_VIAP/P/CIR/2025/111)",https://www.sebi.gov.in/legal/circulars/sep-2025/compliance-guidelines-for-digital-accessibility-circular-rights-of-persons-with-disabilities-act-2016-and-rules-made-thereunder-mandatory-compliance-by-all-regulated-entities-dated-july-31-2025-_96862.html,https://www.sebi.gov.in/sebi_data/attachdocs/sep-2025/1758794128066.pdf,data\full_dataset\sebi\circulars\pdf\Compliance_Guidelines_for_Digital_Accessibility_Circular__Rights_of_Persons_with_Disabilities_Act__2016_and_rules_made_thereunder-_mandatory_complianc__5c39a242.pdf
"Sep 19, 2025",Ease of doing investment - Smooth transmission of securities from Nominee to Legal Heir,https://www.sebi.gov.in/legal/circulars/sep-2025/ease-of-doing-investment-smooth-transmission-of-securities-from-nominee-to-legal-heir_96711.html,https://www.sebi.gov.in/sebi_data/attachdocs/sep-2025/1758282551734.pdf,data\full_dataset\sebi\circulars\pdf\Ease_of_doing_investment_-_Smooth_transmission_of_securities_from_Nominee_to_Legal_Heir__2e8bd925.pdf
"Sep 19, 2025",Framework on Social Stock Exchange,https://www.sebi.gov.in/legal/circulars/sep-2025/framework-on-social-stock-exchange_96702.html,https://www.sebi.gov.in/sebi_data/attachdocs/sep-2025/1758279862071.pdf,data\full_dataset\sebi\circulars\pdf\Framework_on_Social_Stock_Exchange__504f917b.pdf
"Sep 10, 2025",Revised regulatory framework for Angel Funds under AIF Regulations,https://www.sebi.gov.in/legal/circulars/sep-2025/revised-regulatory-framework-for-angel-funds-under-aif-regulations_96553.html,https://www.sebi.gov.in/sebi_data/attachdocs/sep-2025/1757512058388.pdf,data\full_dataset\sebi\circulars\pdf\Revised_regulatory_framework_for_Angel_Funds_under_AIF_Regulations__6fd923f5.pdf
"Sep 10, 2025",Ease of regulatory compliances for FPIs investing only in Government Securities,https://www.sebi.gov.in/legal/circulars/sep-2025/ease-of-regulatory-compliances-for-fpis-investing-only-in-government-securities_96549.html,https://www.sebi.gov.in/sebi_data/attachdocs/sep-2025/1757511993247.pdf,data\full_dataset\sebi\circulars\pdf\Ease_of_regulatory_compliances_for_FPIs_investing_only_in_Government_Securities__78675b3b.pdf
"Sep 09, 2025","Framework for AIFs to make co-investment within the AIF structure under SEBI (Alternative Investment Funds) Regulations, 2012",https://www.sebi.gov.in/legal/circulars/sep-2025/framework-for-aifs-to-make-co-investment-within-the-aif-structure-under-sebi-alternative-investment-funds-regulations-2012_96506.html,https://www.sebi.gov.in/sebi_data/attachdocs/sep-2025/1757430792935.pdf,data\full_dataset\sebi\circulars\pdf\Framework_for_AIFs_to_make_co-investment_within_the_AIF_structure_under_SEBI__Alternative_Investment_Funds__Regulations__2012__cc37cce1.pdf
"Sep 09, 2025",Format of Disclosure Document for Portfolio Managers,https://www.sebi.gov.in/legal/circulars/sep-2025/format-of-disclosure-document-for-portfolio-managers_96479.html,https://www.sebi.gov.in/sebi_data/attachdocs/sep-2025/1757413322022.pdf,data\full_dataset\sebi\circulars\pdf\Format_of_Disclosure_Document_for_Portfolio_Managers__a9e2a8d2.pdf
"Sep 05, 2025",Streamlining of the process for surrender of (Know Your Client) Registration Agency (KRA) registration,https://www.sebi.gov.in/legal/circulars/sep-2025/streamlining-of-the-process-for-surrender-of-know-your-client-registration-agency-kra-registration_96450.html,https://www.sebi.gov.in/sebi_data/attachdocs/sep-2025/1757069267217.pdf,data\full_dataset\sebi\circulars\pdf\Streamlining_of_the_process_for_surrender_of__Know_Your_Client__Registration_Agency__KRA__registration__31a43793.pdf
"Sep 01, 2025",Framework for Intraday Position Limits Monitoring for Equity Index Derivatives,https://www.sebi.gov.in/legal/circulars/sep-2025/framework-for-intraday-position-limits-monitoring-for-equity-index-derivatives_96376.html,https://www.sebi.gov.in/sebi_data/attachdocs/sep-2025/1756745625835.pdf,data\full_dataset\sebi\circulars\pdf\Framework_for_Intraday_Position_Limits_Monitoring_for_Equity_Index_Derivatives__869a0281.pdf
"Aug 29, 2025","Extension of timelines and Update of reporting authority for IAs and RAs w.r.t. SEBI Circular for Compliance to Digital Accessibility Circular ‘Rights of Persons with Disabilities Act, 2016 and rules made thereunder- mandatory compliance by all Regulated Entities’ dated July 31, 2025 (Circular No. SEBI/HO/ITD-1/ITD_VIAP/P/CIR/2025/111)",https://www.sebi.gov.in/legal/circulars/aug-2025/extension-of-timelines-and-update-of-reporting-authority-for-ias-and-ras-w-r-t-sebi-circular-for-compliance-to-digital-accessibility-circular-rights-of-persons-with-disabilities-act-2016-and-rules-_96353.html,https://www.sebi.gov.in/sebi_data/attachdocs/aug-2025/1756462899734.pdf,data\full_dataset\sebi\circulars\pdf\Extension_of_timelines_and_Update_of_reporting_authority_for_IAs_and_RAs_w.r.t._SEBI_Circular_for_Compliance_to_Digital_Accessibility_Circular__Rights__1a1b4bbc.pdf
"Aug 28, 2025",Technical Clarifications to Cybersecurity and Cyber Resilience Framework (CSCRF) for SEBI Regulated Entities (REs),https://www.sebi.gov.in/legal/circulars/aug-2025/technical-clarifications-to-cybersecurity-and-cyber-resilience-framework-cscrf-for-sebi-regulated-entities-res-_96329.html,https://www.sebi.gov.in/sebi_data/attachdocs/aug-2025/1756380695925.pdf,data\full_dataset\sebi\circulars\pdf\Technical_Clarifications_to_Cybersecurity_and_Cyber_Resilience_Framework__CSCRF__for_SEBI_Regulated_Entities__REs___7eb58ae0.pdf
"Aug 26, 2025",Relaxation in the timeline to submit net worth certificate by the Stock Brokers to offer margin trading facility to their clients,https://www.sebi.gov.in/legal/circulars/aug-2025/relaxation-in-the-timeline-to-submit-net-worth-certificate-by-the-stock-brokers-to-offer-margin-trading-facility-to-their-clients_96305.html,https://www.sebi.gov.in/sebi_data/attachdocs/aug-2025/1756210332904.pdf,data\full_dataset\sebi\circulars\pdf\Relaxation_in_the_timeline_to_submit_net_worth_certificate_by_the_Stock_Brokers_to_offer_margin_trading_facility_to_their_clients__eadba134.pdf
"Aug 18, 2025","Extension of timeline for implementation of SEBI Circular ‘Margin obligations to be given by way of pledge/Re-pledge in the Depository System’ dated June 03, 2025",https://www.sebi.gov.in/legal/circulars/aug-2025/extension-of-timeline-for-implementation-of-sebi-circular-margin-obligations-to-be-given-by-way-of-pledge-re-pledge-in-the-depository-system-dated-june-03-2025_96126.html,https://www.sebi.gov.in/sebi_data/attachdocs/aug-2025/1755513146159.pdf,data\full_dataset\sebi\circulars\pdf\Extension_of_timeline_for_implementation_of_SEBI_Circular__Margin_obligations_to_be_given_by_way_of_pledge_Re-pledge_in_the_Depository_System__dated_J__2efb5597.pdf
"Aug 12, 2025",Use of liquid mutual funds and overnight mutual funds for compliance with deposit requirement by Investment Advisers and Research Analysts,https://www.sebi.gov.in/legal/circulars/aug-2025/use-of-liquid-mutual-funds-and-overnight-mutual-funds-for-compliance-with-deposit-requirement-by-investment-advisers-and-research-analysts_96052.html,https://www.sebi.gov.in/sebi_data/attachdocs/aug-2025/1755059381537.pdf,data\full_dataset\sebi\circulars\pdf\Use_of_liquid_mutual_funds_and_overnight_mutual_funds_for_compliance_with_deposit_requirement_by_Investment_Advisers_and_Research_Analysts__f7e73157.pdf
"Aug 08, 2025",Transaction charges paid to Mutual Fund Distributors,https://www.sebi.gov.in/legal/circulars/aug-2025/transaction-charges-paid-to-mutual-fund-distributors_95950.html,https://www.sebi.gov.in/sebi_data/attachdocs/aug-2025/1754653881911.pdf,data\full_dataset\sebi\circulars\pdf\Transaction_charges_paid_to_Mutual_Fund_Distributors__9d961348.pdf
"Aug 08, 2025",Review of Framework for conversion of Private Listed InvIT into Public InvIT,https://www.sebi.gov.in/legal/circulars/aug-2025/review-of-framework-for-conversion-of-private-listed-invit-into-public-invit_95943.html,https://www.sebi.gov.in/sebi_data/attachdocs/aug-2025/1754644766404.pdf,data\full_dataset\sebi\circulars\pdf\Review_of_Framework_for_conversion_of_Private_Listed_InvIT_into_Public_InvIT__eb510391.pdf
"Aug 07, 2025",Ease of doing business (EODB) - Policy for joint annual inspection by MIIs – information sharing mechanism– action by Lead MII,https://www.sebi.gov.in/legal/circulars/aug-2025/ease-of-doing-business-eodb-policy-for-joint-annual-inspection-by-miis-information-sharing-mechanism-action-by-lead-mii_95897.html,https://www.sebi.gov.in/sebi_data/attachdocs/aug-2025/1754563582805.pdf,data\full_dataset\sebi\circulars\pdf\Ease_of_doing_business__EODB__-_Policy_for_joint_annual_inspection_by_MIIs___information_sharing_mechanism__action_by_Lead_MII__6e4c5961.pdf
"Aug 05, 2025","Review, Appeal or Waiver of penalty requests emanating out of actions taken by the Member Committee",https://www.sebi.gov.in/legal/circulars/aug-2025/review-appeal-or-waiver-of-penalty-requests-emanating-out-of-actions-taken-by-the-member-committee_95840.html,https://www.sebi.gov.in/sebi_data/attachdocs/aug-2025/1754395902917.pdf,data\full_dataset\sebi\circulars\pdf\Review__Appeal_or_Waiver_of_penalty_requests_emanating_out_of_actions_taken_by_the_Member_Committee__f4cb6195.pdf
"Jul 31, 2025","Rights of Persons with Disabilities Act, 2016 and rules made thereunder- mandatory compliance by all Regulated Entities",https://www.sebi.gov.in/legal/circulars/jul-2025/rights-of-persons-with-disabilities-act-2016-and-rules-made-thereunder-mandatory-compliance-by-all-regulated-entities_95745.html,https://www.sebi.gov.in/sebi_data/attachdocs/aug-2025/1754651443956.pdf,data\full_dataset\sebi\circulars\pdf\Rights_of_Persons_with_Disabilities_Act__2016_and_rules_made_thereunder-_mandatory_compliance_by_all_Regulated_Entities__6a7d06c2.pdf
"Jul 30, 2025","Extension of timeline for implementation of Phase II & III of Nomination Circular dated January 10, 2025 read with Circular dated February 28, 2025",https://www.sebi.gov.in/legal/circulars/jul-2025/extension-of-timeline-for-implementation-of-phase-ii-and-iii-of-nomination-circular-dated-january-10-2025-read-with-circular-dated-february-28-2025_95715.html,https://www.sebi.gov.in/sebi_data/attachdocs/jul-2025/1753876405008.pdf,data\full_dataset\sebi\circulars\pdf\Extension_of_timeline_for_implementation_of_Phase_II___III_of_Nomination_Circular_dated_January_10__2025_read_with_Circular_dated_February_28__2025__216920f9.pdf
"Jul 29, 2025",Operational Efficiency in Monitoring of Non-Resident Indians (NRIs) Position Limits in Exchange Traded Derivatives Contracts - Ease of Doing Investment,https://www.sebi.gov.in/legal/circulars/jul-2025/operational-efficiency-in-monitoring-of-non-resident-indians-nris-position-limits-in-exchange-traded-derivatives-contracts-ease-of-doing-investment_95679.html,https://www.sebi.gov.in/sebi_data/attachdocs/jul-2025/1753787352730.pdf,data\full_dataset\sebi\circulars\pdf\Operational_Efficiency_in_Monitoring_of_Non-Resident_Indians__NRIs__Position_Limits_in_Exchange_Traded_Derivatives_Contracts_-_Ease_of_Doing_Investmen__3f7e99b5.pdf
"Jul 29, 2025","Extension of timeline for implementation of SEBI Circular SEBI/HO/MIRSD/MIRSD-PoD/P/CIR/2025/0000013 dated February 04, 2025",https://www.sebi.gov.in/legal/circulars/jul-2025/extension-of-timeline-for-implementation-of-sebi-circular-sebi-ho-mirsd-mirsd-pod-p-cir-2025-0000013-dated-february-04-2025_95677.html,https://www.sebi.gov.in/sebi_data/attachdocs/jul-2025/1753786452703.pdf,data\full_dataset\sebi\circulars\pdf\Extension_of_timeline_for_implementation_of_SEBI_Circular_SEBI_HO_MIRSD_MIRSD-PoD_P_CIR_2025_0000013_dated_February_04__2025__09a5c4cf.pdf
"Jul 29, 2025",Monitoring of Minimum Investment Threshold under Specialized Investment Funds (SIF),https://www.sebi.gov.in/legal/circulars/jul-2025/monitoring-of-minimum-investment-threshold-under-specialized-investment-funds-sif-_95676.html,https://www.sebi.gov.in/sebi_data/attachdocs/jul-2025/1753783478291.pdf,data\full_dataset\sebi\circulars\pdf\Monitoring_of_Minimum_Investment_Threshold_under_Specialized_Investment_Funds__SIF___87da15bc.pdf
"Jul 23, 2025",Frequently Asked Questions (FAQs) related to regulatory provisions for Research Analysts,https://www.sebi.gov.in/legal/circulars/jul-2025/frequently-asked-questions-faqs-related-to-regulatory-provisions-for-research-analysts_95549.html,https://www.sebi.gov.in/sebi_data/attachdocs/jul-2025/1753268710217.pdf,data\full_dataset\sebi\circulars\pdf\Frequently_Asked_Questions__FAQs__related_to_regulatory_provisions_for_Research_Analysts__81f6b40b.pdf
"Jul 02, 2025",Ease of Doing Investment - Special Window for Re-lodgement of Transfer Requests of Physical Shares,https://www.sebi.gov.in/legal/circulars/jul-2025/ease-of-doing-investment-special-window-for-re-lodgement-of-transfer-requests-of-physical-shares_94973.html,https://www.sebi.gov.in/sebi_data/attachdocs/jul-2025/1751451299336.pdf,data\full_dataset\sebi\circulars\pdf\Ease_of_Doing_Investment_-_Special_Window_for_Re-lodgement_of_Transfer_Requests_of_Physical_Shares__fc0ddf16.pdf
"Jun 30, 2025",Extension towards Adoption and Implementation of Cybersecurity and Cyber Resilience Framework (CSCRF) for SEBI Regulated Entities (REs),https://www.sebi.gov.in/legal/circulars/jun-2025/extension-towards-adoption-and-implementation-of-cybersecurity-and-cyber-resilience-framework-cscrf-for-sebi-regulated-entities-res-_94902.html,https://www.sebi.gov.in/sebi_data/attachdocs/jun-2025/1751286353420.pdf,data\full_dataset\sebi\circulars\pdf\Extension_towards_Adoption_and_Implementation_of_Cybersecurity_and_Cyber_Resilience_Framework__CSCRF__for_SEBI_Regulated_Entities__REs___1cfe435d.pdf
"Jun 26, 2025",Industry Standards on “Minimum information to be provided to the Audit Committee and Shareholders for approval of Related Party Transactions”,https://www.sebi.gov.in/legal/circulars/jun-2025/industry-standards-on-minimum-information-to-be-provided-to-the-audit-committee-and-shareholders-for-approval-of-related-party-transactions-_94809.html,https://www.sebi.gov.in/sebi_data/attachdocs/jun-2025/1750948720659.pdf,data\full_dataset\sebi\circulars\pdf\Industry_Standards_on__Minimum_information_to_be_provided_to_the_Audit_Committee_and_Shareholders_for_approval_of_Related_Party_Transactions___d85e553f.pdf
"Jun 26, 2025",Timelines for rebalancing of portfolios of mutual fund schemes in cases of all passive breaches,https://www.sebi.gov.in/legal/circulars/jun-2025/timelines-for-rebalancing-of-portfolios-of-mutual-fund-schemes-in-cases-of-all-passive-breaches_94804.html,https://www.sebi.gov.in/sebi_data/attachdocs/jun-2025/1750938257248.pdf,data\full_dataset\sebi\circulars\pdf\Timelines_for_rebalancing_of_portfolios_of_mutual_fund_schemes_in_cases_of_all_passive_breaches__96231593.pdf
"Jun 12, 2025",Investor Charter Infrastructure Investment Trusts (InvITs),https://www.sebi.gov.in/legal/circulars/jun-2025/investor-charter-infrastructure-investment-trusts-invits-_94557.html,https://www.sebi.gov.in/sebi_data/attachdocs/jun-2025/1749727622982.PDF,data\full_dataset\sebi\circulars\pdf\Investor_Charter_Infrastructure_Investment_Trusts__InvITs___6cd9c03d.pdf
"Jun 12, 2025",Investor Charter Real Estate Investment Trusts (REITs),https://www.sebi.gov.in/legal/circulars/jun-2025/investor-charter-real-estate-investment-trusts-reits-_94555.html,https://www.sebi.gov.in/sebi_data/attachdocs/jun-2025/1749727433120.PDF,data\full_dataset\sebi\circulars\pdf\Investor_Charter_Real_Estate_Investment_Trusts__REITs___86a64f49.pdf
"Jun 12, 2025",Review of provisions relating to Product Advisory Committee (PAC),https://www.sebi.gov.in/legal/circulars/jun-2025/review-of-provisions-relating-to-product-advisory-committee-pac-_94554.html,https://www.sebi.gov.in/sebi_data/attachdocs/jun-2025/1749726843164.pdf,data\full_dataset\sebi\circulars\pdf\Review_of_provisions_relating_to_Product_Advisory_Committee__PAC___2747b178.pdf
"Jun 11, 2025","Adoption of Standardised, Validated and Exclusive UPI IDs for Payment Collection by SEBI Registered Intermediaries from Investors",https://www.sebi.gov.in/legal/circulars/jun-2025/adoption-of-standardised-validated-and-exclusive-upi-ids-for-payment-collection-by-sebi-registered-intermediaries-from-investors_94535.html,https://www.sebi.gov.in/sebi_data/attachdocs/jun-2025/1749641449497.pdf,data\full_dataset\sebi\circulars\pdf\Adoption_of_Standardised__Validated_and_Exclusive_UPI_IDs_for_Payment_Collection_by_SEBI_Registered_Intermediaries_from_Investors__b40787b9.pdf
"Jun 06, 2025","Extension of timeline of additional liquidation period for VCFs migrating to SEBI (Alternative Investment Funds) Regulations, 2012",https://www.sebi.gov.in/legal/circulars/jun-2025/extension-of-timeline-of-additional-liquidation-period-for-vcfs-migrating-to-sebi-alternative-investment-funds-regulations-2012_94433.html,https://www.sebi.gov.in/sebi_data/attachdocs/jun-2025/1749532586359.pdf,data\full_dataset\sebi\circulars\pdf\Extension_of_timeline_of_additional_liquidation_period_for_VCFs_migrating_to_SEBI__Alternative_Investment_Funds__Regulations__2012__8047fb8f.pdf
"Jun 05, 2025","Framework for Environment, Social and Governance (ESG) Debt Securities (other than green debt securities)",https://www.sebi.gov.in/legal/circulars/jun-2025/framework-for-environment-social-and-governance-esg-debt-securities-other-than-green-debt-securities-_94424.html,https://www.sebi.gov.in/sebi_data/attachdocs/jun-2025/1749120913845.pdf,data\full_dataset\sebi\circulars\pdf\Framework_for_Environment__Social_and_Governance__ESG__Debt_Securities__other_than_green_debt_securities___3c8ed94c.pdf
"Jun 05, 2025","Limited relaxation from compliance with certain provisions of the SEBI (Listing Obligations and Disclosure Requirements) Regulations, 2015",https://www.sebi.gov.in/legal/circulars/jun-2025/limited-relaxation-from-compliance-with-certain-provisions-of-the-sebi-listing-obligations-and-disclosure-requirements-regulations-2015_94423.html,https://www.sebi.gov.in/sebi_data/attachdocs/jun-2025/1749120408803.pdf,data\full_dataset\sebi\circulars\pdf\Limited_relaxation_from_compliance_with_certain_provisions_of_the_SEBI__Listing_Obligations_and_Disclosure_Requirements__Regulations__2015__24199d99.pdf
"Jun 03, 2025",Margin obligations to be given by way of Pledge/Re-pledge in the Depository System,https://www.sebi.gov.in/legal/circulars/jun-2025/margin-obligations-to-be-given-by-way-of-pledge-re-pledge-in-the-depository-system_94363.html,https://www.sebi.gov.in/sebi_data/attachdocs/jun-2025/1748947174736.pdf,data\full_dataset\sebi\circulars\pdf\Margin_obligations_to_be_given_by_way_of_Pledge_Re-pledge_in_the_Depository_System__8e37ee5e.pdf
"Jun 02, 2025",Investor Charter for Research Analysts,https://www.sebi.gov.in/legal/circulars/jun-2025/investor-charter-for-research-analysts_94355.html,https://www.sebi.gov.in/sebi_data/attachdocs/jun-2025/1748864324710.pdf,data\full_dataset\sebi\circulars\pdf\Investor_Charter_for_Research_Analysts__83487e43.pdf
"Jun 02, 2025",Investor Charter for Investment Advisers,https://www.sebi.gov.in/legal/circulars/jun-2025/investor-charter-for-investment-advisers_94354.html,https://www.sebi.gov.in/sebi_data/attachdocs/jun-2025/1748863758785.pdf,data\full_dataset\sebi\circulars\pdf\Investor_Charter_for_Investment_Advisers__523185ba.pdf
"May 29, 2025",Measures for Enhancing Trading Convenience and Strengthening Risk Monitoring in Equity Derivatives,https://www.sebi.gov.in/legal/circulars/may-2025/measures-for-enhancing-trading-convenience-and-strengthening-risk-monitoring-in-equity-derivatives_94293.html,https://www.sebi.gov.in/sebi_data/attachdocs/may-2025/1748521484014.pdf,data\full_dataset\sebi\circulars\pdf\Measures_for_Enhancing_Trading_Convenience_and_Strengthening_Risk_Monitoring_in_Equity_Derivatives__44034647.pdf
"May 26, 2025",Final Settlement Day (Expiry Day) for Equity Derivatives Contracts,https://www.sebi.gov.in/legal/circulars/may-2025/final-settlement-day-expiry-day-for-equity-derivatives-contracts_94189.html,https://www.sebi.gov.in/sebi_data/attachdocs/may-2025/1748266377271.pdf,data\full_dataset\sebi\circulars\pdf\Final_Settlement_Day__Expiry_Day__for_Equity_Derivatives_Contracts__e4e2b45a.pdf
"May 26, 2025","Process for appointment, re-appointment, termination or acceptance of resignation of specific KMPs of an MII and Cooling-off period for KMPs of an MII joining a competing MII and provisions relating to re-appointment of PIDs",https://www.sebi.gov.in/legal/circulars/may-2025/process-for-appointment-re-appointment-termination-or-acceptance-of-resignation-of-specific-kmps-of-an-mii-and-cooling-off-period-for-kmps-of-an-mii-joining-a-competing-mii-and-provisions-relating-t-_94188.html,https://www.sebi.gov.in/sebi_data/attachdocs/may-2025/1748262877310.pdf,data\full_dataset\sebi\circulars\pdf\Process_for_appointment__re-appointment__termination_or_acceptance_of_resignation_of_specific_KMPs_of_an_MII_and_Cooling-off_period_for_KMPs_of_an_MII__213af749.pdf
"May 23, 2025",Accessibility and Inclusiveness of Digital KYC to Persons with Disabilities,https://www.sebi.gov.in/legal/circulars/may-2025/accessibility-and-inclusiveness-of-digital-kyc-to-persons-with-disabilities_94096.html,https://www.sebi.gov.in/sebi_data/attachdocs/may-2025/1747997892918.pdf,data\full_dataset\sebi\circulars\pdf\Accessibility_and_Inclusiveness_of_Digital_KYC_to_Persons_with_Disabilities__7704d371.pdf
"May 19, 2025",Norms for Internal Audit Mechanism and composition of the Audit Committee of Market Infrastructure Institutions,https://www.sebi.gov.in/legal/circulars/may-2025/norms-for-internal-audit-mechanism-and-composition-of-the-audit-committee-of-market-infrastructure-institutions_94030.html,https://www.sebi.gov.in/sebi_data/attachdocs/may-2025/1747655007246.pdf,data\full_dataset\sebi\circulars\pdf\Norms_for_Internal_Audit_Mechanism_and_composition_of_the_Audit_Committee_of_Market_Infrastructure_Institutions__1c8cf1f4.pdf
"May 16, 2025",Review of provisions pertaining to Electronic Book Provider (EBP) platform to increase its efficacy and utility,https://www.sebi.gov.in/legal/circulars/may-2025/review-of-provisions-pertaining-to-electronic-book-provider-ebp-platform-to-increase-its-efficacy-and-utility_94020.html,https://www.sebi.gov.in/sebi_data/attachdocs/may-2025/1747411344285.PDF,data\full_dataset\sebi\circulars\pdf\Review_of_provisions_pertaining_to_Electronic_Book_Provider__EBP__platform_to_increase_its_efficacy_and_utility__5c14cb56.pdf
"May 16, 2025","Extension of timeline for implementation of provisions of SEBI circular dated December 17, 2024 on Measures to address regulatory arbitrage with respect to Offshore Derivative Instruments (ODIs) and FPIs with segregated portfolios vis-à-vis FPIs",https://www.sebi.gov.in/legal/circulars/may-2025/extension-of-timeline-for-implementation-of-provisions-of-sebi-circular-dated-december-17-2024-on-measures-to-address-regulatory-arbitrage-with-respect-to-offshore-derivative-instruments-odis-and-f-_93980.html,https://www.sebi.gov.in/sebi_data/attachdocs/may-2025/1747387829929.pdf,data\full_dataset\sebi\circulars\pdf\Extension_of_timeline_for_implementation_of_provisions_of_SEBI_circular_dated_December_17__2024_on_Measures_to_address_regulatory_arbitrage_with_respe__a4df6a8e.pdf
"May 15, 2025",Rating of Municipal Bonds on the Expected Loss (EL) based Rating Scale,https://www.sebi.gov.in/legal/circulars/may-2025/rating-of-municipal-bonds-on-the-expected-loss-el-based-rating-scale_93945.html,https://www.sebi.gov.in/sebi_data/attachdocs/may-2025/1747308619782.pdf,data\full_dataset\sebi\circulars\pdf\Rating_of_Municipal_Bonds_on_the_Expected_Loss__EL__based_Rating_Scale__7858cd67.pdf
"May 14, 2025",Investor Charter for Registrars to an Issue and Share Transfer Agents (RTAs),https://www.sebi.gov.in/legal/circulars/may-2025/investor-charter-for-registrars-to-an-issue-and-share-transfer-agents-rtas-_93919.html,https://www.sebi.gov.in/sebi_data/attachdocs/may-2025/1747210157307.pdf,data\full_dataset\sebi\circulars\pdf\Investor_Charter_for_Registrars_to_an_Issue_and_Share_Transfer_Agents__RTAs___4cd092a1.pdf
"May 14, 2025",Composition of the Internal Audit team for CRAs,https://www.sebi.gov.in/legal/circulars/may-2025/composition-of-the-internal-audit-team-for-cras_93917.html,https://www.sebi.gov.in/sebi_data/attachdocs/may-2025/1747209807999.pdf,data\full_dataset\sebi\circulars\pdf\Composition_of_the_Internal_Audit_team_for_CRAs__222d1c36.pdf
"May 13, 2025",Simplification of operational process and clarifying regarding the cash flow disclosure in Corporate Bond Database pursuant to review of Request for Quote (RFQ) Platform framework.,https://www.sebi.gov.in/legal/circulars/may-2025/simplification-of-operational-process-and-clarifying-regarding-the-cash-flow-disclosure-in-corporate-bond-database-pursuant-to-review-of-request-for-quote-rfq-platform-framework-_94018.html,https://www.sebi.gov.in/sebi_data/attachdocs/may-2025/1747410005828.pdf,data\full_dataset\sebi\circulars\pdf\Simplification_of_operational_process_and_clarifying_regarding_the_cash_flow_disclosure_in_Corporate_Bond_Database_pursuant_to_review_of_Request_for_Q__c257efc7.pdf
"May 13, 2025",Extension of timeline for complying with the certification requirement for the key investment team of the Manager of AIF,https://www.sebi.gov.in/legal/circulars/may-2025/extension-of-timeline-for-complying-with-the-certification-requirement-for-the-key-investment-team-of-the-manager-of-aif_93904.html,https://www.sebi.gov.in/sebi_data/attachdocs/may-2025/1747144752489.pdf,data\full_dataset\sebi\circulars\pdf\Extension_of_timeline_for_complying_with_the_certification_requirement_for_the_key_investment_team_of_the_Manager_of_AIF__bae33bd6.pdf
"May 07, 2025","Review of - (a) disclosure of financial information in offer document, and (b) continuous disclosures and compliances by Real Estate Investment Trusts (REITs)",https://www.sebi.gov.in/legal/circulars/may-2025/review-of-a-disclosure-of-financial-information-in-offer-document-and-b-continuous-disclosures-and-compliances-by-real-estate-investment-trusts-reits-_93837.html,https://www.sebi.gov.in/sebi_data/attachdocs/may-2025/1746617164275.pdf,data\full_dataset\sebi\circulars\pdf\Review_of_-__a__disclosure_of_financial_information_in_offer_document__and__b__continuous_disclosures_and_compliances_by_Real_Estate_Investment_Trusts__a2e52160.pdf
"May 07, 2025","Review of - (a) disclosure of financial information in offer document / placement memorandum, and (b) continuous disclosures and compliances by Infrastructure Investment Trusts (InvITs)",https://www.sebi.gov.in/legal/circulars/may-2025/review-of-a-disclosure-of-financial-information-in-offer-document-placement-memorandum-and-b-continuous-disclosures-and-compliances-by-infrastructure-investment-trusts-invits-_93835.html,https://www.sebi.gov.in/sebi_data/attachdocs/may-2025/1746616762218.pdf,data\full_dataset\sebi\circulars\pdf\Review_of_-__a__disclosure_of_financial_information_in_offer_document___placement_memorandum__and__b__continuous_disclosures_and_compliances_by_Infras__d23c5cef.pdf
"May 06, 2025",Publishing Investor Charter for KYC (Know Your Client) Registration Agencies (KRAs) on their Websites.,https://www.sebi.gov.in/legal/circulars/may-2025/publishing-investor-charter-for-kyc-know-your-client-registration-agencies-kras-on-their-websites-_93811.html,https://www.sebi.gov.in/sebi_data/attachdocs/may-2025/1746528880449.pdf,data\full_dataset\sebi\circulars\pdf\Publishing_Investor_Charter_for_KYC__Know_Your_Client__Registration_Agencies__KRAs__on_their_Websites__d51f5613.pdf
"May 02, 2025",Measure for Ease of Doing Business - Facilitation to SEBI registered Stock Brokers to undertake securities market related activities in Gujarat International Finance Tech-city - International Financial Services Centre (GIFT-IFSC) under a Separate Business Unit (SBU),https://www.sebi.gov.in/legal/circulars/may-2025/measure-for-ease-of-doing-business-facilitation-to-sebi-registered-stock-brokers-to-undertake-securities-market-related-activities-in-gujarat-international-finance-tech-city-international-financia-_93775.html,https://www.sebi.gov.in/sebi_data/attachdocs/may-2025/1746188950187.pdf,data\full_dataset\sebi\circulars\pdf\Measure_for_Ease_of_Doing_Business_-_Facilitation_to_SEBI_registered_Stock_Brokers_to_undertake_securities_market_related_activities_in_Gujarat_Intern__39d7c401.pdf
"Apr 30, 2025",Clarifications to Cybersecurity and Cyber Resilience Framework (CSCRF) for SEBI Regulated Entities (REs),https://www.sebi.gov.in/legal/circulars/apr-2025/clarifications-to-cybersecurity-and-cyber-resilience-framework-cscrf-for-sebi-regulated-entities-res-_93734.html,https://www.sebi.gov.in/sebi_data/attachdocs/apr-2025/1746016112057.pdf,data\full_dataset\sebi\circulars\pdf\Clarifications_to_Cybersecurity_and_Cyber_Resilience_Framework__CSCRF__for_SEBI_Regulated_Entities__REs___bd7105a2.pdf
"Apr 29, 2025",Clarificatory and Procedural changes to aid and strengthen ESG Rating Providers (ERPs),https://www.sebi.gov.in/legal/circulars/apr-2025/clarificatory-and-procedural-changes-to-aid-and-strengthen-esg-rating-providers-erps-_93704.html,https://www.sebi.gov.in/sebi_data/attachdocs/apr-2025/1745927430501.pdf,data\full_dataset\sebi\circulars\pdf\Clarificatory_and_Procedural_changes_to_aid_and_strengthen_ESG_Rating_Providers__ERPs___19c9791e.pdf
"Apr 29, 2025","Extension of timeline for implementation of provisions of SEBI Circular dated December 10, 2024, on optional T+0 settlement cycle for Qualified Stock Brokers (QSBs)",https://www.sebi.gov.in/legal/circulars/apr-2025/extension-of-timeline-for-implementation-of-provisions-of-sebi-circular-dated-december-10-2024-on-optional-t-0-settlement-cycle-for-qualified-stock-brokers-qsbs-_93702.html,https://www.sebi.gov.in/sebi_data/attachdocs/apr-2025/1745926772451.pdf,data\full_dataset\sebi\circulars\pdf\Extension_of_timeline_for_implementation_of_provisions_of_SEBI_Circular_dated_December_10__2024__on_optional_T_0_settlement_cycle_for_Qualified_Stock___a8e92f57.pdf
"Apr 28, 2025",Timelines for collection of Margins other than Upfront Margins – Alignment to settlement cycle,https://www.sebi.gov.in/legal/circulars/apr-2025/timelines-for-collection-of-margins-other-than-upfront-margins-alignment-to-settlement-cycle_93685.html,https://www.sebi.gov.in/sebi_data/attachdocs/apr-2025/1745841522548.pdf,data\full_dataset\sebi\circulars\pdf\Timelines_for_collection_of_Margins_other_than_Upfront_Margins___Alignment_to_settlement_cycle__3d66bd3b.pdf
"Apr 22, 2025",Change in cut-off timings to determine applicable NAV with respect  to repurchase/ redemption of units in overnight schemes of Mutual Funds,https://www.sebi.gov.in/legal/circulars/apr-2025/change-in-cut-off-timings-to-determine-applicable-nav-with-respect-to-repurchase-redemption-of-units-in-overnight-schemes-of-mutual-funds_93541.html,https://www.sebi.gov.in/sebi_data/attachdocs/apr-2025/1745324364753.pdf,data\full_dataset\sebi\circulars\pdf\Change_in_cut-off_timings_to_determine_applicable_NAV_with_respect_to_repurchase__redemption_of_units_in_overnight_schemes_of_Mutual_Funds__114f867b.pdf
"Apr 11, 2025",Specialized Investment Funds (‘SIF’) – Application and Investment  Strategy Information Document (ISID) formats,https://www.sebi.gov.in/legal/circulars/apr-2025/specialized-investment-funds-sif-application-and-investment-strategy-information-document-isid-formats_93442.html,https://www.sebi.gov.in/sebi_data/attachdocs/apr-2025/1744373409619.PDF,data\full_dataset\sebi\circulars\pdf\Specialized_Investment_Funds__SIF____Application_and_Investment_Strategy_Information_Document__ISID__formats__863eeb84.pdf
"Apr 09, 2025",Clarification on Regulatory framework for Specialized Investment Funds (‘SIF’),https://www.sebi.gov.in/legal/circulars/apr-2025/clarification-on-regulatory-framework-for-specialized-investment-funds-sif-_93401.html,https://www.sebi.gov.in/sebi_data/attachdocs/apr-2025/1744374025785.pdf,data\full_dataset\sebi\circulars\pdf\Clarification_on_Regulatory_framework_for_Specialized_Investment_Funds__SIF___d2978a78.pdf
"Apr 09, 2025",Amendment to Circular for mandating additional disclosures by FPIs that fulfil certain objective criteria,https://www.sebi.gov.in/legal/circulars/apr-2025/amendment-to-circular-for-mandating-additional-disclosures-by-fpis-that-fulfil-certain-objective-criteria_93399.html,https://www.sebi.gov.in/sebi_data/attachdocs/apr-2025/1744197105280.pdf,data\full_dataset\sebi\circulars\pdf\Amendment_to_Circular_for_mandating_additional_disclosures_by_FPIs_that_fulfil_certain_objective_criteria__8b05e85c.pdf
"Apr 04, 2025",Standardized format for System and Network audit report of Market Infrastructure Institutions(MIIs),https://www.sebi.gov.in/legal/circulars/apr-2025/standardized-format-for-system-and-network-audit-report-of-market-infrastructure-institutions-miis-_93324.html,https://www.sebi.gov.in/sebi_data/attachdocs/apr-2025/1743762107781.pdf,data\full_dataset\sebi\circulars\pdf\Standardized_format_for_System_and_Network_audit_report_of_Market_Infrastructure_Institutions_MIIs___cbd0fc6c.pdf
"Apr 04, 2025",Recognition and operationalization of Past Risk and Return Verification Agency (PaRRVA),https://www.sebi.gov.in/legal/circulars/apr-2025/recognition-and-operationalization-of-past-risk-and-return-verification-agency-parrva-_93321.html,https://www.sebi.gov.in/sebi_data/attachdocs/apr-2025/1743761581547.pdf,data\full_dataset\sebi\circulars\pdf\Recognition_and_operationalization_of_Past_Risk_and_Return_Verification_Agency__PaRRVA___9c2f6114.pdf
"Apr 02, 2025",Relaxation of provision of advance fee restrictions in case of Investment Advisers and Research Analysts,https://www.sebi.gov.in/legal/circulars/apr-2025/relaxation-of-provision-of-advance-fee-restrictions-in-case-of-investment-advisers-and-research-analysts_93251.html,https://www.sebi.gov.in/sebi_data/attachdocs/apr-2025/1743595614193.pdf,data\full_dataset\sebi\circulars\pdf\Relaxation_of_provision_of_advance_fee_restrictions_in_case_of_Investment_Advisers_and_Research_Analysts__0ca1970c.pdf
"Apr 01, 2025","Clarification on the position of Compliance Officer in terms of regulation 6 of the SEBI (Listing Obligations and Disclosure Requirements) Regulations, 2015",https://www.sebi.gov.in/legal/circulars/apr-2025/clarification-on-the-position-of-compliance-officer-in-terms-of-regulation-6-of-the-sebi-listing-obligations-and-disclosure-requirements-regulations-2015_93186.html,https://www.sebi.gov.in/sebi_data/attachdocs/apr-2025/1743583645735.pdf,data\full_dataset\sebi\circulars\pdf\Clarification_on_the_position_of_Compliance_Officer_in_terms_of_regulation_6_of_the_SEBI__Listing_Obligations_and_Disclosure_Requirements__Regulations__fcd1b430.pdf
"Apr 01, 2025",Extension of timeline for formulation of implementation standards pertaining to SEBI Circular on “Safer participation of retail investors in Algorithmic trading”,https://www.sebi.gov.in/legal/circulars/apr-2025/extension-of-timeline-for-formulation-of-implementation-standards-pertaining-to-sebi-circular-on-safer-participation-of-retail-investors-in-algorithmic-trading-_93166.html,https://www.sebi.gov.in/sebi_data/attachdocs/apr-2025/1743506236509.pdf,data\full_dataset\sebi\circulars\pdf\Extension_of_timeline_for_formulation_of_implementation_standards_pertaining_to_SEBI_Circular_on__Safer_participation_of_retail_investors_in_Algorithm__7d8f2d8d.pdf
"Mar 28, 2025",Extension towards Adoption and Implementation of Cybersecurity and Cyber Resilience Framework (CSCRF) for SEBI Regulated Entities (REs),https://www.sebi.gov.in/legal/circulars/mar-2025/extension-towards-adoption-and-implementation-of-cybersecurity-and-cyber-resilience-framework-cscrf-for-sebi-regulated-entities-res-_93146.html,https://www.sebi.gov.in/sebi_data/attachdocs/mar-2025/1743165410313.pdf,data\full_dataset\sebi\circulars\pdf\Extension_towards_Adoption_and_Implementation_of_Cybersecurity_and_Cyber_Resilience_Framework__CSCRF__for_SEBI_Regulated_Entities__REs___d04db094.pdf
"Mar 28, 2025","Amendment to Master Circular for Infrastructure Investment Trusts (InvITs) dated May 15, 2024",https://www.sebi.gov.in/legal/circulars/mar-2025/amendment-to-master-circular-for-infrastructure-investment-trusts-invits-dated-may-15-2024_93145.html,https://www.sebi.gov.in/sebi_data/attachdocs/mar-2025/1743163946660.PDF,data\full_dataset\sebi\circulars\pdf\Amendment_to_Master_Circular_for_Infrastructure_Investment_Trusts__InvITs__dated_May_15__2024__4613d75d.pdf
"Mar 28, 2025","Amendment to Master Circular for Real Estate Investment Trusts (REITs) dated May 15, 2024",https://www.sebi.gov.in/legal/circulars/mar-2025/amendment-to-master-circular-for-real-estate-investment-trusts-reits-dated-may-15-2024_93143.html,https://www.sebi.gov.in/sebi_data/attachdocs/apr-2025/1745562124773.pdf,data\full_dataset\sebi\circulars\pdf\Amendment_to_Master_Circular_for_Real_Estate_Investment_Trusts__REITs__dated_May_15__2024__1b890e3b.pdf
"Mar 28, 2025",Intraday Monitoring of Position Limits for Index Derivatives,https://www.sebi.gov.in/legal/circulars/mar-2025/intraday-monitoring-of-position-limits-for-index-derivatives_93123.html,https://www.sebi.gov.in/sebi_data/attachdocs/mar-2025/1743161645941.pdf,data\full_dataset\sebi\circulars\pdf\Intraday_Monitoring_of_Position_Limits_for_Index_Derivatives__e261150e.pdf
"Mar 28, 2025","Measures to facilitate ease of doing business with respect to framework for assurance or assessment, ESG disclosures for value chain, and introduction of voluntary disclosure on green credits",https://www.sebi.gov.in/legal/circulars/mar-2025/measures-to-facilitate-ease-of-doing-business-with-respect-to-framework-for-assurance-or-assessment-esg-disclosures-for-value-chain-and-introduction-of-voluntary-disclosure-on-green-credits_93102.html,https://www.sebi.gov.in/sebi_data/attachdocs/mar-2025/1743159419610.pdf,data\full_dataset\sebi\circulars\pdf\Measures_to_facilitate_ease_of_doing_business_with_respect_to_framework_for_assurance_or_assessment__ESG_disclosures_for_value_chain__and_introduction__d4713e37.pdf
"Mar 28, 2025",Extension of timelines for  submission of offsite inspection data,https://www.sebi.gov.in/legal/circulars/mar-2025/extension-of-timelines-for-submission-of-offsite-inspection-data_93101.html,https://www.sebi.gov.in/sebi_data/attachdocs/mar-2025/1743159300991.pdf,data\full_dataset\sebi\circulars\pdf\Extension_of_timelines_for_submission_of_offsite_inspection_data__5895ce3b.pdf
"Mar 28, 2025",Extension of timelines for submission of offsite inspection data,https://www.sebi.gov.in/legal/circulars/mar-2025/extension-of-timelines-for-submission-of-offsite-inspection-data_93100.html,https://www.sebi.gov.in/sebi_data/attachdocs/mar-2025/1743159175781.pdf,data\full_dataset\sebi\circulars\pdf\Extension_of_timelines_for_submission_of_offsite_inspection_data__de280b23.pdf
"Mar 21, 2025",Industry Standards on “Minimum information to be provided for review of the audit committee and shareholders for approval of a related party transaction”,https://www.sebi.gov.in/legal/circulars/mar-2025/industry-standards-on-minimum-information-to-be-provided-for-review-of-the-audit-committee-and-shareholders-for-approval-of-a-related-party-transaction-_92843.html,https://www.sebi.gov.in/sebi_data/attachdocs/mar-2025/1742554609393.pdf,data\full_dataset\sebi\circulars\pdf\Industry_Standards_on__Minimum_information_to_be_provided_for_review_of_the_audit_committee_and_shareholders_for_approval_of_a_related_party_transacti__1e8d08c4.pdf
"Mar 21, 2025",Facilitating ease of doing business relating to the framework on “Alignment of interest of the Designated Employees of the Asset Management Company (AMC) with the interest of the unitholders”,https://www.sebi.gov.in/legal/circulars/mar-2025/facilitating-ease-of-doing-business-relating-to-the-framework-on-alignment-of-interest-of-the-designated-employees-of-the-asset-management-company-amc-with-the-interest-of-the-unitholders-_92842.html,https://www.sebi.gov.in/sebi_data/attachdocs/mar-2025/1742554454369.pdf,data\full_dataset\sebi\circulars\pdf\Facilitating_ease_of_doing_business_relating_to_the_framework_on__Alignment_of_interest_of_the_Designated_Employees_of_the_Asset_Management_Company__A__0fbf7c7e.pdf
"Mar 20, 2025",Disclosure of holding of specified securities in dematerialized form,https://www.sebi.gov.in/legal/circulars/mar-2025/disclosure-of-holding-of-specified-securities-in-dematerialized-form_92797.html,https://www.sebi.gov.in/sebi_data/attachdocs/mar-2025/1742546419358.pdf,data\full_dataset\sebi\circulars\pdf\Disclosure_of_holding_of_specified_securities_in_dematerialized_form__f069059d.pdf
"Mar 20, 2025","Online Filing System for reports filed under Regulation 10(7) of SEBI (Substantial Acquisition of Shares and Takeovers) Regulations, 2011",https://www.sebi.gov.in/legal/circulars/mar-2025/online-filing-system-for-reports-filed-under-regulation-10-7-of-sebi-substantial-acquisition-of-shares-and-takeovers-regulations-2011_92791.html,https://www.sebi.gov.in/sebi_data/attachdocs/mar-2025/1742468455877.pdf,data\full_dataset\sebi\circulars\pdf\Online_Filing_System_for_reports_filed_under_Regulation_10_7__of_SEBI__Substantial_Acquisition_of_Shares_and_Takeovers__Regulations__2011__db311390.pdf
"Mar 19, 2025",Harnessing DigiLocker as a Digital Public Infrastructure for reducing Unclaimed Assets in the Indian Securities Market,https://www.sebi.gov.in/legal/circulars/mar-2025/harnessing-digilocker-as-a-digital-public-infrastructure-for-reducing-unclaimed-assets-in-the-indian-securities-market_92769.html,https://www.sebi.gov.in/sebi_data/attachdocs/mar-2025/1742386353397.pdf,data\full_dataset\sebi\circulars\pdf\Harnessing_DigiLocker_as_a_Digital_Public_Infrastructure_for_reducing_Unclaimed_Assets_in_the_Indian_Securities_Market__996bd299.pdf
"Mar 19, 2025",Framework on Social Stock Exchange (SSE),https://www.sebi.gov.in/legal/circulars/mar-2025/framework-on-social-stock-exchange-sse-_92767.html,https://www.sebi.gov.in/sebi_data/attachdocs/mar-2025/1742385740329.pdf,data\full_dataset\sebi\circulars\pdf\Framework_on_Social_Stock_Exchange__SSE___aef1b161.pdf
"Mar 11, 2025",Faster Rights Issue with a flexibility of allotment to specific investor(s),https://www.sebi.gov.in/legal/circulars/mar-2025/faster-rights-issue-with-a-flexibility-of-allotment-to-specific-investor-s-_92622.html,https://www.sebi.gov.in/sebi_data/attachdocs/mar-2025/1741692122699.pdf,data\full_dataset\sebi\circulars\pdf\Faster_Rights_Issue_with_a_flexibility_of_allotment_to_specific_investor_s___ec931438.pdf
"Mar 03, 2025",Relaxation in timeline for reporting of differential rights issued by AIFs,https://www.sebi.gov.in/legal/circulars/mar-2025/relaxation-in-timeline-for-reporting-of-differential-rights-issued-by-aifs_92411.html,https://www.sebi.gov.in/sebi_data/attachdocs/mar-2025/1741010967723.pdf,data\full_dataset\sebi\circulars\pdf\Relaxation_in_timeline_for_reporting_of_differential_rights_issued_by_AIFs__038d9c03.pdf
"Feb 28, 2025",Industry Standards on Key Performance Indicators (“KPIs”) Disclosures in the draft Offer Document and Offer Document,https://www.sebi.gov.in/legal/circulars/feb-2025/industry-standards-on-key-performance-indicators-kpis-disclosures-in-the-draft-offer-document-and-offer-document_92380.html,https://www.sebi.gov.in/sebi_data/attachdocs/feb-2025/1740744942231.PDF,data\full_dataset\sebi\circulars\pdf\Industry_Standards_on_Key_Performance_Indicators__KPIs__Disclosures_in_the_draft_Offer_Document_and_Offer_Document__5c719d1a.pdf
"Feb 28, 2025","Amendments and clarifications to Circular dated January 10, 2025 on Revise and Revamp Nomination Facilities in the Indian Securities Market",https://www.sebi.gov.in/legal/circulars/feb-2025/amendments-and-clarifications-to-circular-dated-january-10-2025-on-revise-and-revamp-nomination-facilities-in-the-indian-securities-market_92377.html,https://www.sebi.gov.in/sebi_data/attachdocs/feb-2025/1740743883077.pdf,data\full_dataset\sebi\circulars\pdf\Amendments_and_clarifications_to_Circular_dated_January_10__2025_on_Revise_and_Revamp_Nomination_Facilities_in_the_Indian_Securities_Market__4ea303ba.pdf
"Feb 27, 2025",Regulatory framework for Specialized Investment Funds (‘SIF’),https://www.sebi.gov.in/legal/circulars/feb-2025/regulatory-framework-for-specialized-investment-funds-sif-_92299.html,https://www.sebi.gov.in/sebi_data/attachdocs/feb-2025/1740659043547.pdf,data\full_dataset\sebi\circulars\pdf\Regulatory_framework_for_Specialized_Investment_Funds__SIF___f6368bff.pdf
"Feb 27, 2025",Timelines for deployment of funds collected by Asset Management Companies (AMCs) in New Fund Offer (NFO) as per asset allocation of the scheme,https://www.sebi.gov.in/legal/circulars/feb-2025/timelines-for-deployment-of-funds-collected-by-asset-management-companies-amcs-in-new-fund-offer-nfo-as-per-asset-allocation-of-the-scheme_92270.html,https://www.sebi.gov.in/sebi_data/attachdocs/feb-2025/1740652325314.pdf,data\full_dataset\sebi\circulars\pdf\Timelines_for_deployment_of_funds_collected_by_Asset_Management_Companies__AMCs__in_New_Fund_Offer__NFO__as_per_asset_allocation_of_the_scheme__0d952b64.pdf
"Feb 25, 2025","Industry Standards on Regulation 30 of SEBI (Listing Obligations and Disclosure Requirements) Regulations, 2015",https://www.sebi.gov.in/legal/circulars/feb-2025/industry-standards-on-regulation-30-of-sebi-listing-obligations-and-disclosure-requirements-regulations-2015_92172.html,https://www.sebi.gov.in/sebi_data/attachdocs/feb-2025/1740483434491.pdf,data\full_dataset\sebi\circulars\pdf\Industry_Standards_on_Regulation_30_of_SEBI__Listing_Obligations_and_Disclosure_Requirements__Regulations__2015__bf59cfcf.pdf
"Feb 25, 2025",Opening of Demat Account in the name of Association of Persons,https://www.sebi.gov.in/legal/circulars/feb-2025/opening-of-demat-account-in-the-name-of-association-of-persons_92170.html,https://www.sebi.gov.in/sebi_data/attachdocs/feb-2025/1740483183021.pdf,data\full_dataset\sebi\circulars\pdf\Opening_of_Demat_Account_in_the_name_of_Association_of_Persons__958f211a.pdf
"Feb 21, 2025",Investor Charter for Stock Brokers,https://www.sebi.gov.in/legal/circulars/feb-2025/investor-charter-for-stock-brokers_92099.html,https://www.sebi.gov.in/sebi_data/attachdocs/feb-2025/1740135808079.pdf,data\full_dataset\sebi\circulars\pdf\Investor_Charter_for_Stock_Brokers__fe87eeb3.pdf
"Feb 20, 2025",Clarification regarding Investor Education and Awareness Initiatives,https://www.sebi.gov.in/legal/circulars/feb-2025/clarification-regarding-investor-education-and-awareness-initiatives_92064.html,https://www.sebi.gov.in/sebi_data/attachdocs/feb-2025/1740063444095.pdf,data\full_dataset\sebi\circulars\pdf\Clarification_regarding_Investor_Education_and_Awareness_Initiatives__527fcbfa.pdf
"Feb 17, 2025",Most Important Terms and Conditions (MITC) for Research Analysts,https://www.sebi.gov.in/legal/circulars/feb-2025/most-important-terms-and-conditions-mitc-for-research-analysts_91965.html,https://www.sebi.gov.in/sebi_data/attachdocs/feb-2025/1739794284694.pdf,(skipped)
"Feb 17, 2025",Most Important Terms and Conditions (MITC) for Investment Advisers,https://www.sebi.gov.in/legal/circulars/feb-2025/most-important-terms-and-conditions-mitc-for-investment-advisers_91963.html,https://www.sebi.gov.in/sebi_data/attachdocs/feb-2025/1739794171881.pdf,data\full_dataset\sebi\circulars\pdf\Most_Important_Terms_and_Conditions__MITC__for_Investment_Advisers__f5318f21.pdf
"Feb 14, 2025","Industry Standards on “Minimum information to be provided for review of the audit committee and shareholders for approval of a related party transaction""",https://www.sebi.gov.in/legal/circulars/feb-2025/industry-standards-on-minimum-information-to-be-provided-for-review-of-the-audit-committee-and-shareholders-for-approval-of-a-related-party-transaction_91945.html,https://www.sebi.gov.in/sebi_data/attachdocs/feb-2025/1739550952629.pdf,data\full_dataset\sebi\circulars\pdf\Industry_Standards_on__Minimum_information_to_be_provided_for_review_of_the_audit_committee_and_shareholders_for_approval_of_a_related_party_transacti__ba6ad6cb.pdf
"Feb 14, 2025",Revised timelines for issuance of Consolidated Account Statement (CAS) by Depositories,https://www.sebi.gov.in/legal/circulars/feb-2025/revised-timelines-for-issuance-of-consolidated-account-statement-cas-by-depositories_91927.html,https://www.sebi.gov.in/sebi_data/attachdocs/feb-2025/1739532222801.pdf,data\full_dataset\sebi\circulars\pdf\Revised_timelines_for_issuance_of_Consolidated_Account_Statement__CAS__by_Depositories__4a823032.pdf
"Feb 14, 2025",Relaxation in timelines for holding AIFs’ investments in dematerialised form,https://www.sebi.gov.in/legal/circulars/feb-2025/relaxation-in-timelines-for-holding-aifs-investments-in-dematerialised-form_91919.html,https://www.sebi.gov.in/sebi_data/attachdocs/feb-2025/1739528501160.pdf,data\full_dataset\sebi\circulars\pdf\Relaxation_in_timelines_for_holding_AIFs__investments_in_dematerialised_form__726f0aac.pdf
"Feb 12, 2025",Service platform for investors to trace inactive and unclaimed Mutual Fund folios- MITRA (Mutual Fund Investment Tracing and Retrieval Assistant),https://www.sebi.gov.in/legal/circulars/feb-2025/service-platform-for-investors-to-trace-inactive-and-unclaimed-mutual-fund-folios-mitra-mutual-fund-investment-tracing-and-retrieval-assistant-_91847.html,https://www.sebi.gov.in/sebi_data/attachdocs/feb-2025/1739356741378.pdf,data\full_dataset\sebi\circulars\pdf\Service_platform_for_investors_to_trace_inactive_and_unclaimed_Mutual_Fund_folios-_MITRA__Mutual_Fund_Investment_Tracing_and_Retrieval_Assistant___1b7b4abd.pdf
"Feb 11, 2025",Facilitation to SEBI registered Stock Brokers to access Negotiated Dealing System-Order Matching (NDS-OM) for trading in Government Securities- Separate Business Units (SBU),https://www.sebi.gov.in/legal/circulars/feb-2025/facilitation-to-sebi-registered-stock-brokers-to-access-negotiated-dealing-system-order-matching-nds-om-for-trading-in-government-securities-separate-business-units-sbu-_91764.html,https://www.sebi.gov.in/sebi_data/attachdocs/feb-2025/1739254045536.pdf,data\full_dataset\sebi\circulars\pdf\Facilitation_to_SEBI_registered_Stock_Brokers_to_access_Negotiated_Dealing_System-Order_Matching__NDS-OM__for_trading_in_Government_Securities-_Separa__a2745ee6.pdf
"Feb 04, 2025",Safer participation of retail investors in Algorithmic trading,https://www.sebi.gov.in/legal/circulars/feb-2025/safer-participation-of-retail-investors-in-algorithmic-trading_91614.html,https://www.sebi.gov.in/sebi_data/attachdocs/feb-2025/1738665456458.pdf,data\full_dataset\sebi\circulars\pdf\Safer_participation_of_retail_investors_in_Algorithmic_trading__b9299765.pdf
"Jan 31, 2025",Framework for Monitoring and Supervision of System Audit of Stock Brokers (SBs) through Technology based Measures,https://www.sebi.gov.in/legal/circulars/jan-2025/framework-for-monitoring-and-supervision-of-system-audit-of-stock-brokers-sbs-through-technology-based-measures_91424.html,https://www.sebi.gov.in/sebi_data/attachdocs/jan-2025/1738323780977.pdf,data\full_dataset\sebi\circulars\pdf\Framework_for_Monitoring_and_Supervision_of_System_Audit_of_Stock_Brokers__SBs__through_Technology_based_Measures__88412474.pdf
"Jan 30, 2025",Parameters for external evaluation of Performance of Statutory Committees of Market Infrastructure Institutions (MIIs); and Mechanism for internal evaluation of Performance of MIIs and its Statutory Committees,https://www.sebi.gov.in/legal/circulars/jan-2025/parameters-for-external-evaluation-of-performance-of-statutory-committees-of-market-infrastructure-institutions-miis-and-mechanism-for-internal-evaluation-of-performance-of-miis-and-its-statutory-c-_91404.html,https://www.sebi.gov.in/sebi_data/attachdocs/jan-2025/1738244648202.pdf,data\full_dataset\sebi\circulars\pdf\Parameters_for_external_evaluation_of_Performance_of_Statutory_Committees_of_Market_Infrastructure_Institutions__MIIs__and_Mechanism_for_internal_eval__e28b023b.pdf
"Jan 29, 2025","Details/clarifications on provisions related to association of persons regulated by the Board, MIIs, and their agents with persons engaged in prohibited activities",https://www.sebi.gov.in/legal/circulars/jan-2025/details-clarifications-on-provisions-related-to-association-of-persons-regulated-by-the-board-miis-and-their-agents-with-persons-engaged-in-prohibited-activities_91356.html,https://www.sebi.gov.in/sebi_data/attachdocs/jul-2026/1784884437684.pdf,data\full_dataset\sebi\circulars\pdf\Details_clarifications_on_provisions_related_to_association_of_persons_regulated_by_the_Board__MIIs__and_their_agents_with_persons_engaged_in_prohibit__66483951.pdf
"Jan 28, 2025",Format of Due Diligence Certificate to be given by the DTs,https://www.sebi.gov.in/legal/circulars/jan-2025/format-of-due-diligence-certificate-to-be-given-by-the-dts_91219.html,https://www.sebi.gov.in/sebi_data/attachdocs/jan-2025/1738086075309.pdf,data\full_dataset\sebi\circulars\pdf\Format_of_Due_Diligence_Certificate_to_be_given_by_the_DTs__dc36fac8.pdf
"Jan 28, 2025",Development of Web-based portal: iSPOT(Integrated SEBI Portal for Technical glitches) for reporting of technical glitches,https://www.sebi.gov.in/legal/circulars/jan-2025/development-of-web-based-portal-ispot-integrated-sebi-portal-for-technical-glitches-for-reporting-of-technical-glitches_91215.html,https://www.sebi.gov.in/sebi_data/attachdocs/jan-2025/1738063986526.pdf,data\full_dataset\sebi\circulars\pdf\Development_of_Web-based_portal__iSPOT_Integrated_SEBI_Portal_for_Technical_glitches__for_reporting_of_technical_glitches__fb4045d3.pdf
"Jan 17, 2025",Timeline for Review of ESG Rating pursuant to occurrence of ‘Material Events’,https://www.sebi.gov.in/legal/circulars/jan-2025/timeline-for-review-of-esg-rating-pursuant-to-occurrence-of-material-events-_90930.html,https://www.sebi.gov.in/sebi_data/attachdocs/jan-2025/1737443308558.pdf,data\full_dataset\sebi\circulars\pdf\Timeline_for_Review_of_ESG_Rating_pursuant_to_occurrence_of__Material_Events___b135961e.pdf
"Jan 17, 2025",Disclosure of Risk adjusted Return - Information Ratio (IR) for Mutual Fund Schemes.,https://www.sebi.gov.in/legal/circulars/jan-2025/disclosure-of-risk-adjusted-return-information-ratio-ir-for-mutual-fund-schemes-_90928.html,https://www.sebi.gov.in/sebi_data/attachdocs/jan-2025/1737111319202.pdf,data\full_dataset\sebi\circulars\pdf\Disclosure_of_Risk_adjusted_Return_-_Information_Ratio__IR__for_Mutual_Fund_Schemes__ebe90836.pdf
"Jan 10, 2025",Circular on Revise and Revamp Nomination Facilities in the Indian Securities Market,https://www.sebi.gov.in/legal/circulars/jan-2025/circular-on-revise-and-revamp-nomination-facilities-in-the-indian-securities-market_90698.html,https://www.sebi.gov.in/sebi_data/attachdocs/jan-2025/1737459697644.pdf,data\full_dataset\sebi\circulars\pdf\Circular_on_Revise_and_Revamp_Nomination_Facilities_in_the_Indian_Securities_Market__89ace2d0.pdf
"Jan 10, 2025",Procedure for seeking waiver or reduction of interest in respect of recovery proceedings initiated for failure to pay penalty.,https://www.sebi.gov.in/legal/circulars/jan-2025/procedure-for-seeking-waiver-or-reduction-of-interest-in-respect-of-recovery-proceedings-initiated-for-failure-to-pay-penalty-_90689.html,https://www.sebi.gov.in/sebi_data/attachdocs/jan-2025/1736507362241.pdf,data\full_dataset\sebi\circulars\pdf\Procedure_for_seeking_waiver_or_reduction_of_interest_in_respect_of_recovery_proceedings_initiated_for_failure_to_pay_penalty__35e4ec3c.pdf
"Jan 08, 2025",Guidelines for Research Analysts,https://www.sebi.gov.in/legal/circulars/jan-2025/guidelines-for-research-analysts_90634.html,https://www.sebi.gov.in/sebi_data/attachdocs/jan-2025/1736338732932.pdf,data\full_dataset\sebi\circulars\pdf\Guidelines_for_Research_Analysts__b0cc3ba4.pdf
"Jan 08, 2025",Guidelines for Investment Advisers,https://www.sebi.gov.in/legal/circulars/jan-2025/guidelines-for-investment-advisers_90632.html,https://www.sebi.gov.in/sebi_data/attachdocs/jan-2025/1736338642778.pdf,data\full_dataset\sebi\circulars\pdf\Guidelines_for_Investment_Advisers__64a808ba.pdf
"Jan 07, 2025",Measures for Ease of Doing Business for Credit Rating Agencies (CRAs) – Timelines,https://www.sebi.gov.in/legal/circulars/jan-2025/measures-for-ease-of-doing-business-for-credit-rating-agencies-cras-timelines_90618.html,https://www.sebi.gov.in/sebi_data/attachdocs/jan-2025/1736331320222.pdf,data\full_dataset\sebi\circulars\pdf\Measures_for_Ease_of_Doing_Business_for_Credit_Rating_Agencies__CRAs____Timelines__22b59e09.pdf
"Jan 06, 2025",Measure for ease of doing business - Settlement of Account of Clients who have not traded in the last 30 days,https://www.sebi.gov.in/legal/circulars/jan-2025/measure-for-ease-of-doing-business-settlement-of-account-of-clients-who-have-not-traded-in-the-last-30-days_90552.html,https://www.sebi.gov.in/sebi_data/attachdocs/jan-2025/1736163991564.pdf,data\full_dataset\sebi\circulars\pdf\Measure_for_ease_of_doing_business_-_Settlement_of_Account_of_Clients_who_have_not_traded_in_the_last_30_days__92fee7d9.pdf
"Dec 31, 2024",Circular for implementation of recommendations of the Expert Committee for facilitating ease  of doing business for listed entities,https://www.sebi.gov.in/legal/circulars/dec-2024/circular-for-implementation-of-recommendations-of-the-expert-committee-for-facilitating-ease-of-doing-business-for-listed-entities_90406.html,https://www.sebi.gov.in/sebi_data/attachdocs/feb-2025/1738668300985.pdf,data\full_dataset\sebi\circulars\pdf\Circular_for_implementation_of_recommendations_of_the_Expert_Committee_for_facilitating_ease_of_doing_business_for_listed_entities__da128ba8.pdf
"Dec 31, 2024",Clarifications to Cybersecurity and Cyber Resilience Framework (CSCRF) for SEBI Regulated Entities (REs),https://www.sebi.gov.in/legal/circulars/dec-2024/clarifications-to-cybersecurity-and-cyber-resilience-framework-cscrf-for-sebi-regulated-entities-res-_90401.html,https://www.sebi.gov.in/sebi_data/attachdocs/dec-2024/1735646756843.pdf,data\full_dataset\sebi\circulars\pdf\Clarifications_to_Cybersecurity_and_Cyber_Resilience_Framework__CSCRF__for_SEBI_Regulated_Entities__REs___3e9943ff.pdf
"Dec 31, 2024",Introduction of a Mutual Funds Lite (MF Lite) framework for passively managed schemes of Mutual Funds,https://www.sebi.gov.in/legal/circulars/dec-2024/introduction-of-a-mutual-funds-lite-mf-lite-framework-for-passively-managed-schemes-of-mutual-funds_90393.html,https://www.sebi.gov.in/sebi_data/attachdocs/jan-2025/1735711711401.pdf,data\full_dataset\sebi\circulars\pdf\Introduction_of_a_Mutual_Funds_Lite__MF_Lite__framework_for_passively_managed_schemes_of_Mutual_Funds__d7fd03a1.pdf
"Dec 27, 2024",Prior approval for change in control: Transfer of shareholdings among immediate relatives and transmission of shareholdings and their effect on change in control,https://www.sebi.gov.in/legal/circulars/dec-2024/prior-approval-for-change-in-control-transfer-of-shareholdings-among-immediate-relatives-and-transmission-of-shareholdings-and-their-effect-on-change-in-control_90213.html,https://www.sebi.gov.in/sebi_data/attachdocs/dec-2024/1735282697214.pdf,data\full_dataset\sebi\circulars\pdf\Prior_approval_for_change_in_control__Transfer_of_shareholdings_among_immediate_relatives_and_transmission_of_shareholdings_and_their_effect_on_change__832211b7.pdf
"Dec 20, 2024",Upload of Draft Scheme Information Documents,https://www.sebi.gov.in/legal/circulars/dec-2024/upload-of-draft-scheme-information-documents_90097.html,https://www.sebi.gov.in/sebi_data/attachdocs/dec-2024/1734952825314.pdf,data\full_dataset\sebi\circulars\pdf\Upload_of_Draft_Scheme_Information_Documents__8eb7efe7.pdf
"Dec 20, 2024",Industry Standards on Reporting of BRSR Core,https://www.sebi.gov.in/legal/circulars/dec-2024/industry-standards-on-reporting-of-brsr-core_90091.html,https://www.sebi.gov.in/sebi_data/attachdocs/dec-2024/1734693844962.pdf,data\full_dataset\sebi\circulars\pdf\Industry_Standards_on_Reporting_of_BRSR_Core__f9c9d8a3.pdf
"Dec 20, 2024",Policy for Sharing Data for the Purpose of Research / Analysis,https://www.sebi.gov.in/legal/circulars/dec-2024/policy-for-sharing-data-for-the-purpose-of-research-analysis_90088.html,https://www.sebi.gov.in/sebi_data/attachdocs/dec-2024/1734693561713.pdf,data\full_dataset\sebi\circulars\pdf\Policy_for_Sharing_Data_for_the_Purpose_of_Research___Analysis__197a08ad.pdf
"Dec 17, 2024",Measures to address regulatory arbitrage with respect to Offshore Derivative Instruments (ODIs) and FPIs with segregated portfolios vis-à-vis FPIs,https://www.sebi.gov.in/legal/circulars/dec-2024/measures-to-address-regulatory-arbitrage-with-respect-to-offshore-derivative-instruments-odis-and-fpis-with-segregated-portfolios-vis-vis-fpis_89986.html,https://www.sebi.gov.in/sebi_data/attachdocs/dec-2024/1734433925581.pdf,data\full_dataset\sebi\circulars\pdf\Measures_to_address_regulatory_arbitrage_with_respect_to_Offshore_Derivative_Instruments__ODIs__and_FPIs_with_segregated_portfolios_vis-à-vis_FPIs__1f388321.pdf
"Dec 13, 2024",Pro-rata and pari-passu rights of investors of AIFs,https://www.sebi.gov.in/legal/circulars/dec-2024/pro-rata-and-pari-passu-rights-of-investors-of-aifs_89945.html,https://www.sebi.gov.in/sebi_data/attachdocs/dec-2024/1734091735561.pdf,data\full_dataset\sebi\circulars\pdf\Pro-rata_and_pari-passu_rights_of_investors_of_AIFs__78fc5aac.pdf
"Dec 13, 2024",Classification of Corporate Debt Market Development Fund (CDMDF) as Category I Alternative Investment Fund,https://www.sebi.gov.in/legal/circulars/dec-2024/classification-of-corporate-debt-market-development-fund-cdmdf-as-category-i-alternative-investment-fund_89928.html,https://www.sebi.gov.in/sebi_data/attachdocs/dec-2024/1734089608771.PDF,data\full_dataset\sebi\circulars\pdf\Classification_of_Corporate_Debt_Market_Development_Fund__CDMDF__as_Category_I_Alternative_Investment_Fund__a91df16a.pdf
"Dec 13, 2024","Relaxation from the ISIN restriction limit for issuers desirous of listing originally unlisted ISINs (outstanding as on December 31, 2023)",https://www.sebi.gov.in/legal/circulars/dec-2024/relaxation-from-the-isin-restriction-limit-for-issuers-desirous-of-listing-originally-unlisted-isins-outstanding-as-on-december-31-2023-_89908.html,https://www.sebi.gov.in/sebi_data/attachdocs/dec-2024/1734087916438.pdf,data\full_dataset\sebi\circulars\pdf\Relaxation_from_the_ISIN_restriction_limit_for_issuers_desirous_of_listing_originally_unlisted_ISINs__outstanding_as_on_December_31__2023___bc8e2c7f.pdf
"Dec 10, 2024",Enhancement in the scope of optional T+0 rolling settlement cycle in addition to the existing T+1 settlement cycle in Equity Cash Markets,https://www.sebi.gov.in/legal/circulars/dec-2024/enhancement-in-the-scope-of-optional-t-0-rolling-settlement-cycle-in-addition-to-the-existing-t-1-settlement-cycle-in-equity-cash-markets_89443.html,https://www.sebi.gov.in/sebi_data/attachdocs/dec-2024/1733829354031.pdf,data\full_dataset\sebi\circulars\pdf\Enhancement_in_the_scope_of_optional_T_0_rolling_settlement_cycle_in_addition_to_the_existing_T_1_settlement_cycle_in_Equity_Cash_Markets__41b7ecef.pdf
"Dec 10, 2024",Revised Guidelines for Capacity Planning and Real Time Performance Monitoring framework of Market Infrastructure Institutions(MIIs),https://www.sebi.gov.in/legal/circulars/dec-2024/revised-guidelines-for-capacity-planning-and-real-time-performance-monitoring-framework-of-market-infrastructure-institutions-miis-_89433.html,https://www.sebi.gov.in/sebi_data/attachdocs/dec-2024/1733814277400.pdf,data\full_dataset\sebi\circulars\pdf\Revised_Guidelines_for_Capacity_Planning_and_Real_Time_Performance_Monitoring_framework_of_Market_Infrastructure_Institutions_MIIs___c2e36e22.pdf
"Dec 05, 2024",Repository of documents relied upon by Merchant Bankers during due diligence process in Public issues,https://www.sebi.gov.in/legal/circulars/dec-2024/repository-of-documents-relied-upon-by-merchant-bankers-during-due-diligence-process-in-public-issues_89321.html,https://www.sebi.gov.in/sebi_data/attachdocs/dec-2024/1733388639362.pdf,data\full_dataset\sebi\circulars\pdf\Repository_of_documents_relied_upon_by_Merchant_Bankers_during_due_diligence_process_in_Public_issues__a9587ad9.pdf
"Dec 03, 2024",SMS and E-mail alerts to investors by stock exchanges,https://www.sebi.gov.in/legal/circulars/dec-2024/sms-and-e-mail-alerts-to-investors-by-stock-exchanges_89241.html,https://www.sebi.gov.in/sebi_data/attachdocs/dec-2024/1733226375615.pdf,data\full_dataset\sebi\circulars\pdf\SMS_and_E-mail_alerts_to_investors_by_stock_exchanges__386b3677.pdf
"Nov 28, 2024",Business Continuity for Interoperable Segments of Stock Exchanges,https://www.sebi.gov.in/legal/circulars/nov-2024/business-continuity-for-interoperable-segments-of-stock-exchanges_89032.html,https://www.sebi.gov.in/sebi_data/attachdocs/nov-2024/1732796781597.pdf,data\full_dataset\sebi\circulars\pdf\Business_Continuity_for_Interoperable_Segments_of_Stock_Exchanges__45d5edb8.pdf
"Nov 26, 2024",Valuation of repurchase (repo) transactions by Mutual Funds.,https://www.sebi.gov.in/legal/circulars/nov-2024/valuation-of-repurchase-repo-transactions-by-mutual-funds-_88796.html,https://www.sebi.gov.in/sebi_data/attachdocs/nov-2024/1732618015389.pdf,data\full_dataset\sebi\circulars\pdf\Valuation_of_repurchase__repo__transactions_by_Mutual_Funds__233d4533.pdf
"Nov 22, 2024","Guidelines to Stock Exchanges, Clearing Corporations and Depositories",https://www.sebi.gov.in/legal/circulars/nov-2024/guidelines-to-stock-exchanges-clearing-corporations-and-depositories_88709.html,https://www.sebi.gov.in/sebi_data/attachdocs/nov-2024/1732278574596.pdf,data\full_dataset\sebi\circulars\pdf\Guidelines_to_Stock_Exchanges__Clearing_Corporations_and_Depositories__172b2261.pdf
"Nov 21, 2024",Withdrawal of Master Circular on issuance of No Objection Certificate (NOC) for release of 1% of Issue Amount,https://www.sebi.gov.in/legal/circulars/nov-2024/withdrawal-of-master-circular-on-issuance-of-no-objection-certificate-noc-for-release-of-1-of-issue-amount_88655.html,https://www.sebi.gov.in/sebi_data/attachdocs/nov-2024/1732186233042.pdf,data\full_dataset\sebi\circulars\pdf\Withdrawal_of_Master_Circular_on_issuance_of_No_Objection_Certificate__NOC__for_release_of_1__of_Issue_Amount__f45a6700.pdf
"Nov 18, 2024","Amendment to Para 15 of Master Circular for Credit Rating Agencies (CRAs) dated May 16, 2024 (“Master Circular”)",https://www.sebi.gov.in/legal/circulars/nov-2024/amendment-to-para-15-of-master-circular-for-credit-rating-agencies-cras-dated-may-16-2024-master-circular-_88547.html,https://www.sebi.gov.in/sebi_data/attachdocs/nov-2024/1731930892052.pdf,data\full_dataset\sebi\circulars\pdf\Amendment_to_Para_15_of_Master_Circular_for_Credit_Rating_Agencies__CRAs__dated_May_16__2024__Master_Circular___bccb72ea.pdf
"Nov 13, 2024","Relaxation from certain provisions for units allotted to an employee benefit trust for the purpose of a unit based employee benefit scheme, Alignment of timelines for making distribution by InvITs and Format of Quarterly Report and Compliance Certificate – Infrastructure Investment Trusts (InvITs)",https://www.sebi.gov.in/legal/circulars/nov-2024/relaxation-from-certain-provisions-for-units-allotted-to-an-employee-benefit-trust-for-the-purpose-of-a-unit-based-employee-benefit-scheme-alignment-of-timelines-for-making-distribution-by-invits-and-_88472.html,https://www.sebi.gov.in/sebi_data/attachdocs/nov-2024/1731499919073.PDF,data\full_dataset\sebi\circulars\pdf\Relaxation_from_certain_provisions_for_units_allotted_to_an_employee_benefit_trust_for_the_purpose_of_a_unit_based_employee_benefit_scheme__Alignment___87074baa.pdf
"Nov 13, 2024","Relaxation from certain provisions for units allotted to an employee benefit trust for the purpose of a unit based employee benefit scheme, Alignment of timelines for making distribution by REITs and Format of Quarterly Report and Compliance Certificate - Real Estate Investment Trusts (REITs)",https://www.sebi.gov.in/legal/circulars/nov-2024/relaxation-from-certain-provisions-for-units-allotted-to-an-employee-benefit-trust-for-the-purpose-of-a-unit-based-employee-benefit-scheme-alignment-of-timelines-for-making-distribution-by-reits-and-_88471.html,https://www.sebi.gov.in/sebi_data/attachdocs/nov-2024/1731499783161.PDF,data\full_dataset\sebi\circulars\pdf\Relaxation_from_certain_provisions_for_units_allotted_to_an_employee_benefit_trust_for_the_purpose_of_a_unit_based_employee_benefit_scheme__Alignment___e669447f.pdf
"Nov 12, 2024",Simplified registration for Foreign Portfolio Investors (FPIs),https://www.sebi.gov.in/legal/circulars/nov-2024/simplified-registration-for-foreign-portfolio-investors-fpis-_88408.html,https://www.sebi.gov.in/sebi_data/attachdocs/nov-2024/1731412799257.pdf,data\full_dataset\sebi\circulars\pdf\Simplified_registration_for_Foreign_Portfolio_Investors__FPIs___6b542984.pdf
"Nov 11, 2024",Trading supported by Blocked Amount in Secondary Market,https://www.sebi.gov.in/legal/circulars/nov-2024/trading-supported-by-blocked-amount-in-secondary-market_88339.html,https://www.sebi.gov.in/sebi_data/attachdocs/nov-2024/1731325292101.pdf,data\full_dataset\sebi\circulars\pdf\Trading_supported_by_Blocked_Amount_in_Secondary_Market__d068f0cb.pdf
"Nov 11, 2024",Procedure for reclassification of FPI investment to FDI,https://www.sebi.gov.in/legal/circulars/nov-2024/procedure-for-reclassification-of-fpi-investment-to-fdi_88329.html,https://www.sebi.gov.in/sebi_data/attachdocs/nov-2024/1731322362048.pdf,data\full_dataset\sebi\circulars\pdf\Procedure_for_reclassification_of_FPI_investment_to_FDI__ad6e519c.pdf
"Nov 05, 2024","Disclosure of expenses, half yearly returns, yield and risk-o-meter of  schemes of Mutual Funds",https://www.sebi.gov.in/legal/circulars/nov-2024/disclosure-of-expenses-half-yearly-returns-yield-and-risk-o-meter-of-schemes-of-mutual-funds_88230.html,https://www.sebi.gov.in/sebi_data/attachdocs/nov-2024/1730809272616.pdf,data\full_dataset\sebi\circulars\pdf\Disclosure_of_expenses__half_yearly_returns__yield_and_risk-o-meter_of_schemes_of_Mutual_Funds__48c36744.pdf
"Nov 04, 2024",Investments in Overseas Mutual Funds/ Unit Trusts by Indian Mutual Funds,https://www.sebi.gov.in/legal/circulars/nov-2024/investments-in-overseas-mutual-funds-unit-trusts-by-indian-mutual-funds_88198.html,https://www.sebi.gov.in/sebi_data/attachdocs/nov-2024/1730716066693.pdf,data\full_dataset\sebi\circulars\pdf\Investments_in_Overseas_Mutual_Funds__Unit_Trusts_by_Indian_Mutual_Funds__417511d1.pdf
"Oct 25, 2024",Annual Compliance Certificate for Client Level Segregation by Non-individual Investment Advisers and timeline for submission of periodic reports,https://www.sebi.gov.in/legal/circulars/oct-2024/annual-compliance-certificate-for-client-level-segregation-by-non-individual-investment-advisers-and-timeline-for-submission-of-periodic-reports_87975.html,https://www.sebi.gov.in/sebi_data/attachdocs/oct-2024/1729854783843.pdf,data\full_dataset\sebi\circulars\pdf\Annual_Compliance_Certificate_for_Client_Level_Segregation_by_Non-individual_Investment_Advisers_and_timeline_for_submission_of_periodic_reports__61e6394a.pdf
"Oct 25, 2024",Periodic Reporting format for Research Analysts and Proxy Advisers,https://www.sebi.gov.in/legal/circulars/oct-2024/periodic-reporting-format-for-research-analysts-and-proxy-advisers_87974.html,https://www.sebi.gov.in/sebi_data/attachdocs/oct-2024/1729854651890.pdf,data\full_dataset\sebi\circulars\pdf\Periodic_Reporting_format_for_Research_Analysts_and_Proxy_Advisers__ade56f84.pdf
"Oct 24, 2024",Clarification with respect to advertisement code for Research Analysts (RAs),https://www.sebi.gov.in/legal/circulars/oct-2024/clarification-with-respect-to-advertisement-code-for-research-analysts-ras-_87945.html,https://www.sebi.gov.in/sebi_data/attachdocs/oct-2024/1729769735490.pdf,data\full_dataset\sebi\circulars\pdf\Clarification_with_respect_to_advertisement_code_for_Research_Analysts__RAs___60e9cf08.pdf
"Oct 22, 2024",Modification in Annexure to Common Application Form (CAF),https://www.sebi.gov.in/legal/circulars/oct-2024/modification-in-annexure-to-common-application-form-caf-_87849.html,https://www.sebi.gov.in/sebi_data/attachdocs/oct-2024/1729596322788.pdf,data\full_dataset\sebi\circulars\pdf\Modification_in_Annexure_to_Common_Application_Form__CAF___5e9b8e57.pdf
"Oct 22, 2024",Association of persons regulated by the Board and their agents with certain persons,https://www.sebi.gov.in/legal/circulars/oct-2024/association-of-persons-regulated-by-the-board-and-their-agents-with-certain-persons_87837.html,https://www.sebi.gov.in/sebi_data/attachdocs/oct-2024/1729594417893.pdf,data\full_dataset\sebi\circulars\pdf\Association_of_persons_regulated_by_the_Board_and_their_agents_with_certain_persons__c8034c93.pdf
"Oct 22, 2024","Inclusion of Mutual Fund units in the SEBI (Prohibition of Insider Trading) Regulations, 2015",https://www.sebi.gov.in/legal/circulars/oct-2024/inclusion-of-mutual-fund-units-in-the-sebi-prohibition-of-insider-trading-regulations-2015_87833.html,https://www.sebi.gov.in/sebi_data/attachdocs/oct-2024/1729586000981.pdf,data\full_dataset\sebi\circulars\pdf\Inclusion_of_Mutual_Fund_units_in_the_SEBI__Prohibition_of_Insider_Trading__Regulations__2015__139c6231.pdf
"Oct 18, 2024",Clarification with regard to usage of 3 – in – 1 type accounts for making an application in public issue of securities,https://www.sebi.gov.in/legal/circulars/oct-2024/clarification-with-regard-to-usage-of-3-in-1-type-accounts-for-making-an-application-in-public-issue-of-securities_87747.html,https://www.sebi.gov.in/sebi_data/attachdocs/oct-2024/1729248148635.pdf,data\full_dataset\sebi\circulars\pdf\Clarification_with_regard_to_usage_of_3___in___1_type_accounts_for_making_an_application_in_public_issue_of_securities__6aca2970.pdf
"Oct 16, 2024",Introduction of Liquidity Window facility for investors in debt securities through Stock Exchange mechanism,https://www.sebi.gov.in/legal/circulars/oct-2024/introduction-of-liquidity-window-facility-for-investors-in-debt-securities-through-stock-exchange-mechanism_87674.html,https://www.sebi.gov.in/sebi_data/attachdocs/oct-2024/1729080300145.pdf,data\full_dataset\sebi\circulars\pdf\Introduction_of_Liquidity_Window_facility_for_investors_in_debt_securities_through_Stock_Exchange_mechanism__de3d2c3d.pdf
"Oct 15, 2024",Monitoring of position limits for equity derivative segment,https://www.sebi.gov.in/legal/circulars/oct-2024/monitoring-of-position-limits-for-equity-derivative-segment_87567.html,https://www.sebi.gov.in/sebi_data/attachdocs/oct-2024/1728990538428.pdf,data\full_dataset\sebi\circulars\pdf\Monitoring_of_position_limits_for_equity_derivative_segment__7d8707c9.pdf
"Oct 14, 2024",Monitoring Shareholding of Market Infrastructure Institutions (MIIs),https://www.sebi.gov.in/legal/circulars/oct-2024/monitoring-shareholding-of-market-infrastructure-institutions-miis-_87535.html,https://www.sebi.gov.in/sebi_data/attachdocs/oct-2024/1728906217741.pdf,data\full_dataset\sebi\circulars\pdf\Monitoring_Shareholding_of_Market_Infrastructure_Institutions__MIIs___55650d1f.pdf
"Oct 14, 2024",Corrigendum to Circular on Ease of Doing Business in the context of Standard Operating Procedure for payment of “Financial Disincentives” by Market Infrastructure Institutions (MIIs) as a result of Technical Glitch,https://www.sebi.gov.in/legal/circulars/oct-2024/corrigendum-to-circular-on-ease-of-doing-business-in-the-context-of-standard-operating-procedure-for-payment-of-financial-disincentives-by-market-infrastructure-institutions-miis-as-a-result-of-te-_87534.html,https://www.sebi.gov.in/sebi_data/attachdocs/oct-2024/1728905500483.pdf,data\full_dataset\sebi\circulars\pdf\Corrigendum_to_Circular_on_Ease_of_Doing_Business_in_the_context_of_Standard_Operating_Procedure_for_payment_of__Financial_Disincentives__by_Market_In__d6255842.pdf
"Oct 10, 2024",Change in timing for securities payout in the Activity schedule for T+1 Rolling Settlement,https://www.sebi.gov.in/legal/circulars/oct-2024/change-in-timing-for-securities-payout-in-the-activity-schedule-for-t-1-rolling-settlement_87512.html,https://www.sebi.gov.in/sebi_data/attachdocs/oct-2024/1728572020490.pdf,data\full_dataset\sebi\circulars\pdf\Change_in_timing_for_securities_payout_in_the_Activity_schedule_for_T_1_Rolling_Settlement__94cdcd5b.pdf
"Oct 10, 2024","Extension of timeline for implementation of SEBI Circular SEBI/HO/MIRSD/MIRSD-PoD1/P/CIR/2024/75 dated June 05, 2024",https://www.sebi.gov.in/legal/circulars/oct-2024/extension-of-timeline-for-implementation-of-sebi-circular-sebi-ho-mirsd-mirsd-pod1-p-cir-2024-75-dated-june-05-2024_87508.html,https://www.sebi.gov.in/sebi_data/attachdocs/oct-2024/1728560678871.pdf,data\full_dataset\sebi\circulars\pdf\Extension_of_timeline_for_implementation_of_SEBI_Circular_SEBI_HO_MIRSD_MIRSD-PoD1_P_CIR_2024_75_dated_June_05__2024__23f10a9e.pdf
"Oct 08, 2024",Specific due diligence of investors and investments of AIFs,https://www.sebi.gov.in/legal/circulars/oct-2024/specific-due-diligence-of-investors-and-investments-of-aifs_87434.html,https://www.sebi.gov.in/sebi_data/attachdocs/oct-2024/1728389873479.pdf,data\full_dataset\sebi\circulars\pdf\Specific_due_diligence_of_investors_and_investments_of_AIFs__1894bfe1.pdf
"Oct 07, 2024",Timelines for disclosures by Social Enterprises on Social Stock Exchange (“SSE”),https://www.sebi.gov.in/legal/circulars/oct-2024/timelines-for-disclosures-by-social-enterprises-on-social-stock-exchange-sse-_87387.html,https://www.sebi.gov.in/sebi_data/attachdocs/oct-2024/1728301368337.pdf,data\full_dataset\sebi\circulars\pdf\Timelines_for_disclosures_by_Social_Enterprises_on_Social_Stock_Exchange__SSE___486c77a2.pdf
"Oct 03, 2024","Relaxation from compliance with certain provisions of the SEBI (Listing Obligations and Disclosure Requirements) Regulations, 2015",https://www.sebi.gov.in/legal/circulars/oct-2024/relaxation-from-compliance-with-certain-provisions-of-the-sebi-listing-obligations-and-disclosure-requirements-regulations-2015_87323.html,https://www.sebi.gov.in/sebi_data/attachdocs/oct-2024/1728031883641.pdf,data\full_dataset\sebi\circulars\pdf\Relaxation_from_compliance_with_certain_provisions_of_the_SEBI__Listing_Obligations_and_Disclosure_Requirements__Regulations__2015__5a8d948b.pdf
"Oct 01, 2024",Review of Stress Testing Framework for Equity Derivatives segment for determining the corpus of Core Settlement Guarantee Fund,https://www.sebi.gov.in/legal/circulars/oct-2024/review-of-stress-testing-framework-for-equity-derivatives-segment-for-determining-the-corpus-of-core-settlement-guarantee-fund_87209.html,https://www.sebi.gov.in/sebi_data/attachdocs/oct-2024/1727788822669.pdf,data\full_dataset\sebi\circulars\pdf\Review_of_Stress_Testing_Framework_for_Equity_Derivatives_segment_for_determining_the_corpus_of_Core_Settlement_Guarantee_Fund__07d27df5.pdf
"Oct 01, 2024",Measures to Strengthen Equity Index Derivatives Framework for Increased Investor Protection and Market Stability,https://www.sebi.gov.in/legal/circulars/oct-2024/measures-to-strengthen-equity-index-derivatives-framework-for-increased-investor-protection-and-market-stability_87208.html,https://www.sebi.gov.in/sebi_data/attachdocs/oct-2024/1727786261636.pdf,data\full_dataset\sebi\circulars\pdf\Measures_to_Strengthen_Equity_Index_Derivatives_Framework_for_Increased_Investor_Protection_and_Market_Stability__52aedf55.pdf
"Sep 26, 2024",Operational Guidelines for Foreign Venture Capital Investors (FVCIs) and Designated Depository Participants (DDPs),https://www.sebi.gov.in/legal/circulars/sep-2024/operational-guidelines-for-foreign-venture-capital-investors-fvcis-and-designated-depository-participants-ddps-_87032.html,https://www.sebi.gov.in/sebi_data/attachdocs/sep-2024/1727354329259.pdf,data\full_dataset\sebi\circulars\pdf\Operational_Guidelines_for_Foreign_Venture_Capital_Investors__FVCIs__and_Designated_Depository_Participants__DDPs___87877525.pdf
"Sep 26, 2024",Reduction in the timeline for listing of debt securities and Non-convertible Redeemable Preference Shares to T+3 working days from existing T + 6 working days (as an option to issuers for a period of one year and on a permanent basis thereafter such that all listings occur on a T+3 basis),https://www.sebi.gov.in/legal/circulars/sep-2024/reduction-in-the-timeline-for-listing-of-debt-securities-and-non-convertible-redeemable-preference-shares-to-t-3-working-days-from-existing-t-6-working-days-as-an-option-to-issuers-for-a-period-of-_87014.html,https://www.sebi.gov.in/sebi_data/attachdocs/sep-2024/1727346960726.pdf,data\full_dataset\sebi\circulars\pdf\Reduction_in_the_timeline_for_listing_of_debt_securities_and_Non-convertible_Redeemable_Preference_Shares_to_T_3_working_days_from_existing_T___6_work__379a661a.pdf
"Sep 24, 2024",Parameters for Performance Evaluation of Market Infrastructure Institutions,https://www.sebi.gov.in/legal/circulars/sep-2024/parameters-for-performance-evaluation-of-market-infrastructure-institutions_86974.html,https://www.sebi.gov.in/sebi_data/attachdocs/sep-2024/1727179039045.pdf,data\full_dataset\sebi\circulars\pdf\Parameters_for_Performance_Evaluation_of_Market_Infrastructure_Institutions__c496f108.pdf
"Sep 24, 2024",Usage of UPI by individual investors for making an application in public issue of securities through intermediaries,https://www.sebi.gov.in/legal/circulars/sep-2024/usage-of-upi-by-individual-investors-for-making-an-application-in-public-issue-of-securities-through-intermediaries_86972.html,https://www.sebi.gov.in/sebi_data/attachdocs/sep-2024/1727178794123.pdf,data\full_dataset\sebi\circulars\pdf\Usage_of_UPI_by_individual_investors_for_making_an_application_in_public_issue_of_securities_through_intermediaries__fc265589.pdf
"Sep 20, 2024",Ease of Doing Business in the context of Standard Operating Procedure for payment of “Financial Disincentives” by Market Infrastructure Institutions (MIIs) as a result of Technical Glitch,https://www.sebi.gov.in/legal/circulars/sep-2024/ease-of-doing-business-in-the-context-of-standard-operating-procedure-for-payment-of-financial-disincentives-by-market-infrastructure-institutions-miis-as-a-result-of-technical-glitch_86878.html,https://www.sebi.gov.in/sebi_data/attachdocs/sep-2024/1726832640520.pdf,data\full_dataset\sebi\circulars\pdf\Ease_of_Doing_Business_in_the_context_of_Standard_Operating_Procedure_for_payment_of__Financial_Disincentives__by_Market_Infrastructure_Institutions____dcfb11e5.pdf
"Sep 20, 2024",Flexibility in participation of Mutual Funds in Credit Default Swaps (CDS),https://www.sebi.gov.in/legal/circulars/sep-2024/flexibility-in-participation-of-mutual-funds-in-credit-default-swaps-cds-_86871.html,https://www.sebi.gov.in/sebi_data/attachdocs/sep-2024/1726830336481.pdf,data\full_dataset\sebi\circulars\pdf\Flexibility_in_participation_of_Mutual_Funds_in_Credit_Default_Swaps__CDS___e5b3be3a.pdf
"Sep 19, 2024",Modification in framework for valuation of investment portfolio of AIFs,https://www.sebi.gov.in/legal/circulars/sep-2024/modification-in-framework-for-valuation-of-investment-portfolio-of-aifs_86803.html,https://www.sebi.gov.in/sebi_data/attachdocs/sep-2024/1726747283181.pdf,data\full_dataset\sebi\circulars\pdf\Modification_in_framework_for_valuation_of_investment_portfolio_of_AIFs__8c57022c.pdf
"Sep 16, 2024",Enabling T+2 trading of Bonus shares where T is the record date,https://www.sebi.gov.in/legal/circulars/sep-2024/enabling-t-2-trading-of-bonus-shares-where-t-is-the-record-date_86714.html,https://www.sebi.gov.in/sebi_data/attachdocs/sep-2024/1726484230463.pdf,data\full_dataset\sebi\circulars\pdf\Enabling_T_2_trading_of_Bonus_shares_where_T_is_the_record_date__6d01a3cc.pdf
"Sep 13, 2024",Reporting by Foreign Venture Capital Investors,https://www.sebi.gov.in/legal/circulars/sep-2024/reporting-by-foreign-venture-capital-investors_86680.html,https://www.sebi.gov.in/sebi_data/attachdocs/sep-2024/1726235373009.pdf,data\full_dataset\sebi\circulars\pdf\Reporting_by_Foreign_Venture_Capital_Investors__b7c865b5.pdf
"Sep 13, 2024",Optional mechanism for fee collection by SEBI registered Investment Advisers (IAs) and Research Analysts (RAs),https://www.sebi.gov.in/legal/circulars/sep-2024/optional-mechanism-for-fee-collection-by-sebi-registered-investment-advisers-ias-and-research-analysts-ras-_86668.html,https://www.sebi.gov.in/sebi_data/attachdocs/sep-2024/1726224673279.pdf,data\full_dataset\sebi\circulars\pdf\Optional_mechanism_for_fee_collection_by_SEBI_registered_Investment_Advisers__IAs__and_Research_Analysts__RAs___3b944375.pdf
"Sep 12, 2024",Modifications in Guidelines for Business Continuity Plan (BCP) and Disaster Recovery (DR) of Market Infrastructure Institutions (MIIs),https://www.sebi.gov.in/legal/circulars/sep-2024/modifications-in-guidelines-for-business-continuity-plan-bcp-and-disaster-recovery-dr-of-market-infrastructure-institutions-miis-_86601.html,https://www.sebi.gov.in/sebi_data/attachdocs/sep-2024/1726134414026.pdf,data\full_dataset\sebi\circulars\pdf\Modifications_in_Guidelines_for_Business_Continuity_Plan__BCP__and_Disaster_Recovery__DR__of_Market_Infrastructure_Institutions__MIIs___0b85cf01.pdf
"Sep 11, 2024",Allowing securities funded through cash collateral as maintenance margin for Margin Trading Facility (MTF),https://www.sebi.gov.in/legal/circulars/sep-2024/allowing-securities-funded-through-cash-collateral-as-maintenance-margin-for-margin-trading-facility-mtf-_86590.html,https://www.sebi.gov.in/sebi_data/attachdocs/sep-2024/1726055147074.pdf,data\full_dataset\sebi\circulars\pdf\Allowing_securities_funded_through_cash_collateral_as_maintenance_margin_for_Margin_Trading_Facility__MTF___00acab28.pdf
"Sep 06, 2024",Modification in the timeline for submission of status regarding payment obligations to the stock exchanges by entities that have listed commercial paper,https://www.sebi.gov.in/legal/circulars/sep-2024/modification-in-the-timeline-for-submission-of-status-regarding-payment-obligations-to-the-stock-exchanges-by-entities-that-have-listed-commercial-paper_86493.html,https://www.sebi.gov.in/sebi_data/attachdocs/sep-2024/1725623772776.pdf,data\full_dataset\sebi\circulars\pdf\Modification_in_the_timeline_for_submission_of_status_regarding_payment_obligations_to_the_stock_exchanges_by_entities_that_have_listed_commercial_pap__947700c2.pdf
"Aug 30, 2024",Review of eligibility criteria for entry/exit of stocks in derivatives segment,https://www.sebi.gov.in/legal/circulars/aug-2024/review-of-eligibility-criteria-for-entry-exit-of-stocks-in-derivatives-segment_86373.html,https://www.sebi.gov.in/sebi_data/attachdocs/aug-2024/1725027626764.pdf,data\full_dataset\sebi\circulars\pdf\Review_of_eligibility_criteria_for_entry_exit_of_stocks_in_derivatives_segment__2e00749b.pdf
"Aug 22, 2024","Amendment to Master Circular for Infrastructure Investment Trusts (InvITs) dated May 15, 2024 - Review of statement of investor complaints and timeline for disclosure of statement of deviation(s)",https://www.sebi.gov.in/legal/circulars/aug-2024/amendment-to-master-circular-for-infrastructure-investment-trusts-invits-dated-may-15-2024-review-of-statement-of-investor-complaints-and-timeline-for-disclosure-of-statement-of-deviation-s-_86047.html,https://www.sebi.gov.in/sebi_data/attachdocs/aug-2024/1724327848762.pdf,data\full_dataset\sebi\circulars\pdf\Amendment_to_Master_Circular_for_Infrastructure_Investment_Trusts__InvITs__dated_May_15__2024_-_Review_of_statement_of_investor_complaints_and_timelin__bab89a5b.pdf
"Aug 22, 2024","Amendment to Master Circular for Real Estate Investment Trusts (REITs) dated May 15, 2024 - Review of statement of investor complaints and timeline for disclosure of statement of deviation(s)",https://www.sebi.gov.in/legal/circulars/aug-2024/amendment-to-master-circular-for-real-estate-investment-trusts-reits-dated-may-15-2024-review-of-statement-of-investor-complaints-and-timeline-for-disclosure-of-statement-of-deviation-s-_86045.html,https://www.sebi.gov.in/sebi_data/attachdocs/aug-2024/1724327697026.pdf,data\full_dataset\sebi\circulars\pdf\Amendment_to_Master_Circular_for_Real_Estate_Investment_Trusts__REITs__dated_May_15__2024_-_Review_of_statement_of_investor_complaints_and_timeline_fo__0bce0522.pdf
"Aug 20, 2024",Cybersecurity and Cyber Resilience Framework (CSCRF) for SEBI Regulated Entities (REs),https://www.sebi.gov.in/legal/circulars/aug-2024/cybersecurity-and-cyber-resilience-framework-cscrf-for-sebi-regulated-entities-res-_85964.html,https://www.sebi.gov.in/sebi_data/attachdocs/aug-2024/1724326790365.pdf,data\full_dataset\sebi\circulars\pdf\Cybersecurity_and_Cyber_Resilience_Framework__CSCRF__for_SEBI_Regulated_Entities__REs___bd9ddb68.pdf
"Aug 19, 2024","Modalities for migration of Venture Capital Funds registered under erstwhile SEBI (Venture Capital Funds) Regulations, 1996 to SEBI (Alternative Investment Funds) Regulations, 2012",https://www.sebi.gov.in/legal/circulars/aug-2024/modalities-for-migration-of-venture-capital-funds-registered-under-erstwhile-sebi-venture-capital-funds-regulations-1996-to-sebi-alternative-investment-funds-regulations-2012_85914.html,https://www.sebi.gov.in/sebi_data/attachdocs/aug-2024/1724063629431.pdf,data\full_dataset\sebi\circulars\pdf\Modalities_for_migration_of_Venture_Capital_Funds_registered_under_erstwhile_SEBI__Venture_Capital_Funds__Regulations__1996_to_SEBI__Alternative_Inves__0a0e7813.pdf
"Aug 19, 2024",Guidelines for borrowing by Category I and Category II AIFs and maximum permissible limit for extension of tenure by LVFs,https://www.sebi.gov.in/legal/circulars/aug-2024/guidelines-for-borrowing-by-category-i-and-category-ii-aifs-and-maximum-permissible-limit-for-extension-of-tenure-by-lvfs_85909.html,https://www.sebi.gov.in/sebi_data/attachdocs/aug-2024/1724063293320.pdf,data\full_dataset\sebi\circulars\pdf\Guidelines_for_borrowing_by_Category_I_and_Category_II_AIFs_and_maximum_permissible_limit_for_extension_of_tenure_by_LVFs__b899a47a.pdf
"Aug 06, 2024","Amendment to Master Circular for Real Estate Investment Trusts (REITs) dated May 15, 2024 – Board nomination rights to unitholders of REITs",https://www.sebi.gov.in/legal/circulars/aug-2024/amendment-to-master-circular-for-real-estate-investment-trusts-reits-dated-may-15-2024-board-nomination-rights-to-unitholders-of-reits_85493.html,https://www.sebi.gov.in/sebi_data/attachdocs/aug-2024/1722923838435.pdf,data\full_dataset\sebi\circulars\pdf\Amendment_to_Master_Circular_for_Real_Estate_Investment_Trusts__REITs__dated_May_15__2024___Board_nomination_rights_to_unitholders_of_REITs__30c29502.pdf
"Aug 06, 2024","Amendment to Master Circular for Infrastructure Investment Trusts (InvITs) dated May 15, 2024 - Board nomination rights to unitholders of InvITs",https://www.sebi.gov.in/legal/circulars/aug-2024/amendment-to-master-circular-for-infrastructure-investment-trusts-invits-dated-may-15-2024-board-nomination-rights-to-unitholders-of-invits_85491.html,https://www.sebi.gov.in/sebi_data/attachdocs/aug-2024/1722923635717.pdf,data\full_dataset\sebi\circulars\pdf\Amendment_to_Master_Circular_for_Infrastructure_Investment_Trusts__InvITs__dated_May_15__2024_-_Board_nomination_rights_to_unitholders_of_InvITs__2c44e7bb.pdf
"Aug 05, 2024",Valuation of Additional Tier- 1 Bonds,https://www.sebi.gov.in/legal/circulars/aug-2024/valuation-of-additional-tier-1-bonds_85470.html,https://www.sebi.gov.in/sebi_data/attachdocs/aug-2024/1722863188093.pdf,data\full_dataset\sebi\circulars\pdf\Valuation_of_Additional_Tier-_1_Bonds__a1565683.pdf
"Aug 05, 2024",Institutional mechanism by Asset Management Companies for identification and deterrence of potential market abuse including front-running and fraudulent transactions in securities,https://www.sebi.gov.in/legal/circulars/aug-2024/institutional-mechanism-by-asset-management-companies-for-identification-and-deterrence-of-potential-market-abuse-including-front-running-and-fraudulent-transactions-in-securities_85468.html,https://www.sebi.gov.in/sebi_data/attachdocs/aug-2024/1722862941082.pdf,data\full_dataset\sebi\circulars\pdf\Institutional_mechanism_by_Asset_Management_Companies_for_identification_and_deterrence_of_potential_market_abuse_including_front-running_and_fraudule__e9497543.pdf
"Aug 01, 2024",Amendment to  Circular for mandating additional disclosures by FPIs that fulfil certain objective criteria,https://www.sebi.gov.in/legal/circulars/aug-2024/amendment-to-circular-for-mandating-additional-disclosures-by-fpis-that-fulfil-certain-objective-criteria_85371.html,https://www.sebi.gov.in/sebi_data/attachdocs/aug-2024/1722509280080.pdf,data\full_dataset\sebi\circulars\pdf\Amendment_to_Circular_for_mandating_additional_disclosures_by_FPIs_that_fulfil_certain_objective_criteria__b7dd2698.pdf
"Jul 19, 2024",Enabling ESG Rating Providers (ERPs) to undertake ESG rating activities under IFSCA,https://www.sebi.gov.in/legal/circulars/jul-2024/enabling-esg-rating-providers-erps-to-undertake-esg-rating-activities-under-ifsca_84851.html,https://www.sebi.gov.in/sebi_data/attachdocs/jul-2024/1721385760824.pdf,data\full_dataset\sebi\circulars\pdf\Enabling_ESG_Rating_Providers__ERPs__to_undertake_ESG_rating_activities_under_IFSCA__73827447.pdf
"Jul 19, 2024",Enabling Credit Rating Agencies (CRAs) to undertake rating activities under IFSCA,https://www.sebi.gov.in/legal/circulars/jul-2024/enabling-credit-rating-agencies-cras-to-undertake-rating-activities-under-ifsca_84849.html,https://www.sebi.gov.in/sebi_data/attachdocs/jul-2024/1721385479197.pdf,data\full_dataset\sebi\circulars\pdf\Enabling_Credit_Rating_Agencies__CRAs__to_undertake_rating_activities_under_IFSCA__296f5d4d.pdf
"Jul 12, 2024",Recognition of BSE Limited as Research Analyst Administration and Supervisory Body (RAASB) and Investment Adviser Administration and Supervisory Body (IAASB),https://www.sebi.gov.in/legal/circulars/jul-2024/recognition-of-bse-limited-as-research-analyst-administration-and-supervisory-body-raasb-and-investment-adviser-administration-and-supervisory-body-iaasb-_84748.html,https://www.sebi.gov.in/sebi_data/attachdocs/jul-2024/1720795024197.pdf,data\full_dataset\sebi\circulars\pdf\Recognition_of_BSE_Limited_as_Research_Analyst_Administration_and_Supervisory_Body__RAASB__and_Investment_Adviser_Administration_and_Supervisory_Body___07a2a73f.pdf
"Jul 09, 2024",Information to be filed by schemes of AIFs availing dissolution period/additional liquidation period and conditions for in-specie distribution of assets of AIFs,https://www.sebi.gov.in/legal/circulars/jul-2024/information-to-be-filed-by-schemes-of-aifs-availing-dissolution-period-additional-liquidation-period-and-conditions-for-in-specie-distribution-of-assets-of-aifs_84676.html,https://www.sebi.gov.in/sebi_data/attachdocs/jul-2024/1720524633760.pdf,data\full_dataset\sebi\circulars\pdf\Information_to_be_filed_by_schemes_of_AIFs_availing_dissolution_period_additional_liquidation_period_and_conditions_for_in-specie_distribution_of_asse__b9300915.pdf
"Jul 08, 2024",Ease of doing business - Streamlining of prudential norm for passive schemes regarding exposure to securities of group companies of the sponsor of Mutual Funds,https://www.sebi.gov.in/legal/circulars/jul-2024/ease-of-doing-business-streamlining-of-prudential-norm-for-passive-schemes-regarding-exposure-to-securities-of-group-companies-of-the-sponsor-of-mutual-funds_84633.html,https://www.sebi.gov.in/sebi_data/attachdocs/jul-2024/1720440959972.pdf,data\full_dataset\sebi\circulars\pdf\Ease_of_doing_business_-_Streamlining_of_prudential_norm_for_passive_schemes_regarding_exposure_to_securities_of_group_companies_of_the_sponsor_of_Mut__4756806e.pdf
"Jul 04, 2024",Measures for Ease of Doing Business for Credit Rating Agencies (CRAs) – Timelines and Disclosures,https://www.sebi.gov.in/legal/circulars/jul-2024/measures-for-ease-of-doing-business-for-credit-rating-agencies-cras-timelines-and-disclosures_84599.html,https://www.sebi.gov.in/sebi_data/attachdocs/jul-2024/1720102672222.PDF,data\full_dataset\sebi\circulars\pdf\Measures_for_Ease_of_Doing_Business_for_Credit_Rating_Agencies__CRAs____Timelines_and_Disclosures__dd4bc751.pdf
"Jul 04, 2024",Modification to Enhanced Supervision of Stock Brokers and Depository Participants,https://www.sebi.gov.in/legal/circulars/jul-2024/modification-to-enhanced-supervision-of-stock-brokers-and-depository-participants_84590.html,https://www.sebi.gov.in/sebi_data/attachdocs/jul-2024/1720090777606.pdf,data\full_dataset\sebi\circulars\pdf\Modification_to_Enhanced_Supervision_of_Stock_Brokers_and_Depository_Participants__f0c98d43.pdf
"Jul 04, 2024",Measures to instil confidence in securities market - Brokers' institutional mechanism for prevention and detection of fraud or market abuse,https://www.sebi.gov.in/legal/circulars/jul-2024/measures-to-instil-confidence-in-securities-market-brokers-institutional-mechanism-for-prevention-and-detection-of-fraud-or-market-abuse_84588.html,https://www.sebi.gov.in/sebi_data/attachdocs/jul-2024/1720084253426.pdf,data\full_dataset\sebi\circulars\pdf\Measures_to_instil_confidence_in_securities_market_-_Brokers__institutional_mechanism_for_prevention_and_detection_of_fraud_or_market_abuse__832ab4ef.pdf
"Jul 03, 2024",Reduction in denomination of debt securities and non-convertible redeemable preference shares,https://www.sebi.gov.in/legal/circulars/jul-2024/reduction-in-denomination-of-debt-securities-and-non-convertible-redeemable-preference-shares_84573.html,https://www.sebi.gov.in/sebi_data/attachdocs/jul-2024/1720008737846.pdf,data\full_dataset\sebi\circulars\pdf\Reduction_in_denomination_of_debt_securities_and_non-convertible_redeemable_preference_shares__b915236b.pdf
"Jul 01, 2024",Dispatch of Consolidated Account Statement (CAS) for all securities assets,https://www.sebi.gov.in/legal/circulars/jul-2024/dispatch-of-consolidated-account-statement-cas-for-all-securities-assets_84514.html,https://www.sebi.gov.in/sebi_data/attachdocs/jul-2024/1719887551143.pdf,data\full_dataset\sebi\circulars\pdf\Dispatch_of_Consolidated_Account_Statement__CAS__for_all_securities_assets__bde9e431.pdf
"Jul 01, 2024",Charges levied by Market Infrastructure Institutions – True to Label,https://www.sebi.gov.in/legal/circulars/jul-2024/charges-levied-by-market-infrastructure-institutions-true-to-label_84506.html,https://www.sebi.gov.in/sebi_data/attachdocs/jul-2024/1719836553556.pdf,data\full_dataset\sebi\circulars\pdf\Charges_levied_by_Market_Infrastructure_Institutions___True_to_Label__99019f16.pdf
"Jun 28, 2024",Facility for Basic Services Demat Account (BSDA) for Financial Inclusion and Ease of Investing,https://www.sebi.gov.in/legal/circulars/jun-2024/facility-for-basic-services-demat-account-bsda-for-financial-inclusion-and-ease-of-investing_84470.html,https://www.sebi.gov.in/sebi_data/attachdocs/jun-2024/1719572630913.pdf,data\full_dataset\sebi\circulars\pdf\Facility_for_Basic_Services_Demat_Account__BSDA__for_Financial_Inclusion_and_Ease_of_Investing__6067b030.pdf
"Jun 27, 2024","Participation by Non-Resident Indians (NRIs), Overseas Citizens of India (OCIs) and Resident Indian (RI) individuals in SEBI registered FPIs based in International Financial Services Centres in India",https://www.sebi.gov.in/legal/circulars/jun-2024/participation-by-non-resident-indians-nris-overseas-citizens-of-india-ocis-and-resident-indian-ri-individuals-in-sebi-registered-fpis-based-in-international-financial-services-centres-in-india_84449.html,https://www.sebi.gov.in/sebi_data/attachdocs/jun-2024/1719504315540.pdf,data\full_dataset\sebi\circulars\pdf\Participation_by_Non-Resident_Indians__NRIs__Overseas_Citizens_of_India__OCIs__and_Resident_Indian__RI__individuals_in_SEBI_registered_FPIs_based_in_I__d853292c.pdf
"Jun 25, 2024",Statutory Committees at Market Infrastructure Institutions (MIIs),https://www.sebi.gov.in/legal/circulars/jun-2024/statutory-committees-at-market-infrastructure-institutions-miis-_84397.html,https://www.sebi.gov.in/sebi_data/attachdocs/jun-2024/1719328204674.pdf,data\full_dataset\sebi\circulars\pdf\Statutory_Committees_at_Market_Infrastructure_Institutions__MIIs___8faf81bf.pdf
"Jun 20, 2024",System Audit of Professional Clearing Members (PCMs),https://www.sebi.gov.in/legal/circulars/jun-2024/system-audit-of-professional-clearing-members-pcms-_84321.html,https://www.sebi.gov.in/sebi_data/attachdocs/jun-2024/1718886035502.pdf,data\full_dataset\sebi\circulars\pdf\System_Audit_of_Professional_Clearing_Members__PCMs___248afab6.pdf
"Jun 20, 2024",Introduction of a special call auction mechanism for price discovery of scrips of listed Investment Companies (ICs) and listed Investment Holding Companies (IHCs),https://www.sebi.gov.in/legal/circulars/jun-2024/introduction-of-a-special-call-auction-mechanism-for-price-discovery-of-scrips-of-listed-investment-companies-ics-and-listed-investment-holding-companies-ihcs-_84319.html,https://www.sebi.gov.in/sebi_data/attachdocs/jun-2024/1718882661358.pdf,data\full_dataset\sebi\circulars\pdf\Introduction_of_a_special_call_auction_mechanism_for_price_discovery_of_scrips_of_listed_Investment_Companies__ICs__and_listed_Investment_Holding_Comp__ce7cc081.pdf
"Jun 20, 2024",Modification in duration for Call auction in pre-open session for Initial Public Offer (IPO) and Relisted scrips,https://www.sebi.gov.in/legal/circulars/jun-2024/modification-in-duration-for-call-auction-in-pre-open-session-for-initial-public-offer-ipo-and-relisted-scrips_84317.html,https://www.sebi.gov.in/sebi_data/attachdocs/jun-2024/1718881000551.pdf,data\full_dataset\sebi\circulars\pdf\Modification_in_duration_for_Call_auction_in_pre-open_session_for_Initial_Public_Offer__IPO__and_Relisted_scrips__5c792d4c.pdf
"Jun 19, 2024",Contribution to Core Settlement Guarantee Fund and Default Waterfall for Limited Purpose Clearing Corporation (LPCC),https://www.sebi.gov.in/legal/circulars/jun-2024/contribution-to-core-settlement-guarantee-fund-and-default-waterfall-for-limited-purpose-clearing-corporation-lpcc-_84295.html,https://www.sebi.gov.in/sebi_data/attachdocs/jun-2024/1718971621289.pdf,data\full_dataset\sebi\circulars\pdf\Contribution_to_Core_Settlement_Guarantee_Fund_and_Default_Waterfall_for_Limited_Purpose_Clearing_Corporation__LPCC___0fda790c.pdf
"Jun 14, 2024",Modification in Framework for Offer for Sale (OFS) of Shares to Employees through Stock Exchange Mechanism,https://www.sebi.gov.in/legal/circulars/jun-2024/modification-in-framework-for-offer-for-sale-ofs-of-shares-to-employees-through-stock-exchange-mechanism_84170.html,https://www.sebi.gov.in/sebi_data/attachdocs/jun-2024/1718367457993.pdf,data\full_dataset\sebi\circulars\pdf\Modification_in_Framework_for_Offer_for_Sale__OFS__of_Shares_to_Employees_through_Stock_Exchange_Mechanism__e0d241e0.pdf
"Jun 10, 2024",(a) Ease of Doing Investments- Non-submission of ‘Choice of Nomination’(i) Doing away with freezing of Demat Accounts and Mutual Fund Folios for existing investors;(ii) To remove freeze on payment of corporate benefits and service of physical folios;(b) Only 3 fields to be provided mandatorily for updating Nomination Details,https://www.sebi.gov.in/legal/circulars/jun-2024/-a-ease-of-doing-investments-non-submission-of-choice-of-nomination-_84053.html,https://www.sebi.gov.in/sebi_data/attachdocs/jun-2024/1718015731977.pdf,data\full_dataset\sebi\circulars\pdf\_a__Ease_of_Doing_Investments-_Non-submission_of__Choice_of_Nomination_i__Doing_away_with_freezing_of_Demat_Accounts_and_Mutual_Fund_Folios_for_existi__fd112e0a.pdf
"Jun 06, 2024",Uploading of KYC information by KYC Registration Agencies (KRAs) to Central KYC Records Registry (CKYCRR),https://www.sebi.gov.in/legal/circulars/jun-2024/uploading-of-kyc-information-by-kyc-registration-agencies-kras-to-central-kyc-records-registry-ckycrr-_84006.html,https://www.sebi.gov.in/sebi_data/attachdocs/jun-2024/1717676318545.pdf,data\full_dataset\sebi\circulars\pdf\Uploading_of_KYC_information_by_KYC_Registration_Agencies__KRAs__to_Central_KYC_Records_Registry__CKYCRR___09fc8b7e.pdf
"Jun 05, 2024",Framework for providing flexibility to Foreign Portfolio Investors in dealing with their securities post expiry of their registration,https://www.sebi.gov.in/legal/circulars/jun-2024/framework-for-providing-flexibility-to-foreign-portfolio-investors-in-dealing-with-their-securities-post-expiry-of-their-registration_83940.html,https://www.sebi.gov.in/sebi_data/attachdocs/jun-2024/1717600666165.pdf,data\full_dataset\sebi\circulars\pdf\Framework_for_providing_flexibility_to_Foreign_Portfolio_Investors_in_dealing_with_their_securities_post_expiry_of_their_registration__92f2791f.pdf
"Jun 05, 2024",Disclosures of Material Changes and Other Obligations for Foreign Portfolio Investors,https://www.sebi.gov.in/legal/circulars/jun-2024/disclosures-of-material-changes-and-other-obligations-for-foreign-portfolio-investors_83939.html,https://www.sebi.gov.in/sebi_data/attachdocs/jun-2024/1717587627531.pdf,data\full_dataset\sebi\circulars\pdf\Disclosures_of_Material_Changes_and_Other_Obligations_for_Foreign_Portfolio_Investors__d8f95c82.pdf
"Jun 05, 2024",Enhancement of operational efficiency and Risk Reduction - Pay-out of securities directly to client demat account,https://www.sebi.gov.in/legal/circulars/jun-2024/enhancement-of-operational-efficiency-and-risk-reduction-pay-out-of-securities-directly-to-client-demat-account_83930.html,https://www.sebi.gov.in/sebi_data/attachdocs/jun-2024/1717580920027.pdf,data\full_dataset\sebi\circulars\pdf\Enhancement_of_operational_efficiency_and_Risk_Reduction_-_Pay-out_of_securities_directly_to_client_demat_account__288368b6.pdf
"May 30, 2024",Comprehensive guidelines for Investor Protection Fund (IPF) and Investor Services Fund (ISF) for Stock Exchanges having commodity derivatives segment,https://www.sebi.gov.in/legal/circulars/may-2024/comprehensive-guidelines-for-investor-protection-fund-ipf-and-investor-services-fund-isf-for-stock-exchanges-having-commodity-derivatives-segment_83718.html,https://www.sebi.gov.in/sebi_data/attachdocs/may-2024/1717068988930.pdf,data\full_dataset\sebi\circulars\pdf\Comprehensive_guidelines_for_Investor_Protection_Fund__IPF__and_Investor_Services_Fund__ISF__for_Stock_Exchanges_having_commodity_derivatives_segment__67f166eb.pdf
"May 30, 2024",Revision of eligibility criteria for launching commodity futures contracts,https://www.sebi.gov.in/legal/circulars/may-2024/revision-of-eligibility-criteria-for-launching-commodity-futures-contracts_83684.html,https://www.sebi.gov.in/sebi_data/attachdocs/may-2024/1717062920559.pdf,data\full_dataset\sebi\circulars\pdf\Revision_of_eligibility_criteria_for_launching_commodity_futures_contracts__9b3f7c83.pdf
"May 30, 2024",Ease of Doing Business – Internet Based Trading for Stock Brokers,https://www.sebi.gov.in/legal/circulars/may-2024/ease-of-doing-business-internet-based-trading-for-stock-brokers_83681.html,https://www.sebi.gov.in/sebi_data/attachdocs/may-2024/1717052795988.pdf,data\full_dataset\sebi\circulars\pdf\Ease_of_Doing_Business___Internet_Based_Trading_for_Stock_Brokers__17400831.pdf
"May 29, 2024",Investor Charter for Stock Exchanges,https://www.sebi.gov.in/legal/circulars/may-2024/investor-charter-for-stock-exchanges_83653.html,https://www.sebi.gov.in/sebi_data/attachdocs/may-2024/1717058632756.pdf,data\full_dataset\sebi\circulars\pdf\Investor_Charter_for_Stock_Exchanges__1eee7f0c.pdf
"May 29, 2024",Modification in requirement of inspection of accredited warehouses by Clearing Corporations,https://www.sebi.gov.in/legal/circulars/may-2024/modification-in-requirement-of-inspection-of-accredited-warehouses-by-clearing-corporations_83651.html,https://www.sebi.gov.in/sebi_data/attachdocs/may-2024/1716995452022.pdf,data\full_dataset\sebi\circulars\pdf\Modification_in_requirement_of_inspection_of_accredited_warehouses_by_Clearing_Corporations__ef59bb2e.pdf
"May 29, 2024",Norms for acceptable collaterals and exposure of Clearing Corporations,https://www.sebi.gov.in/legal/circulars/may-2024/norms-for-acceptable-collaterals-and-exposure-of-clearing-corporations_83650.html,https://www.sebi.gov.in/sebi_data/attachdocs/may-2024/1716995348674.pdf,data\full_dataset\sebi\circulars\pdf\Norms_for_acceptable_collaterals_and_exposure_of_Clearing_Corporations__0344bee4.pdf
"May 29, 2024",Investor Charter for Depositories and Depository Participants,https://www.sebi.gov.in/legal/circulars/may-2024/investor-charter-for-depositories-and-depository-participants_83649.html,https://www.sebi.gov.in/sebi_data/attachdocs/may-2024/1716996550779.pdf,data\full_dataset\sebi\circulars\pdf\Investor_Charter_for_Depositories_and_Depository_Participants__8d416ec4.pdf
"May 27, 2024",Standard Operating Procedure for handling of Stock Exchange outage and  extension of trading hours thereof in Commodity Derivatives segment,https://www.sebi.gov.in/legal/circulars/may-2024/standard-operating-procedure-for-handling-of-stock-exchange-outage-and-extension-of-trading-hours-thereof-in-commodity-derivatives-segment_83588.html,https://www.sebi.gov.in/sebi_data/attachdocs/may-2024/1716808675206.pdf,data\full_dataset\sebi\circulars\pdf\Standard_Operating_Procedure_for_handling_of_Stock_Exchange_outage_and_extension_of_trading_hours_thereof_in_Commodity_Derivatives_segment__395644a9.pdf
"May 27, 2024",Eligibility criteria for launching Options with Commodity Futures as underlying by Stock Exchanges having commodity derivative segments,https://www.sebi.gov.in/legal/circulars/may-2024/eligibility-criteria-for-launching-options-with-commodity-futures-as-underlying-by-stock-exchanges-having-commodity-derivative-segments_83586.html,https://www.sebi.gov.in/sebi_data/attachdocs/may-2024/1716808483157.pdf,data\full_dataset\sebi\circulars\pdf\Eligibility_criteria_for_launching_Options_with_Commodity_Futures_as_underlying_by_Stock_Exchanges_having_commodity_derivative_segments__e595274b.pdf
"May 27, 2024",Self Regulatory Organizations for Social Impact Assessors in the context of Social Stock Exchange (SSE),https://www.sebi.gov.in/legal/circulars/may-2024/self-regulatory-organizations-for-social-impact-assessors-in-the-context-of-social-stock-exchange-sse-_83583.html,https://www.sebi.gov.in/sebi_data/attachdocs/may-2024/1716805777244.pdf,data\full_dataset\sebi\circulars\pdf\Self_Regulatory_Organizations_for_Social_Impact_Assessors_in_the_context_of_Social_Stock_Exchange__SSE___5e0894c6.pdf
"May 27, 2024",Timelines for disclosures by Social Enterprises on Social Stock Exchange (“SSE”),https://www.sebi.gov.in/legal/circulars/may-2024/timelines-for-disclosures-by-social-enterprises-on-social-stock-exchange-sse-_83582.html,https://www.sebi.gov.in/sebi_data/attachdocs/may-2024/1716805634142.pdf,data\full_dataset\sebi\circulars\pdf\Timelines_for_disclosures_by_Social_Enterprises_on_Social_Stock_Exchange__SSE___3d03cf6a.pdf
"May 24, 2024",Enhancement of Dynamic Price Bands for scrips in the Derivatives segment,https://www.sebi.gov.in/legal/circulars/may-2024/enhancement-of-dynamic-price-bands-for-scrips-in-the-derivatives-segment_83574.html,https://www.sebi.gov.in/sebi_data/attachdocs/may-2024/1716559743354.pdf,data\full_dataset\sebi\circulars\pdf\Enhancement_of_Dynamic_Price_Bands_for_scrips_in_the_Derivatives_segment__71e9fab5.pdf
"May 24, 2024",Norms for sharing of real time price data to third parties,https://www.sebi.gov.in/legal/circulars/may-2024/norms-for-sharing-of-real-time-price-data-to-third-parties_83572.html,https://www.sebi.gov.in/sebi_data/attachdocs/may-2024/1716559553659.pdf,data\full_dataset\sebi\circulars\pdf\Norms_for_sharing_of_real_time_price_data_to_third_parties__f593870e.pdf
"May 24, 2024",Modification in Staggered Delivery Period in Commodity Futures Contracts,https://www.sebi.gov.in/legal/circulars/may-2024/modification-in-staggered-delivery-period-in-commodity-futures-contracts_83570.html,https://www.sebi.gov.in/sebi_data/attachdocs/may-2024/1716550310879.pdf,data\full_dataset\sebi\circulars\pdf\Modification_in_Staggered_Delivery_Period_in_Commodity_Futures_Contracts__0c349b10.pdf
"May 24, 2024",Audiovisual (AV) presentation of disclosures made in Public Issue Offer Documents,https://www.sebi.gov.in/legal/circulars/may-2024/audiovisual-av-presentation-of-disclosures-made-in-public-issue-offer-documents_83569.html,https://www.sebi.gov.in/sebi_data/attachdocs/may-2024/1716549638692.pdf,data\full_dataset\sebi\circulars\pdf\Audiovisual__AV__presentation_of_disclosures_made_in_Public_Issue_Offer_Documents__b26e701d.pdf
"May 21, 2024",Industry Standards on verification of market rumours,https://www.sebi.gov.in/legal/circulars/may-2024/industry-standards-on-verification-of-market-rumours_83485.html,https://www.sebi.gov.in/sebi_data/attachdocs/may-2024/1716290076084.pdf,data\full_dataset\sebi\circulars\pdf\Industry_Standards_on_verification_of_market_rumours__72321712.pdf
"May 21, 2024",Framework for considering unaffected price for transactions upon confirmation of market rumour,https://www.sebi.gov.in/legal/circulars/may-2024/framework-for-considering-unaffected-price-for-transactions-upon-confirmation-of-market-rumour_83483.html,https://www.sebi.gov.in/sebi_data/attachdocs/may-2024/1716289866904.pdf,data\full_dataset\sebi\circulars\pdf\Framework_for_considering_unaffected_price_for_transactions_upon_confirmation_of_market_rumour__da2a6059.pdf
"May 14, 2024",Review of validation of KYC records by KRAs under Risk Management  Framework  |,https://www.sebi.gov.in/legal/circulars/may-2024/review-of-validation-of-kyc-records-by-kras-under-risk-management-framework-_83367.html,https://www.sebi.gov.in/sebi_data/faqfiles/may-2024/1715694256793.pdf,data\full_dataset\sebi\circulars\pdf\Review_of_validation_of_KYC_records_by_KRAs_under_Risk_Management_Framework____58161e76.pdf
"May 13, 2024",Certification requirement for key investment team of manager of AIF,https://www.sebi.gov.in/legal/circulars/may-2024/certification-requirement-for-key-investment-team-of-manager-of-aif_83328.html,https://www.sebi.gov.in/sebi_data/attachdocs/may-2024/1715609267097.pdf,data\full_dataset\sebi\circulars\pdf\Certification_requirement_for_key_investment_team_of_manager_of_AIF__48ed60f2.pdf
"May 07, 2024",Periodic reporting format for Investment Advisers,https://www.sebi.gov.in/legal/circulars/may-2024/periodic-reporting-format-for-investment-advisers_83230.html,https://www.sebi.gov.in/sebi_data/attachdocs/may-2024/1715110886503.pdf,data\full_dataset\sebi\circulars\pdf\Periodic_reporting_format_for_Investment_Advisers__5ef631a2.pdf
"May 06, 2024",Entities allowed to use e-KYC Aadhaar Authentication services of UIDAI in Securities Market as sub-KUA,https://www.sebi.gov.in/legal/circulars/may-2024/entities-allowed-to-use-e-kyc-aadhaar-authentication-services-of-uidai-in-securities-market-as-sub-kua_83178.html,https://www.sebi.gov.in/sebi_data/commondocs/may-2024/Gazette Notification_Annexure_A_p.pdf,data\full_dataset\sebi\circulars\pdf\Entities_allowed_to_use_e-KYC_Aadhaar_Authentication_services_of_UIDAI_in_Securities_Market_as_sub-KUA__2e901f17.pdf
"May 02, 2024",Portfolio Managers - Facilitating ease in digital on-boarding process for clients and enhancing transparency through disclosures,https://www.sebi.gov.in/legal/circulars/may-2024/portfolio-managers-facilitating-ease-in-digital-on-boarding-process-for-clients-and-enhancing-transparency-through-disclosures_83147.html,https://www.sebi.gov.in/sebi_data/attachdocs/may-2024/1714667710782.pdf,data\full_dataset\sebi\circulars\pdf\Portfolio_Managers_-_Facilitating_ease_in_digital_on-boarding_process_for_clients_and_enhancing_transparency_through_disclosures__6966303c.pdf
"May 02, 2024",Facilitating collective oversight of distributors for Portfolio Management Services (PMS) through APMI,https://www.sebi.gov.in/legal/circulars/may-2024/facilitating-collective-oversight-of-distributors-for-portfolio-management-services-pms-through-apmi_83146.html,https://www.sebi.gov.in/sebi_data/attachdocs/may-2024/1714654034019.pdf,data\full_dataset\sebi\circulars\pdf\Facilitating_collective_oversight_of_distributors_for_Portfolio_Management_Services__PMS__through_APMI__73f74d1a.pdf
"May 02, 2024",Framework for administration and supervision of Research Analysts  and Investment Advisers,https://www.sebi.gov.in/legal/circulars/may-2024/framework-for-administration-and-supervision-of-research-analysts-and-investment-advisers_83145.html,https://www.sebi.gov.in/sebi_data/attachdocs/may-2024/1714653925144.pdf,data\full_dataset\sebi\circulars\pdf\Framework_for_administration_and_supervision_of_Research_Analysts_and_Investment_Advisers__3ca3c0ea.pdf
"Apr 30, 2024",Nomination for Mutual Fund unitholders – exemption for jointly held folios,https://www.sebi.gov.in/legal/circulars/apr-2024/nomination-for-mutual-fund-unitholders-exemption-for-jointly-held-folios_83122.html,https://www.sebi.gov.in/sebi_data/attachdocs/apr-2024/1714500460449.pdf,data\full_dataset\sebi\circulars\pdf\Nomination_for_Mutual_Fund_unitholders___exemption_for_jointly_held_folios__bed57000.pdf
"Apr 30, 2024",Ease of doing business- Fund manager for Mutual fund schemes investing in commodities and overseas securities.,https://www.sebi.gov.in/legal/circulars/apr-2024/ease-of-doing-business-fund-manager-for-mutual-fund-schemes-investing-in-commodities-and-overseas-securities-_83120.html,https://www.sebi.gov.in/sebi_data/attachdocs/apr-2024/1714500252013.pdf,data\full_dataset\sebi\circulars\pdf\Ease_of_doing_business-_Fund_manager_for_Mutual_fund_schemes_investing_in_commodities_and_overseas_securities__c20d1f8c.pdf
"Apr 29, 2024",Relaxation in requirement of intimation of changes in the terms of Private Placement Memorandum of Alternative Investment Funds through Merchant Banker,https://www.sebi.gov.in/legal/circulars/apr-2024/relaxation-in-requirement-of-intimation-of-changes-in-the-terms-of-private-placement-memorandum-of-alternative-investment-funds-through-merchant-banker_83091.html,https://www.sebi.gov.in/sebi_data/attachdocs/apr-2024/1714394871858.pdf,data\full_dataset\sebi\circulars\pdf\Relaxation_in_requirement_of_intimation_of_changes_in_the_terms_of_Private_Placement_Memorandum_of_Alternative_Investment_Funds_through_Merchant_Banke__f6a28600.pdf
"Apr 26, 2024",Framework for Category I and II Alternative Investment Funds (AIFs) to create encumbrance on their holding of equity of investee companies,https://www.sebi.gov.in/legal/circulars/apr-2024/framework-for-category-i-and-ii-alternative-investment-funds-aifs-to-create-encumbrance-on-their-holding-of-equity-of-investee-companies_83067.html,https://www.sebi.gov.in/sebi_data/attachdocs/apr-2024/1714143915476.pdf,data\full_dataset\sebi\circulars\pdf\Framework_for_Category_I_and_II_Alternative_Investment_Funds__AIFs__to_create_encumbrance_on_their_holding_of_equity_of_investee_companies__562ce4a1.pdf
"Apr 26, 2024",Flexibility to Alternative Investment Funds (AIFs) and their investors to deal with unliquidated investments of their schemes,https://www.sebi.gov.in/legal/circulars/apr-2024/flexibility-to-alternative-investment-funds-aifs-and-their-investors-to-deal-with-unliquidated-investments-of-their-schemes_83065.html,https://www.sebi.gov.in/sebi_data/attachdocs/apr-2024/1714143356710.pdf,data\full_dataset\sebi\circulars\pdf\Flexibility_to_Alternative_Investment_Funds__AIFs__and_their_investors_to_deal_with_unliquidated_investments_of_their_schemes__80921802.pdf
"Apr 24, 2024",Ease of Doing Business: Text on Contract Note with respect to Fit and Proper status of shareholders,https://www.sebi.gov.in/legal/circulars/apr-2024/ease-of-doing-business-text-on-contract-note-with-respect-to-fit-and-proper-status-of-shareholders_83015.html,https://www.sebi.gov.in/sebi_data/attachdocs/apr-2024/1714022326545.pdf,data\full_dataset\sebi\circulars\pdf\Ease_of_Doing_Business__Text_on_Contract_Note_with_respect_to_Fit_and_Proper_status_of_shareholders__cb43f679.pdf
"Apr 23, 2024",Cross Margin benefits for offsetting positions having different expiry dates,https://www.sebi.gov.in/legal/circulars/apr-2024/cross-margin-benefits-for-offsetting-positions-having-different-expiry-dates_82977.html,https://www.sebi.gov.in/sebi_data/attachdocs/apr-2024/1713880513307.pdf,data\full_dataset\sebi\circulars\pdf\Cross_Margin_benefits_for_offsetting_positions_having_different_expiry_dates__696e8456.pdf
"Apr 18, 2024",Standardization of the Private Placement Memorandum (PPM) Audit Report,https://www.sebi.gov.in/legal/circulars/apr-2024/standardization-of-the-private-placement-memorandum-ppm-audit-report_82938.html,https://www.sebi.gov.in/sebi_data/attachdocs/apr-2024/1713447032159.pdf,data\full_dataset\sebi\circulars\pdf\Standardization_of_the_Private_Placement_Memorandum__PPM__Audit_Report__a274e55b.pdf
"Apr 05, 2024",Entities allowed to use e-KYC Aadhaar Authentication services of UIDAI in Securities Market as sub-KUA,https://www.sebi.gov.in/legal/circulars/apr-2024/entities-allowed-to-use-e-kyc-aadhaar-authentication-services-of-uidai-in-securities-market-as-sub-kua_82813.html,https://www.sebi.gov.in/sebi_data/attachdocs/apr-2024/1712558634848.pdf,data\full_dataset\sebi\circulars\pdf\Entities_allowed_to_use_e-KYC_Aadhaar_Authentication_services_of_UIDAI_in_Securities_Market_as_sub-KUA__fcc701e0.pdf
"Mar 21, 2024",Introduction of Beta version of T+0 rolling settlement cycle on optional basis in addition to the existing T+1 settlement cycle in Equity Cash Markets,https://www.sebi.gov.in/legal/circulars/mar-2024/introduction-of-beta-version-of-t-0-rolling-settlement-cycle-on-optional-basis-in-addition-to-the-existing-t-1-settlement-cycle-in-equity-cash-markets_82455.html,https://www.sebi.gov.in/sebi_data/attachdocs/mar-2024/1711019839112.pdf,data\full_dataset\sebi\circulars\pdf\Introduction_of_Beta_version_of_T_0_rolling_settlement_cycle_on_optional_basis_in_addition_to_the_existing_T_1_settlement_cycle_in_Equity_Cash_Markets__8ed1362f.pdf
"Mar 20, 2024",Amendment to Circular for mandating additional disclosures by FPIs that fulfil certain objective criteria,https://www.sebi.gov.in/legal/circulars/mar-2024/amendment-to-circular-for-mandating-additional-disclosures-by-fpis-that-fulfil-certain-objective-criteria_82418.html,https://www.sebi.gov.in/sebi_data/attachdocs/mar-2024/1710934861104.pdf,data\full_dataset\sebi\circulars\pdf\Amendment_to_Circular_for_mandating_additional_disclosures_by_FPIs_that_fulfil_certain_objective_criteria__b43a104c.pdf
"Mar 20, 2024",Safeguards to address the concerns of the investors on transfer of securities in dematerialized mode,https://www.sebi.gov.in/legal/circulars/mar-2024/safeguards-to-address-the-concerns-of-the-investors-on-transfer-of-securities-in-dematerialized-mode_82417.html,https://www.sebi.gov.in/sebi_data/attachdocs/mar-2024/1710934761978.pdf,data\full_dataset\sebi\circulars\pdf\Safeguards_to_address_the_concerns_of_the_investors_on_transfer_of_securities_in_dematerialized_mode__0c444940.pdf
"Mar 19, 2024",Entities allowed to use e-KYC Aadhaar Authentication services of UIDAI in Securities Market as sub-KUA,https://www.sebi.gov.in/legal/circulars/mar-2024/entities-allowed-to-use-e-kyc-aadhaar-authentication-services-of-uidai-in-securities-market-as-sub-kua_82364.html,https://www.sebi.gov.in/sebi_data/attachdocs/mar-2024/1710846357597.pdf,data\full_dataset\sebi\circulars\pdf\Entities_allowed_to_use_e-KYC_Aadhaar_Authentication_services_of_UIDAI_in_Securities_Market_as_sub-KUA__850acfc0.pdf
"Mar 13, 2024","Repeal of circular(s) outlining procedure to deal with cases where securities are issued prior to April 01, 2014, involving offer / allotment of securities to more than 49 but up to 200 investors in a financial year",https://www.sebi.gov.in/legal/circulars/mar-2024/repeal-of-circular-s-outlining-procedure-to-deal-with-cases-where-securities-are-issued-prior-to-april-01-2014-involving-offer-allotment-of-securities-to-more-than-49-but-up-to-200-investors-in-a-_82230.html,https://www.sebi.gov.in/sebi_data/attachdocs/mar-2024/1710340528651.pdf,data\full_dataset\sebi\circulars\pdf\Repeal_of_circular_s__outlining_procedure_to_deal_with_cases_where_securities_are_issued_prior_to_April_01__2014__involving_offer___allotment_of_secur__8dfe6bde.pdf
"Mar 12, 2024",Simplification and streamlining of Offer Documents of Mutual Fund  Schemes - Extension of timelines,https://www.sebi.gov.in/legal/circulars/mar-2024/simplification-and-streamlining-of-offer-documents-of-mutual-fund-schemes-extension-of-timelines_82169.html,https://www.sebi.gov.in/sebi_data/attachdocs/mar-2024/1710243621710.pdf,data\full_dataset\sebi\circulars\pdf\Simplification_and_streamlining_of_Offer_Documents_of_Mutual_Fund_Schemes_-_Extension_of_timelines__8ededdf5.pdf
"Mar 11, 2024",Measures to instill trust in securities market – Expanding the framework of Qualified Stock Brokers (QSBs) to more stock brokers,https://www.sebi.gov.in/legal/circulars/mar-2024/measures-to-instill-trust-in-securities-market-expanding-the-framework-of-qualified-stock-brokers-qsbs-to-more-stock-brokers_82149.html,https://www.sebi.gov.in/sebi_data/attachdocs/mar-2024/1710151653842.pdf,data\full_dataset\sebi\circulars\pdf\Measures_to_instill_trust_in_securities_market___Expanding_the_framework_of_Qualified_Stock_Brokers__QSBs__to_more_stock_brokers__6ac9c523.pdf
"Mar 05, 2024","Notification for List of goods notified under SCRA, 1956",https://www.sebi.gov.in/legal/circulars/mar-2024/notification-for-list-of-goods-notified-under-scra-1956_82070.html,https://www.sebi.gov.in/sebi_data/attachdocs/mar-2024/1709703928743.pdf,data\full_dataset\sebi\circulars\pdf\Notification_for_List_of_goods_notified_under_SCRA__1956__81518679.pdf
"Feb 20, 2024",Centralization of certifications under Foreign Account Tax Compliance Act (FATCA) and Common Reporting Standard (CRS) at KYC Registration Agencies (KRAs),https://www.sebi.gov.in/legal/circulars/feb-2024/centralization-of-certifications-under-foreign-account-tax-compliance-act-fatca-and-common-reporting-standard-crs-at-kyc-registration-agencies-kras-_81583.html,https://www.sebi.gov.in/sebi_data/attachdocs/feb-2024/1708431571143.pdf,data\full_dataset\sebi\circulars\pdf\Centralization_of_certifications_under_Foreign_Account_Tax_Compliance_Act__FATCA__and_Common_Reporting_Standard__CRS__at_KYC_Registration_Agencies__KR__47c09445.pdf
"Feb 08, 2024",Revised Pricing Methodology for Institutional Placements of Privately Placed Infrastructure Investment Trust (InvIT),https://www.sebi.gov.in/legal/circulars/feb-2024/revised-pricing-methodology-for-institutional-placements-of-privately-placed-infrastructure-investment-trust-invit-_81268.html,https://www.sebi.gov.in/sebi_data/attachdocs/feb-2024/1707390924823.pdf,data\full_dataset\sebi\circulars\pdf\Revised_Pricing_Methodology_for_Institutional_Placements_of_Privately_Placed_Infrastructure_Investment_Trust__InvIT___2d63f689.pdf
"Feb 06, 2024",Guidelines for returning of draft offer document and its resubmission,https://www.sebi.gov.in/legal/circulars/feb-2024/guidelines-for-returning-of-draft-offer-document-and-its-resubmission_81146.html,https://www.sebi.gov.in/sebi_data/attachdocs/feb-2024/1707222904131.pdf,data\full_dataset\sebi\circulars\pdf\Guidelines_for_returning_of_draft_offer_document_and_its_resubmission__35c36505.pdf
"Jan 25, 2024",Streamlining of Regulatory Reporting by Designated Depository Participants (DDPs) and Custodians,https://www.sebi.gov.in/legal/circulars/jan-2024/streamlining-of-regulatory-reporting-by-designated-depository-participants-ddps-and-custodians_80869.html,https://www.sebi.gov.in/sebi_data/attachdocs/jan-2024/1706195921570.pdf,data\full_dataset\sebi\circulars\pdf\Streamlining_of_Regulatory_Reporting_by_Designated_Depository_Participants__DDPs__and_Custodians__053750e8.pdf
"Jan 25, 2024",Extension of timeline for verification of market rumours by listed entities,https://www.sebi.gov.in/legal/circulars/jan-2024/extension-of-timeline-for-verification-of-market-rumours-by-listed-entities_80867.html,https://www.sebi.gov.in/sebi_data/attachdocs/jan-2024/1706179125495.pdf,data\full_dataset\sebi\circulars\pdf\Extension_of_timeline_for_verification_of_market_rumours_by_listed_entities__216e1261.pdf
"Jan 23, 2024",Framework for Offer for Sale (OFS) of Shares to Employees through Stock Exchange Mechanism,https://www.sebi.gov.in/legal/circulars/jan-2024/framework-for-offer-for-sale-ofs-of-shares-to-employees-through-stock-exchange-mechanism_80842.html,https://www.sebi.gov.in/sebi_data/attachdocs/jan-2024/1706016809510.pdf,data\full_dataset\sebi\circulars\pdf\Framework_for_Offer_for_Sale__OFS__of_Shares_to_Employees_through_Stock_Exchange_Mechanism__a87a4d32.pdf
"Jan 12, 2024",Guidelines for AIFs with respect to holding their investments in  dematerialised form and appointment of custodian,https://www.sebi.gov.in/legal/circulars/jan-2024/guidelines-for-aifs-with-respect-to-holding-their-investments-in-dematerialised-form-and-appointment-of-custodian_80614.html,https://www.sebi.gov.in/sebi_data/attachdocs/jan-2024/1705113545037.pdf,data\full_dataset\sebi\circulars\pdf\Guidelines_for_AIFs_with_respect_to_holding_their_investments_in_dematerialised_form_and_appointment_of_custodian__9261f59e.pdf
"Jan 12, 2024",Ease of doing business- Changes in reporting,https://www.sebi.gov.in/legal/circulars/jan-2024/ease-of-doing-business-changes-in-reporting_80598.html,https://www.sebi.gov.in/sebi_data/attachdocs/jan-2024/1705071206717.pdf,data\full_dataset\sebi\circulars\pdf\Ease_of_doing_business-_Changes_in_reporting__166a5bae.pdf
"Jan 12, 2024",Ease of Doing Investments by Investors- Facility of voluntary freezing/ blocking of Trading Accounts by Clients,https://www.sebi.gov.in/legal/circulars/jan-2024/ease-of-doing-investments-by-investors-facility-of-voluntary-freezing-blocking-of-trading-accounts-by-clients_80597.html,https://www.sebi.gov.in/sebi_data/attachdocs/jan-2024/1705059850043.pdf,data\full_dataset\sebi\circulars\pdf\Ease_of_Doing_Investments_by_Investors-_Facility_of_voluntary_freezing__blocking_of_Trading_Accounts_by_Clients__063ee87d.pdf
"Jan 11, 2024",Foreign investment in Alternative Investment Funds (AIFs),https://www.sebi.gov.in/legal/circulars/jan-2024/foreign-investment-in-alternative-investment-funds-aifs-_80593.html,https://www.sebi.gov.in/sebi_data/attachdocs/jan-2024/1705022149073.pdf,data\full_dataset\sebi\circulars\pdf\Foreign_investment_in_Alternative_Investment_Funds__AIFs___b6275600.pdf
"Jan 05, 2024",Framework for Short Selling,https://www.sebi.gov.in/legal/circulars/jan-2024/framework-for-short-selling_80448.html,https://www.sebi.gov.in/sebi_data/attachdocs/jan-2024/1704466451731.pdf,data\full_dataset\sebi\circulars\pdf\Framework_for_Short_Selling__ca339417.pdf
"Dec 28, 2023",Settlement of Running Account of Client’s Funds lying with Trading Member (TM),https://www.sebi.gov.in/legal/circulars/dec-2023/settlement-of-running-account-of-client-s-funds-lying-with-trading-member-tm-_80239.html,https://www.sebi.gov.in/sebi_data/attachdocs/dec-2023/1703764474216.pdf,data\full_dataset\sebi\circulars\pdf\Settlement_of_Running_Account_of_Client_s_Funds_lying_with_Trading_Member__TM___18c12b6a.pdf
"Dec 28, 2023",Modifications to provisions of Chapter XXI of NCS Master Circular dealing with registration and regulatory framework for Online Bond Platform Providers (OBPPs),https://www.sebi.gov.in/legal/circulars/dec-2023/modifications-to-provisions-of-chapter-xxi-of-ncs-master-circular-dealing-with-registration-and-regulatory-framework-for-online-bond-platform-providers-obpps-_80235.html,https://www.sebi.gov.in/sebi_data/attachdocs/dec-2023/1703761312235.pdf,data\full_dataset\sebi\circulars\pdf\Modifications_to_provisions_of_Chapter_XXI_of_NCS_Master_Circular_dealing_with_registration_and_regulatory_framework_for_Online_Bond_Platform_Provider__70af4fbf.pdf
"Dec 28, 2023",Framework on Social Stock Exchange,https://www.sebi.gov.in/legal/circulars/dec-2023/framework-on-social-stock-exchange_80233.html,https://www.sebi.gov.in/sebi_data/attachdocs/jan-2024/1704109290226.pdf,data\full_dataset\sebi\circulars\pdf\Framework_on_Social_Stock_Exchange__1eb4b58a.pdf
"Dec 27, 2023",Extension of timelines for providing ‘choice of nomination’ in eligible demat accounts and mutual fund folios,https://www.sebi.gov.in/legal/circulars/dec-2023/extension-of-timelines-for-providing-choice-of-nomination-in-eligible-demat-accounts-and-mutual-fund-folios_80221.html,https://www.sebi.gov.in/sebi_data/attachdocs/dec-2023/1703677607010.pdf,data\full_dataset\sebi\circulars\pdf\Extension_of_timelines_for_providing__choice_of_nomination__in_eligible_demat_accounts_and_mutual_fund_folios__6dd720e2.pdf
"Dec 20, 2023",Business Continuity for Clearing Corporations through Software as a Service (SaaS) Model,https://www.sebi.gov.in/legal/circulars/dec-2023/business-continuity-for-clearing-corporations-through-software-as-a-service-saas-model_80115.html,https://www.sebi.gov.in/sebi_data/attachdocs/dec-2023/1703081380917.pdf,data\full_dataset\sebi\circulars\pdf\Business_Continuity_for_Clearing_Corporations_through_Software_as_a_Service__SaaS__Model__fb53d812.pdf
"Dec 20, 2023","Amendment to Circular dated July 31, 2023 on Online Resolution of Disputes in the Indian Securities Market",https://www.sebi.gov.in/legal/circulars/dec-2023/amendment-to-circular-dated-july-31-2023-on-online-resolution-of-disputes-in-the-indian-securities-market_80110.html,https://www.sebi.gov.in/sebi_data/attachdocs/dec-2023/1703148621867.pdf,data\full_dataset\sebi\circulars\pdf\Amendment_to_Circular_dated_July_31__2023_on_Online_Resolution_of_Disputes_in_the_Indian_Securities_Market__9a41f278.pdf
"Dec 19, 2023",Principles of Financial Market Infrastructures (PFMIs),https://www.sebi.gov.in/legal/circulars/dec-2023/principles-of-financial-market-infrastructures-pfmis-_80014.html,https://www.sebi.gov.in/sebi_data/attachdocs/dec-2023/1702986625521.pdf,data\full_dataset\sebi\circulars\pdf\Principles_of_Financial_Market_Infrastructures__PFMIs___caff8f62.pdf
"Dec 18, 2023",Simplification of requirements for grant of accreditation to investors,https://www.sebi.gov.in/legal/circulars/dec-2023/simplification-of-requirements-for-grant-of-accreditation-to-investors_79990.html,https://www.sebi.gov.in/sebi_data/attachdocs/dec-2023/1702908328813.pdf,data\full_dataset\sebi\circulars\pdf\Simplification_of_requirements_for_grant_of_accreditation_to_investors__d6cb28ca.pdf
"Dec 12, 2023",Upstreaming of clients’ funds by Stock Brokers (SBs) / Clearing Members (CMs) to Clearing Corporations (CCs),https://www.sebi.gov.in/legal/circulars/dec-2023/upstreaming-of-clients-funds-by-stock-brokers-sbs-clearing-members-cms-to-clearing-corporations-ccs-_79788.html,https://www.sebi.gov.in/sebi_data/attachdocs/dec-2023/1702378601453.pdf,data\full_dataset\sebi\circulars\pdf\Upstreaming_of_clients__funds_by_Stock_Brokers__SBs____Clearing_Members__CMs__to_Clearing_Corporations__CCs___c5f892f9.pdf
"Dec 11, 2023",Credit of units of AIFs in dematerialised form,https://www.sebi.gov.in/legal/circulars/dec-2023/credit-of-units-of-aifs-in-dematerialised-form_79774.html,https://www.sebi.gov.in/sebi_data/attachdocs/dec-2023/1702308791798.pdf,data\full_dataset\sebi\circulars\pdf\Credit_of_units_of_AIFs_in_dematerialised_form__c9c33356.pdf
"Dec 06, 2023",Revised framework for computation of Net Distributable Cash Flow (NDCF) by Infrastructure Investment Trusts (InvITs),https://www.sebi.gov.in/legal/circulars/dec-2023/revised-framework-for-computation-of-net-distributable-cash-flow-ndcf-by-infrastructure-investment-trusts-invits-_79657.html,https://www.sebi.gov.in/sebi_data/attachdocs/dec-2023/1701864911662.PDF,data\full_dataset\sebi\circulars\pdf\Revised_framework_for_computation_of_Net_Distributable_Cash_Flow__NDCF__by_Infrastructure_Investment_Trusts__InvITs___342a94f6.pdf
"Dec 06, 2023",Revised framework for computation of Net Distributable Cash Flow (NDCF) by Real Estate Investment Trusts (REITs),https://www.sebi.gov.in/legal/circulars/dec-2023/revised-framework-for-computation-of-net-distributable-cash-flow-ndcf-by-real-estate-investment-trusts-reits-_79656.html,https://www.sebi.gov.in/sebi_data/attachdocs/dec-2023/1701864866797.PDF,data\full_dataset\sebi\circulars\pdf\Revised_framework_for_computation_of_Net_Distributable_Cash_Flow__NDCF__by_Real_Estate_Investment_Trusts__REITs___39af8130.pdf
"Dec 01, 2023","Extension of timeline for implementation of provisions of circular SEBI/HO/OIAE/IGRD/CIR/P/2023/156 dated September 20, 2023 on Redressal of investor grievances through the SEBI Complaint Redressal (SCORES) Platform and linking it to Online Dispute Resolution platform.",https://www.sebi.gov.in/legal/circulars/dec-2023/extension-of-timeline-for-implementation-of-provisions-of-circular-sebi-ho-oiae-igrd-cir-p-2023-156-dated-september-20-2023-on-redressal-of-investor-grievances-through-the-sebi-complaint-redressal-s-_79499.html,https://www.sebi.gov.in/sebi_data/attachdocs/dec-2023/1701420681196.pdf,data\full_dataset\sebi\circulars\pdf\Extension_of_timeline_for_implementation_of_provisions_of_circular_SEBI_HO_OIAE_IGRD_CIR_P_2023_156_dated_September_20__2023_on_Redressal_of_investor___90139d2e.pdf
"Nov 17, 2023","Simplified norms for processing investor’s service requests by RTAs and norms for furnishing PAN, KYC details and nomination",https://www.sebi.gov.in/legal/circulars/nov-2023/simplified-norms-for-processing-investor-s-service-requests-by-rtas-and-norms-for-furnishing-pan-kyc-details-and-nomination_79167.html,https://www.sebi.gov.in/sebi_data/attachdocs/nov-2023/1700215357831.pdf,data\full_dataset\sebi\circulars\pdf\Simplified_norms_for_processing_investor_s_service_requests_by_RTAs_and_norms_for_furnishing_PAN__KYC_details_and_nomination__c45d8b71.pdf
"Nov 13, 2023",Most Important Terms and Conditions,https://www.sebi.gov.in/legal/circulars/nov-2023/most-important-terms-and-conditions_79085.html,https://www.sebi.gov.in/sebi_data/attachdocs/nov-2023/1699874452121.pdf,data\full_dataset\sebi\circulars\pdf\Most_Important_Terms_and_Conditions__690f4b74.pdf
"Nov 08, 2023",Procedural framework for dealing with unclaimed amounts lying with Real Estate Investment Trusts (REITs) and manner of claiming such amounts by unitholders,https://www.sebi.gov.in/legal/circulars/nov-2023/procedural-framework-for-dealing-with-unclaimed-amounts-lying-with-real-estate-investment-trusts-reits-and-manner-of-claiming-such-amounts-by-unitholders_78992.html,https://www.sebi.gov.in/sebi_data/attachdocs/nov-2023/1699440566216.pdf,data\full_dataset\sebi\circulars\pdf\Procedural_framework_for_dealing_with_unclaimed_amounts_lying_with_Real_Estate_Investment_Trusts__REITs__and_manner_of_claiming_such_amounts_by_unitho__d51ee350.pdf
"Nov 08, 2023",Procedural framework for dealing with unclaimed amounts lying with Infrastructure Investment Trusts (InvITs) and manner of claiming such amounts by unitholders,https://www.sebi.gov.in/legal/circulars/nov-2023/procedural-framework-for-dealing-with-unclaimed-amounts-lying-with-infrastructure-investment-trusts-invits-and-manner-of-claiming-such-amounts-by-unitholders_78990.html,https://www.sebi.gov.in/sebi_data/attachdocs/nov-2023/1699440525804.pdf,data\full_dataset\sebi\circulars\pdf\Procedural_framework_for_dealing_with_unclaimed_amounts_lying_with_Infrastructure_Investment_Trusts__InvITs__and_manner_of_claiming_such_amounts_by_un__011f7a82.pdf
"Nov 08, 2023",Procedural framework for dealing with unclaimed amounts lying with entities having listed non-convertible securities and manner of claiming such amounts by investors,https://www.sebi.gov.in/legal/circulars/nov-2023/procedural-framework-for-dealing-with-unclaimed-amounts-lying-with-entities-having-listed-non-convertible-securities-and-manner-of-claiming-such-amounts-by-investors_78988.html,https://www.sebi.gov.in/sebi_data/attachdocs/nov-2023/1699440470045.pdf,data\full_dataset\sebi\circulars\pdf\Procedural_framework_for_dealing_with_unclaimed_amounts_lying_with_entities_having_listed_non-convertible_securities_and_manner_of_claiming_such_amoun__6f6c844d.pdf
"Nov 01, 2023",Simplification and streamlining of Offer Documents of Mutual Fund Schemes,https://www.sebi.gov.in/legal/circulars/nov-2023/simplification-and-streamlining-of-offer-documents-of-mutual-fund-schemes_78665.html,https://www.sebi.gov.in/sebi_data/attachdocs/nov-2023/1698840059596.pdf,data\full_dataset\sebi\circulars\pdf\Simplification_and_streamlining_of_Offer_Documents_of_Mutual_Fund_Schemes__d29e688d.pdf
"Oct 31, 2023",Revision in manner of achieving minimum public unitholding requirement – Infrastructure Investment Trusts (InvITs),https://www.sebi.gov.in/legal/circulars/oct-2023/revision-in-manner-of-achieving-minimum-public-unitholding-requirement-infrastructure-investment-trusts-invits-_78561.html,https://www.sebi.gov.in/sebi_data/attachdocs/oct-2023/1698742336981.pdf,data\full_dataset\sebi\circulars\pdf\Revision_in_manner_of_achieving_minimum_public_unitholding_requirement___Infrastructure_Investment_Trusts__InvITs___254bfa3e.pdf
"Oct 20, 2023",Guidelines for Business Continuity Plan (BCP) and Disaster Recovery (DR) of Qualified RTAs (QRTAs),https://www.sebi.gov.in/legal/circulars/oct-2023/guidelines-for-business-continuity-plan-bcp-and-disaster-recovery-dr-of-qualified-rtas-qrtas-_78272.html,https://www.sebi.gov.in/sebi_data/attachdocs/oct-2023/1697797828534.PDF,data\full_dataset\sebi\circulars\pdf\Guidelines_for_Business_Continuity_Plan__BCP__and_Disaster_Recovery__DR__of_Qualified_RTAs__QRTAs___9063c3e9.pdf
"Oct 19, 2023",Ease of doing business and development of corporate bond markets – revision in the framework for fund raising by issuance of debt securities by large corporates (LCs),https://www.sebi.gov.in/legal/circulars/oct-2023/ease-of-doing-business-and-development-of-corporate-bond-markets-revision-in-the-framework-for-fund-raising-by-issuance-of-debt-securities-by-large-corporates-lcs-_78237.html,https://www.sebi.gov.in/sebi_data/attachdocs/oct-2023/1697798741187.pdf,data\full_dataset\sebi\circulars\pdf\Ease_of_doing_business_and_development_of_corporate_bond_markets___revision_in_the_framework_for_fund_raising_by_issuance_of_debt_securities_by_large___7afc75af.pdf
"Oct 13, 2023","Amendment to the Guidelines on Anti-Money Laundering (AML) Standards and Combating the Financing of Terrorism (CFT) /Obligations of Securities Market Intermediaries under the Prevention of Money-laundering Act, 2002 and Rules framed there under.",https://www.sebi.gov.in/legal/circulars/oct-2023/amendment-to-the-guidelines-on-anti-money-laundering-aml-standards-and-combating-the-financing-of-terrorism-cft-obligations-of-securities-market-intermediaries-under-the-prevention-of-money-laund-_77975.html,https://www.sebi.gov.in/sebi_data/attachdocs/oct-2023/1697197503176.pdf,data\full_dataset\sebi\circulars\pdf\Amendment_to_the_Guidelines_on_Anti-Money_Laundering__AML__Standards_and_Combating_the_Financing_of_Terrorism__CFT___Obligations_of_Securities_Market___3d0fe9d0.pdf
"Oct 10, 2023","Extension in timeline for compliance with qualification and experience requirements under Regulation 7(1) of SEBI (Investment Advisers) Regulations, 2013",https://www.sebi.gov.in/legal/circulars/oct-2023/extension-in-timeline-for-compliance-with-qualification-and-experience-requirements-under-regulation-7-1-of-sebi-investment-advisers-regulations-2013_77901.html,https://www.sebi.gov.in/sebi_data/attachdocs/oct-2023/1697002486676.pdf,data\full_dataset\sebi\circulars\pdf\Extension_in_timeline_for_compliance_with_qualification_and_experience_requirements_under_Regulation_7_1__of_SEBI__Investment_Advisers__Regulations__2__678ba71e.pdf
"Oct 07, 2023","Relaxation from compliance with certain provisions of the SEBI (Listing Obligations and Disclosure Requirements) Regulations, 2015 – Reg.",https://www.sebi.gov.in/legal/circulars/oct-2023/relaxation-from-compliance-with-certain-provisions-of-the-sebi-listing-obligations-and-disclosure-requirements-regulations-2015-reg-_77781.html,https://www.sebi.gov.in/sebi_data/attachdocs/oct-2023/1696673572082.pdf,data\full_dataset\sebi\circulars\pdf\Relaxation_from_compliance_with_certain_provisions_of_the_SEBI__Listing_Obligations_and_Disclosure_Requirements__Regulations__2015___Reg__6dcc9eeb.pdf
"Oct 06, 2023",Requirement of Base Minimum Capital Deposit for Category 2 Execution Only Platforms,https://www.sebi.gov.in/legal/circulars/oct-2023/requirement-of-base-minimum-capital-deposit-for-category-2-execution-only-platforms_77778.html,https://www.sebi.gov.in/sebi_data/attachdocs/oct-2023/1696595155026.PDF,data\full_dataset\sebi\circulars\pdf\Requirement_of_Base_Minimum_Capital_Deposit_for_Category_2_Execution_Only_Platforms__1a35f6f8.pdf
"Oct 06, 2023","Limited relaxation from compliance with certain provisions of the SEBI (Listing Obligations and Disclosure Requirements) Regulations, 2015",https://www.sebi.gov.in/legal/circulars/oct-2023/limited-relaxation-from-compliance-with-certain-provisions-of-the-sebi-listing-obligations-and-disclosure-requirements-regulations-2015_77763.html,https://www.sebi.gov.in/sebi_data/attachdocs/oct-2023/1696654632776.pdf,data\full_dataset\sebi\circulars\pdf\Limited_relaxation_from_compliance_with_certain_provisions_of_the_SEBI__Listing_Obligations_and_Disclosure_Requirements__Regulations__2015__73d10a4a.pdf
"Oct 03, 2023",Centralized mechanism for reporting the demise of an investor through KRAs,https://www.sebi.gov.in/legal/circulars/oct-2023/centralized-mechanism-for-reporting-the-demise-of-an-investor-through-kras_77534.html,https://www.sebi.gov.in/sebi_data/attachdocs/oct-2023/1696327038844.pdf,data\full_dataset\sebi\circulars\pdf\Centralized_mechanism_for_reporting_the_demise_of_an_investor_through_KRAs__cb9207b4.pdf
"Sep 30, 2023",Extension of timeline for verification of market rumours by listed entities,https://www.sebi.gov.in/legal/circulars/sep-2023/extension-of-timeline-for-verification-of-market-rumours-by-listed-entities_77488.html,https://www.sebi.gov.in/sebi_data/attachdocs/oct-2023/1696135649816.pdf,data\full_dataset\sebi\circulars\pdf\Extension_of_timeline_for_verification_of_market_rumours_by_listed_entities__9a5a6266.pdf
"Sep 27, 2023",Nomination for Mutual Fund Unit Holders – Extension of timelines,https://www.sebi.gov.in/legal/circulars/sep-2023/nomination-for-mutual-fund-unit-holders-extension-of-timelines_77453.html,https://www.sebi.gov.in/sebi_data/attachdocs/sep-2023/1695827627274.pdf,data\full_dataset\sebi\circulars\pdf\Nomination_for_Mutual_Fund_Unit_Holders___Extension_of_timelines__3449d276.pdf
"Sep 26, 2023","Extension of timelines (i) for nomination in eligible demat accounts and (ii) for submission of PAN, Nomination and KYC details by physical security holders; and voluntary nomination for trading accounts",https://www.sebi.gov.in/legal/circulars/sep-2023/extension-of-timelines-i-for-nomination-in-eligible-demat-accounts-and-ii-for-submission-of-pan-nomination-and-kyc-details-by-physical-security-holders-and-voluntary-nomination-for-trading-accou-_77320.html,https://www.sebi.gov.in/sebi_data/attachdocs/sep-2023/1695728274798.pdf,data\full_dataset\sebi\circulars\pdf\Extension_of_timelines__i__for_nomination_in_eligible_demat_accounts_and__ii__for_submission_of_PAN__Nomination_and_KYC_details_by_physical_security_h__2d106f3b.pdf
"Sep 20, 2023",Redressal of investor grievances through the SEBI Complaint Redressal (SCORES) Platform and linking it to Online Dispute Resolution platform,https://www.sebi.gov.in/legal/circulars/sep-2023/redressal-of-investor-grievances-through-the-sebi-complaint-redressal-scores-platform-and-linking-it-to-online-dispute-resolution-platform_77159.html,https://www.sebi.gov.in/sebi_data/attachdocs/sep-2023/1695456916964.pdf,data\full_dataset\sebi\circulars\pdf\Redressal_of_investor_grievances_through_the_SEBI_Complaint_Redressal__SCORES__Platform_and_linking_it_to_Online_Dispute_Resolution_platform__26c230d8.pdf
"Sep 14, 2023",Regulatory Reporting by AIFs,https://www.sebi.gov.in/legal/circulars/sep-2023/regulatory-reporting-by-aifs_76908.html,https://www.sebi.gov.in/sebi_data/attachdocs/sep-2023/1694694389099.pdf,data\full_dataset\sebi\circulars\pdf\Regulatory_Reporting_by_AIFs__f4064055.pdf
"Sep 11, 2023",Board nomination rights to unitholders of Real Estate Investment Trusts (REITs),https://www.sebi.gov.in/legal/circulars/sep-2023/board-nomination-rights-to-unitholders-of-real-estate-investment-trusts-reits-_76709.html,https://www.sebi.gov.in/sebi_data/attachdocs/sep-2023/1694428072042.pdf,data\full_dataset\sebi\circulars\pdf\Board_nomination_rights_to_unitholders_of_Real_Estate_Investment_Trusts__REITs___edd77782.pdf
"Sep 11, 2023",Board nomination rights to unitholders of Infrastructure Investment Trusts (InvITs),https://www.sebi.gov.in/legal/circulars/sep-2023/board-nomination-rights-to-unitholders-of-infrastructure-investment-trusts-invits-_76708.html,https://www.sebi.gov.in/sebi_data/attachdocs/sep-2023/1694428024413.pdf,data\full_dataset\sebi\circulars\pdf\Board_nomination_rights_to_unitholders_of_Infrastructure_Investment_Trusts__InvITs___966e68ee.pdf
"Sep 06, 2023",Clarification regarding investment of Mutual Fund schemes in units of Corporate Debt Market Development Fund,https://www.sebi.gov.in/legal/circulars/sep-2023/clarification-regarding-investment-of-mutual-fund-schemes-in-units-of-corporate-debt-market-development-fund_76511.html,https://www.sebi.gov.in/sebi_data/attachdocs/sep-2023/1693992032270.pdf,data\full_dataset\sebi\circulars\pdf\Clarification_regarding_investment_of_Mutual_Fund_schemes_in_units_of_Corporate_Debt_Market_Development_Fund__a60e3fc8.pdf
"Sep 04, 2023",Mechanism for Sharing of Information by Credit Rating Agencies (CRAs) to Debenture Trustees (DTs),https://www.sebi.gov.in/legal/circulars/sep-2023/mechanism-for-sharing-of-information-by-credit-rating-agencies-cras-to-debenture-trustees-dts-_76476.html,https://www.sebi.gov.in/sebi_data/attachdocs/sep-2023/1693885766733.pdf,data\full_dataset\sebi\circulars\pdf\Mechanism_for_Sharing_of_Information_by_Credit_Rating_Agencies__CRAs__to_Debenture_Trustees__DTs___2905c206.pdf
"Sep 04, 2023",Change in mode of payment w.r.t. SEBI Investor Protection and Education Fund Bank A/c,https://www.sebi.gov.in/legal/circulars/sep-2023/change-in-mode-of-payment-w-r-t-sebi-investor-protection-and-education-fund-bank-a-c_76474.html,https://www.sebi.gov.in/sebi_data/attachdocs/sep-2023/1693916577201.pdf,data\full_dataset\sebi\circulars\pdf\Change_in_mode_of_payment_w.r.t._SEBI_Investor_Protection_and_Education_Fund_Bank_A_c__bed4ce4e.pdf
"Sep 04, 2023",New format of Abridged Prospectus for public issues of Non-Convertible Debt Securities and/or Non-convertible Redeemable Preference Shares,https://www.sebi.gov.in/legal/circulars/sep-2023/new-format-of-abridged-prospectus-for-public-issues-of-non-convertible-debt-securities-and-or-non-convertible-redeemable-preference-shares_76430.html,https://www.sebi.gov.in/sebi_data/attachdocs/sep-2023/1693827231343.pdf,data\full_dataset\sebi\circulars\pdf\New_format_of_Abridged_Prospectus_for_public_issues_of_Non-Convertible_Debt_Securities_and_or_Non-convertible_Redeemable_Preference_Shares__26c059e0.pdf
"Aug 29, 2023",Guidelines for MIIs regarding Cyber security and Cyber resilience,https://www.sebi.gov.in/legal/circulars/aug-2023/guidelines-for-miis-regarding-cyber-security-and-cyber-resilience_76056.html,https://www.sebi.gov.in/sebi_data/attachdocs/aug-2023/1693308807687.pdf,data\full_dataset\sebi\circulars\pdf\Guidelines_for_MIIs_regarding_Cyber_security_and_Cyber_resilience__841e45bc.pdf
"Aug 24, 2023","Modification in Cyber Security and Cyber Resilience framework of Stock Exchanges, Clearing Corporations and Depositories",https://www.sebi.gov.in/legal/circulars/aug-2023/modification-in-cyber-security-and-cyber-resilience-framework-of-stock-exchanges-clearing-corporations-and-depositories_75887.html,https://www.sebi.gov.in/sebi_data/attachdocs/aug-2023/1692890379610.pdf,data\full_dataset\sebi\circulars\pdf\Modification_in_Cyber_Security_and_Cyber_Resilience_framework_of_Stock_Exchanges__Clearing_Corporations_and_Depositories__e06ee6dd.pdf
"Aug 24, 2023",Mandating additional disclosures by Foreign Portfolio Investors (FPIs) that fulfil certain objective criteria,https://www.sebi.gov.in/legal/circulars/aug-2023/mandating-additional-disclosures-by-foreign-portfolio-investors-fpis-that-fulfil-certain-objective-criteria_75886.html,https://www.sebi.gov.in/sebi_data/attachdocs/aug-2023/1692890118636.pdf,data\full_dataset\sebi\circulars\pdf\Mandating_additional_disclosures_by_Foreign_Portfolio_Investors__FPIs__that_fulfil_certain_objective_criteria__dec5472b.pdf
"Aug 11, 2023",Simplification of KYC process and rationalisation of Risk Management Framework at KRAs,https://www.sebi.gov.in/legal/circulars/aug-2023/simplification-of-kyc-process-and-rationalisation-of-risk-management-framework-at-kras_75250.html,https://www.sebi.gov.in/sebi_data/attachdocs/aug-2023/1691757155740.pdf,data\full_dataset\sebi\circulars\pdf\Simplification_of_KYC_process_and_rationalisation_of_Risk_Management_Framework_at_KRAs__67ca1a80.pdf
"Aug 11, 2023",Timeline for the Exit Option Window Period for Change in Control of AMC,https://www.sebi.gov.in/legal/circulars/aug-2023/timeline-for-the-exit-option-window-period-for-change-in-control-of-amc_75221.html,https://www.sebi.gov.in/sebi_data/attachdocs/aug-2023/1691752873496.pdf,data\full_dataset\sebi\circulars\pdf\Timeline_for_the_Exit_Option_Window_Period_for_Change_in_Control_of_AMC__ed89daa3.pdf
"Aug 10, 2023",Procedure for seeking prior approval for change in control with respect to Merchant Bankers and Bankers to an Issue,https://www.sebi.gov.in/legal/circulars/aug-2023/procedure-for-seeking-prior-approval-for-change-in-control-with-respect-to-merchant-bankers-and-bankers-to-an-issue_75174.html,https://www.sebi.gov.in/sebi_data/attachdocs/aug-2023/1691668695506.pdf,data\full_dataset\sebi\circulars\pdf\Procedure_for_seeking_prior_approval_for_change_in_control_with_respect_to_Merchant_Bankers_and_Bankers_to_an_Issue__fa160647.pdf
"Aug 09, 2023",Reduction of timeline for listing of shares in Public Issue from existing T+6 days to T+3 days,https://www.sebi.gov.in/legal/circulars/aug-2023/reduction-of-timeline-for-listing-of-shares-in-public-issue-from-existing-t-6-days-to-t-3-days_75122.html,https://www.sebi.gov.in/sebi_data/attachdocs/aug-2023/1691580430610.pdf,data\full_dataset\sebi\circulars\pdf\Reduction_of_timeline_for_listing_of_shares_in_Public_Issue_from_existing_T_6_days_to_T_3_days__11c1a924.pdf
"Aug 08, 2023",Facility to remedy erroneous transfers in demat accounts,https://www.sebi.gov.in/legal/circulars/aug-2023/facility-to-remedy-erroneous-transfers-in-demat-accounts_75035.html,https://www.sebi.gov.in/sebi_data/attachdocs/aug-2023/1691492595118.pdf,data\full_dataset\sebi\circulars\pdf\Facility_to_remedy_erroneous_transfers_in_demat_accounts__a32cd53f.pdf
"Aug 07, 2023",Transactions in Corporate Bonds through Request for Quote (RFQ) platform by FPIs,https://www.sebi.gov.in/legal/circulars/aug-2023/transactions-in-corporate-bonds-through-request-for-quote-rfq-platform-by-fpis_75009.html,https://www.sebi.gov.in/sebi_data/attachdocs/aug-2023/1691409221863.pdf,data\full_dataset\sebi\circulars\pdf\Transactions_in_Corporate_Bonds_through_Request_for_Quote__RFQ__platform_by_FPIs__1265c579.pdf
"Aug 04, 2023",Validity period of approval granted by SEBI to Alternative Investment Funds (AIFs) and Venture Capital Funds (VCFs) for overseas investment,https://www.sebi.gov.in/legal/circulars/aug-2023/validity-period-of-approval-granted-by-sebi-to-alternative-investment-funds-aifs-and-venture-capital-funds-vcfs-for-overseas-investment_74979.html,https://www.sebi.gov.in/sebi_data/attachdocs/aug-2023/1691160024690.pdf,data\full_dataset\sebi\circulars\pdf\Validity_period_of_approval_granted_by_SEBI_to_Alternative_Investment_Funds__AIFs__and_Venture_Capital_Funds__VCFs__for_overseas_investment__02b91265.pdf
"Aug 04, 2023","Corrigendum cum Amendment to Circular dated July 31, 2023 on Online Resolution of Disputes in the Indian Securities Market",https://www.sebi.gov.in/legal/circulars/aug-2023/corrigendum-cum-amendment-to-circular-dated-july-31-2023-on-online-resolution-of-disputes-in-the-indian-securities-market_74976.html,https://www.sebi.gov.in/sebi_data/attachdocs/aug-2023/1691151351805.pdf,data\full_dataset\sebi\circulars\pdf\Corrigendum_cum_Amendment_to_Circular_dated_July_31__2023_on_Online_Resolution_of_Disputes_in_the_Indian_Securities_Market__c8eb52b1.pdf
"Aug 03, 2023",Offer for Sale framework for sale of units of Real Estate Investment Trusts (REITs) and Infrastructure Investment Trusts (InvITs),https://www.sebi.gov.in/legal/circulars/aug-2023/offer-for-sale-framework-for-sale-of-units-of-real-estate-investment-trusts-reits-and-infrastructure-investment-trusts-invits-_74938.html,https://www.sebi.gov.in/sebi_data/attachdocs/aug-2023/1691061955659.pdf,data\full_dataset\sebi\circulars\pdf\Offer_for_Sale_framework_for_sale_of_units_of_Real_Estate_Investment_Trusts__REITs__and_Infrastructure_Investment_Trusts__InvITs___654a90f5.pdf
"Aug 02, 2023",Audit of firm-level performance data of Portfolio Managers,https://www.sebi.gov.in/legal/circulars/aug-2023/audit-of-firm-level-performance-data-of-portfolio-managers_74900.html,https://www.sebi.gov.in/sebi_data/attachdocs/aug-2023/1690978919895.pdf,data\full_dataset\sebi\circulars\pdf\Audit_of_firm-level_performance_data_of_Portfolio_Managers__842e2e44.pdf
"Aug 01, 2023",Trading Preferences by Clients - Applicability for commodity derivatives,https://www.sebi.gov.in/legal/circulars/aug-2023/trading-preferences-by-clients-applicability-for-commodity-derivatives_74812.html,https://www.sebi.gov.in/sebi_data/attachdocs/aug-2023/1690889207326.pdf,data\full_dataset\sebi\circulars\pdf\Trading_Preferences_by_Clients_-_Applicability_for_commodity_derivatives__1ec33cfe.pdf
"Jul 31, 2023",Online Resolution of Disputes in the Indian Securities Market,https://www.sebi.gov.in/legal/circulars/jul-2023/online-resolution-of-disputes-in-the-indian-securities-market_74794.html,https://www.sebi.gov.in/sebi_data/attachdocs/aug-2023/1690893251844.pdf,data\full_dataset\sebi\circulars\pdf\Online_Resolution_of_Disputes_in_the_Indian_Securities_Market__261c3a17.pdf
"Jul 27, 2023",Mandating Legal Entity Identifier (LEI) for all non – individual Foreign Portfolio Investors (FPIs),https://www.sebi.gov.in/legal/circulars/jul-2023/mandating-legal-entity-identifier-lei-for-all-non-individual-foreign-portfolio-investors-fpis-_74420.html,https://www.sebi.gov.in/sebi_data/attachdocs/jul-2023/1690454595943.pdf,data\full_dataset\sebi\circulars\pdf\Mandating_Legal_Entity_Identifier__LEI__for_all_non___individual_Foreign_Portfolio_Investors__FPIs___f3526aa5.pdf
"Jul 27, 2023",Investment by Mutual Fund Schemes and AMCs in units of Corporate Debt Market Development Fund,https://www.sebi.gov.in/legal/circulars/jul-2023/investment-by-mutual-fund-schemes-and-amcs-in-units-of-corporate-debt-market-development-fund_74418.html,https://www.sebi.gov.in/sebi_data/attachdocs/jul-2023/1690448149986.pdf,data\full_dataset\sebi\circulars\pdf\Investment_by_Mutual_Fund_Schemes_and_AMCs_in_units_of_Corporate_Debt_Market_Development_Fund__7c22332f.pdf
"Jul 27, 2023",Framework for Corporate Debt Market Development Fund (CDMDF),https://www.sebi.gov.in/legal/circulars/jul-2023/framework-for-corporate-debt-market-development-fund-cdmdf-_74416.html,https://www.sebi.gov.in/sebi_data/attachdocs/jul-2023/1690448099539.pdf,data\full_dataset\sebi\circulars\pdf\Framework_for_Corporate_Debt_Market_Development_Fund__CDMDF___cc1f52ac.pdf
"Jul 26, 2023",Resources for Trustees of Mutual Funds,https://www.sebi.gov.in/legal/circulars/jul-2023/resources-for-trustees-of-mutual-funds_74381.html,https://www.sebi.gov.in/sebi_data/attachdocs/jul-2023/1690373573259.pdf,data\full_dataset\sebi\circulars\pdf\Resources_for_Trustees_of_Mutual_Funds__e5a993ea.pdf
"Jul 20, 2023","New category of Mutual Fund schemes for Environmental, Social and Governance (“ESG”) Investing and related disclosures by Mutual Funds",https://www.sebi.gov.in/legal/circulars/jul-2023/new-category-of-mutual-fund-schemes-for-environmental-social-and-governance-esg-investing-and-related-disclosures-by-mutual-funds_74186.html,https://www.sebi.gov.in/sebi_data/attachdocs/jul-2023/1689851810633.pdf,data\full_dataset\sebi\circulars\pdf\New_category_of_Mutual_Fund_schemes_for_Environmental__Social_and_Governance__ESG__Investing_and_related_disclosures_by_Mutual_Funds__d5bf4b7c.pdf
"Jul 13, 2023","Disclosure of material events / information by listed entities under Regulations 30 and 30A of Securities and Exchange Board of India (Listing Obligations and Disclosure Requirements) Regulations, 2015",https://www.sebi.gov.in/legal/circulars/jul-2023/disclosure-of-material-events-information-by-listed-entities-under-regulations-30-and-30a-of-securities-and-exchange-board-of-india-listing-obligations-and-disclosure-requirements-regulations-201-_73910.html,https://www.sebi.gov.in/sebi_data/attachdocs/jul-2023/1689245602256.pdf,data\full_dataset\sebi\circulars\pdf\Disclosure_of_material_events___information_by_listed_entities_under_Regulations_30_and_30A_of_Securities_and_Exchange_Board_of_India__Listing_Obligat__d03441dc.pdf
"Jul 12, 2023",BRSR Core - Framework for assurance and ESG disclosures for value chain,https://www.sebi.gov.in/legal/circulars/jul-2023/brsr-core-framework-for-assurance-and-esg-disclosures-for-value-chain_73854.html,https://www.sebi.gov.in/sebi_data/attachdocs/jul-2023/1689166456465.pdf,data\full_dataset\sebi\circulars\pdf\BRSR_Core_-_Framework_for_assurance_and_ESG_disclosures_for_value_chain__f9f437f1.pdf
"Jul 07, 2023",Regulatory Framework for Sponsors of a Mutual Fund,https://www.sebi.gov.in/legal/circulars/jul-2023/regulatory-framework-for-sponsors-of-a-mutual-fund_73640.html,https://www.sebi.gov.in/sebi_data/attachdocs/jul-2023/1688731914002.pdf,data\full_dataset\sebi\circulars\pdf\Regulatory_Framework_for_Sponsors_of_a_Mutual_Fund__6506db40.pdf
"Jul 07, 2023",Roles and responsibilities of Trustees and board of directors of Asset Management Companies (AMCs) of Mutual Funds,https://www.sebi.gov.in/legal/circulars/jul-2023/roles-and-responsibilities-of-trustees-and-board-of-directors-of-asset-management-companies-amcs-of-mutual-funds_73613.html,https://www.sebi.gov.in/sebi_data/attachdocs/jul-2023/1688727888264.pdf,data\full_dataset\sebi\circulars\pdf\Roles_and_responsibilities_of_Trustees_and_board_of_directors_of_Asset_Management_Companies__AMCs__of_Mutual_Funds__8b250e5c.pdf
"Jul 04, 2023",Appointment of Director nominated by the Debenture Trustee on boards of issuers,https://www.sebi.gov.in/legal/circulars/jul-2023/appointment-of-director-nominated-by-the-debenture-trustee-on-boards-of-issuers_73439.html,https://www.sebi.gov.in/sebi_data/attachdocs/jul-2023/1688473896905.pdf,data\full_dataset\sebi\circulars\pdf\Appointment_of_Director_nominated_by_the_Debenture_Trustee_on_boards_of_issuers__f8f7b46e.pdf
"Jun 30, 2023",Implementation of circular on upstreaming of clients’ funds by Stock Brokers (SBs) / Clearing Members (CMs) to Clearing Corporations (CCs),https://www.sebi.gov.in/legal/circulars/jun-2023/implementation-of-circular-on-upstreaming-of-clients-funds-by-stock-brokers-sbs-clearing-members-cms-to-clearing-corporations-ccs-_73314.html,https://www.sebi.gov.in/sebi_data/attachdocs/jun-2023/1688126303357.pdf,data\full_dataset\sebi\circulars\pdf\Implementation_of_circular_on_upstreaming_of_clients__funds_by_Stock_Brokers__SBs____Clearing_Members__CMs__to_Clearing_Corporations__CCs___e2665d4f.pdf
"Jun 26, 2023",Investor Service Centres of Stock Exchanges,https://www.sebi.gov.in/legal/circulars/jun-2023/investor-service-centres-of-stock-exchanges_73087.html,https://www.sebi.gov.in/sebi_data/attachdocs/jun-2023/1687779843796.pdf,data\full_dataset\sebi\circulars\pdf\Investor_Service_Centres_of_Stock_Exchanges__cef94a4f.pdf
"Jun 23, 2023",Trading Supported by Blocked Amount in Secondary Market,https://www.sebi.gov.in/legal/circulars/jun-2023/trading-supported-by-blocked-amount-in-secondary-market_73071.html,https://www.sebi.gov.in/sebi_data/attachdocs/jun-2023/1687750711320.pdf,data\full_dataset\sebi\circulars\pdf\Trading_Supported_by_Blocked_Amount_in_Secondary_Market__a8322834.pdf
"Jun 21, 2023",Standardised approach to valuation of investment portfolio of Alternative Investment Funds (AIFs),https://www.sebi.gov.in/legal/circulars/jun-2023/standardised-approach-to-valuation-of-investment-portfolio-of-alternative-investment-funds-aifs-_72924.html,https://www.sebi.gov.in/sebi_data/attachdocs/jun-2023/1687360437089.pdf,data\full_dataset\sebi\circulars\pdf\Standardised_approach_to_valuation_of_investment_portfolio_of_Alternative_Investment_Funds__AIFs___3feb18d5.pdf
"Jun 21, 2023",Modalities for launching Liquidation Scheme and for distributing the investments of Alternative Investment Funds (AIFs) in-specie,https://www.sebi.gov.in/legal/circulars/jun-2023/modalities-for-launching-liquidation-scheme-and-for-distributing-the-investments-of-alternative-investment-funds-aifs-in-specie_72922.html,https://www.sebi.gov.in/sebi_data/attachdocs/jun-2023/1687360276388.pdf,data\full_dataset\sebi\circulars\pdf\Modalities_for_launching_Liquidation_Scheme_and_for_distributing_the_investments_of_Alternative_Investment_Funds__AIFs__in-specie__2b08ee45.pdf
"Jun 21, 2023",Issuance of units of AIFs in dematerialised form,https://www.sebi.gov.in/legal/circulars/jun-2023/issuance-of-units-of-aifs-in-dematerialised-form_72921.html,https://www.sebi.gov.in/sebi_data/attachdocs/jun-2023/1687360077382.pdf,data\full_dataset\sebi\circulars\pdf\Issuance_of_units_of_AIFs_in_dematerialised_form__009e87e3.pdf
"Jun 21, 2023",Trading Preferences by Clients,https://www.sebi.gov.in/legal/circulars/jun-2023/trading-preferences-by-clients_72892.html,https://www.sebi.gov.in/sebi_data/attachdocs/jun-2023/1687346183470.pdf,data\full_dataset\sebi\circulars\pdf\Trading_Preferences_by_Clients__18b4ef67.pdf
"Jun 16, 2023","Adherence to provisions of regulation 51A of SEBI (Issue and Listing of Non-Convertible Securities) Regulations, 2021 by Online Bond Platform Providers on product offerings on Online Bond Platforms",https://www.sebi.gov.in/legal/circulars/jun-2023/adherence-to-provisions-of-regulation-51a-of-sebi-issue-and-listing-of-non-convertible-securities-regulations-2021-by-online-bond-platform-providers-on-product-offerings-on-online-bond-platforms_72762.html,https://www.sebi.gov.in/sebi_data/attachdocs/jun-2023/1687342018854.pdf,data\full_dataset\sebi\circulars\pdf\Adherence_to_provisions_of_regulation_51A_of_SEBI__Issue_and_Listing_of_Non-Convertible_Securities__Regulations__2021_by_Online_Bond_Platform_Provider__34a22209.pdf
"Jun 16, 2023","Amendment to Guidelines on Anti-Money Laundering (AML) Standards and Combating the Financing of Terrorism (CFT) /Obligations of Securities Market Intermediaries under the Prevention of Money Laundering Act, 2002 and Rules framed there under",https://www.sebi.gov.in/legal/circulars/jun-2023/amendment-to-guidelines-on-anti-money-laundering-aml-standards-and-combating-the-financing-of-terrorism-cft-obligations-of-securities-market-intermediaries-under-the-prevention-of-money-launderin-_72683.html,https://www.sebi.gov.in/sebi_data/attachdocs/jun-2023/1686913316510.pdf,data\full_dataset\sebi\circulars\pdf\Amendment_to_Guidelines_on_Anti-Money_Laundering__AML__Standards_and_Combating_the_Financing_of_Terrorism__CFT___Obligations_of_Securities_Market_Inte__9ccb94ec.pdf
"Jun 13, 2023",Amendment to Circular on issue of Certified copies of Orders and Circulars,https://www.sebi.gov.in/legal/circulars/jun-2023/amendment-to-circular-on-issue-of-certified-copies-of-orders-and-circulars_72525.html,https://www.sebi.gov.in/sebi_data/attachdocs/jun-2023/1686714303928.pdf,data\full_dataset\sebi\circulars\pdf\Amendment_to_Circular_on_issue_of_Certified_copies_of_Orders_and_Circulars__7a48396d.pdf
"Jun 13, 2023","Corrigendum to Circular on Participation of Mutual funds in repo transactions on Corporate Debt Securities dated June 8, 2023",https://www.sebi.gov.in/legal/circulars/jun-2023/corrigendum-to-circular-on-participation-of-mutual-funds-in-repo-transactions-on-corporate-debt-securities-dated-june-8-2023_72486.html,https://www.sebi.gov.in/sebi_data/attachdocs/jun-2023/1686654667604.pdf,data\full_dataset\sebi\circulars\pdf\Corrigendum_to_Circular_on_Participation_of_Mutual_funds_in_repo_transactions_on_Corporate_Debt_Securities_dated_June_8__2023__d9f6efa1.pdf
"Jun 13, 2023",Regulatory framework for Execution Only Platforms for facilitating transactions in direct plans of schemes of Mutual Funds,https://www.sebi.gov.in/legal/circulars/jun-2023/regulatory-framework-for-execution-only-platforms-for-facilitating-transactions-in-direct-plans-of-schemes-of-mutual-funds_72479.html,https://www.sebi.gov.in/sebi_data/attachdocs/jun-2023/1686652952650.pdf,data\full_dataset\sebi\circulars\pdf\Regulatory_framework_for_Execution_Only_Platforms_for_facilitating_transactions_in_direct_plans_of_schemes_of_Mutual_Funds__39694152.pdf
"Jun 08, 2023",Upstreaming of clients’ funds by Stock Brokers (SBs) / Clearing Members (CMs) to Clearing Corporations (CCs),https://www.sebi.gov.in/legal/circulars/jun-2023/upstreaming-of-clients-funds-by-stock-brokers-sbs-clearing-members-cms-to-clearing-corporations-ccs-_72380.html,https://www.sebi.gov.in/sebi_data/attachdocs/jun-2023/1686227261689.pdf,data\full_dataset\sebi\circulars\pdf\Upstreaming_of_clients__funds_by_Stock_Brokers__SBs____Clearing_Members__CMs__to_Clearing_Corporations__CCs___918bfb9c.pdf
"Jun 08, 2023",Participation of Mutual funds in repo transactions on Corporate Debt Securities,https://www.sebi.gov.in/legal/circulars/jun-2023/participation-of-mutual-funds-in-repo-transactions-on-corporate-debt-securities_72365.html,https://www.sebi.gov.in/sebi_data/attachdocs/jun-2023/1686221705487.pdf,data\full_dataset\sebi\circulars\pdf\Participation_of_Mutual_funds_in_repo_transactions_on_Corporate_Debt_Securities__cb5bf49f.pdf
"Jun 08, 2023",Online processing of investor service requests and complaints by RTAs,https://www.sebi.gov.in/legal/circulars/jun-2023/online-processing-of-investor-service-requests-and-complaints-by-rtas_72363.html,https://www.sebi.gov.in/sebi_data/attachdocs/jun-2023/1686221599279.pdf,data\full_dataset\sebi\circulars\pdf\Online_processing_of_investor_service_requests_and_complaints_by_RTAs__d2a0a4d2.pdf
"Jun 02, 2023",Transactions in corporate bonds through Request for Quote platform by Stock Brokers (SBs),https://www.sebi.gov.in/legal/circulars/jun-2023/transactions-in-corporate-bonds-through-request-for-quote-platform-by-stock-brokers-sbs-_72231.html,https://www.sebi.gov.in/sebi_data/attachdocs/jun-2023/1685698376834.pdf,data\full_dataset\sebi\circulars\pdf\Transactions_in_corporate_bonds_through_Request_for_Quote_platform_by_Stock_Brokers__SBs___ed770d7a.pdf
"May 30, 2023",Comprehensive guidelines for Investor Protection Fund and Investor Services Fund at Stock Exchanges and Depositories,https://www.sebi.gov.in/legal/circulars/may-2023/comprehensive-guidelines-for-investor-protection-fund-and-investor-services-fund-at-stock-exchanges-and-depositories_71925.html,https://www.sebi.gov.in/sebi_data/attachdocs/may-2023/1685452195093.pdf,data\full_dataset\sebi\circulars\pdf\Comprehensive_guidelines_for_Investor_Protection_Fund_and_Investor_Services_Fund_at_Stock_Exchanges_and_Depositories__03393e3b.pdf
"May 25, 2023","Model Tripartite Agreement between the Issuer Company, Existing Share Transfer Agent and New Share Transfer Agent as per Regulation 7(4) of SEBI (LODR) Regulation, 2015",https://www.sebi.gov.in/legal/circulars/may-2023/model-tripartite-agreement-between-the-issuer-company-existing-share-transfer-agent-and-new-share-transfer-agent-as-per-regulation-7-4-of-sebi-lodr-regulation-2015_71657.html,https://www.sebi.gov.in/sebi_data/attachdocs/may-2023/1685019568224.pdf,data\full_dataset\sebi\circulars\pdf\Model_Tripartite_Agreement_between_the_Issuer_Company__Existing_Share_Transfer_Agent_and_New_Share_Transfer_Agent_as_per_Regulation_7_4__of_SEBI__LODR__2d43f3db.pdf
"May 23, 2023",Revision in computation of Core Settlement Guarantee Fund in Commodity Derivatives Segment,https://www.sebi.gov.in/legal/circulars/may-2023/revision-in-computation-of-core-settlement-guarantee-fund-in-commodity-derivatives-segment_71531.html,https://www.sebi.gov.in/sebi_data/attachdocs/may-2023/1684838445242.pdf,data\full_dataset\sebi\circulars\pdf\Revision_in_computation_of_Core_Settlement_Guarantee_Fund_in_Commodity_Derivatives_Segment__ff404282.pdf
"May 19, 2023",Risk disclosure with respect to trading by individual traders in Equity Futures & Options Segment,https://www.sebi.gov.in/legal/circulars/may-2023/risk-disclosure-with-respect-to-trading-by-individual-traders-in-equity-futures-and-options-segment_71426.html,https://www.sebi.gov.in/sebi_data/attachdocs/may-2023/1684493716856.pdf,data\full_dataset\sebi\circulars\pdf\Risk_disclosure_with_respect_to_trading_by_individual_traders_in_Equity_Futures___Options_Segment__c4237685.pdf
"May 12, 2023",Investment in units of Mutual Funds in the name of minor through guardian,https://www.sebi.gov.in/legal/circulars/may-2023/investment-in-units-of-mutual-funds-in-the-name-of-minor-through-guardian_71148.html,https://www.sebi.gov.in/sebi_data/attachdocs/may-2023/1683897573171.pdf,data\full_dataset\sebi\circulars\pdf\Investment_in_units_of_Mutual_Funds_in_the_name_of_minor_through_guardian__2592b65b.pdf
"May 10, 2023",Direct Market Access (DMA) to SEBI registered Foreign Portfolio Investors (FPIs) for participating in Exchange Traded Commodity Derivatives (ETCDs),https://www.sebi.gov.in/legal/circulars/may-2023/direct-market-access-dma-to-sebi-registered-foreign-portfolio-investors-fpis-for-participating-in-exchange-traded-commodity-derivatives-etcds-_71069.html,https://www.sebi.gov.in/sebi_data/attachdocs/may-2023/1683718748763.pdf,data\full_dataset\sebi\circulars\pdf\Direct_Market_Access__DMA__to_SEBI_registered_Foreign_Portfolio_Investors__FPIs__for_participating_in_Exchange_Traded_Commodity_Derivatives__ETCDs___6f5b9658.pdf
"May 09, 2023",Registration with the FINNET 2.0 system of Financial Intelligence Unit – India (FIU-India),https://www.sebi.gov.in/legal/circulars/may-2023/registration-with-the-finnet-2-0-system-of-financial-intelligence-unit-india-fiu-india-_71040.html,https://www.sebi.gov.in/sebi_data/attachdocs/may-2023/1683690530126.pdf,data\full_dataset\sebi\circulars\pdf\Registration_with_the_FINNET_2.0_system_of_Financial_Intelligence_Unit___India__FIU-India___7e8ffa47.pdf
"May 05, 2023",Testing Framework for the Information Technology (IT) systems of the Market Infrastructure Institutions (MIIs),https://www.sebi.gov.in/legal/circulars/may-2023/testing-framework-for-the-information-technology-it-systems-of-the-market-infrastructure-institutions-miis-_70939.html,https://www.sebi.gov.in/sebi_data/attachdocs/may-2023/1683282187340.pdf,data\full_dataset\sebi\circulars\pdf\Testing_Framework_for_the_Information_Technology__IT__systems_of_the_Market_Infrastructure_Institutions__MIIs___f9ec3c5c.pdf
"May 04, 2023",Additional requirements for the issuers of transition bonds,https://www.sebi.gov.in/legal/circulars/may-2023/additional-requirements-for-the-issuers-of-transition-bonds_70937.html,https://www.sebi.gov.in/sebi_data/attachdocs/may-2023/1683265613406.pdf,data\full_dataset\sebi\circulars\pdf\Additional_requirements_for_the_issuers_of_transition_bonds__08acb6c4.pdf
"May 03, 2023","Introduction of Legal Entity Identifier (LEI) for issuers who have listed and/ or propose to list non-convertible securities, securitised debt instruments and security receipts",https://www.sebi.gov.in/legal/circulars/may-2023/introduction-of-legal-entity-identifier-lei-for-issuers-who-have-listed-and-or-propose-to-list-non-convertible-securities-securitised-debt-instruments-and-security-receipts_70875.html,https://www.sebi.gov.in/sebi_data/attachdocs/may-2023/1683115317126.pdf,data\full_dataset\sebi\circulars\pdf\Introduction_of_Legal_Entity_Identifier__LEI__for_issuers_who_have_listed_and__or_propose_to_list_non-convertible_securities__securitised_debt_instrum__aa5387a9.pdf
"Apr 26, 2023","Procedure for implementation of Section 12A of the Weapons of Mass Destruction and their Delivery Systems (Prohibition of Unlawful Activities) Act, 2005 – Directions to stock exchanges and registered intermediaries",https://www.sebi.gov.in/legal/circulars/apr-2023/procedure-for-implementation-of-section-12a-of-the-weapons-of-mass-destruction-and-their-delivery-systems-prohibition-of-unlawful-activities-act-2005-directions-to-stock-exchanges-and-registered-_70545.html,https://www.sebi.gov.in/sebi_data/attachdocs/apr-2023/1682505969062.pdf,data\full_dataset\sebi\circulars\pdf\Procedure_for_implementation_of_Section_12A_of_the_Weapons_of_Mass_Destruction_and_their_Delivery_Systems__Prohibition_of_Unlawful_Activities__Act__20__7fe68521.pdf
"Apr 25, 2023",Modifications in the requirement of filing of Offer Documents by Mutual Funds,https://www.sebi.gov.in/legal/circulars/apr-2023/modifications-in-the-requirement-of-filing-of-offer-documents-by-mutual-funds_70524.html,https://www.sebi.gov.in/sebi_data/attachdocs/apr-2023/1682420587888.pdf,data\full_dataset\sebi\circulars\pdf\Modifications_in_the_requirement_of_filing_of_Offer_Documents_by_Mutual_Funds__62de0e8e.pdf
"Apr 25, 2023",Bank Guarantees (BGs) created out of clients’ funds,https://www.sebi.gov.in/legal/circulars/apr-2023/bank-guarantees-bgs-created-out-of-clients-funds_70518.html,https://www.sebi.gov.in/sebi_data/attachdocs/apr-2023/1682420113345.pdf,data\full_dataset\sebi\circulars\pdf\Bank_Guarantees__BGs__created_out_of_clients__funds__3d5ea095.pdf
"Apr 21, 2023",Procedure for seeking prior approval for change in control of Vault Managers,https://www.sebi.gov.in/legal/circulars/apr-2023/procedure-for-seeking-prior-approval-for-change-in-control-of-vault-managers_70419.html,https://www.sebi.gov.in/sebi_data/attachdocs/apr-2023/1682313975943.pdf,data\full_dataset\sebi\circulars\pdf\Procedure_for_seeking_prior_approval_for_change_in_control_of_Vault_Managers__dcb7d64f.pdf
"Apr 20, 2023","Issue of Master Circular by Stock Exchanges, Clearing Corporations and Depositories",https://www.sebi.gov.in/legal/circulars/apr-2023/issue-of-master-circular-by-stock-exchanges-clearing-corporations-and-depositories_70375.html,https://www.sebi.gov.in/sebi_data/attachdocs/apr-2023/1681993430757.pdf,data\full_dataset\sebi\circulars\pdf\Issue_of_Master_Circular_by_Stock_Exchanges__Clearing_Corporations_and_Depositories__6a9bddc0.pdf
"Apr 17, 2023",Dispute Resolution Mechanism for Limited Purpose Clearing Corporation (LPCC),https://www.sebi.gov.in/legal/circulars/apr-2023/dispute-resolution-mechanism-for-limited-purpose-clearing-corporation-lpcc-_70280.html,https://www.sebi.gov.in/sebi_data/attachdocs/apr-2023/1681734548053.pdf,data\full_dataset\sebi\circulars\pdf\Dispute_Resolution_Mechanism_for_Limited_Purpose_Clearing_Corporation__LPCC___38f8c85c.pdf
"Apr 13, 2023",Contribution by eligible Issuers of debt securities to the Settlement Guarantee Fund of the Limited Purpose Clearing Corporation for repo transactions in debt securities,https://www.sebi.gov.in/legal/circulars/apr-2023/contribution-by-eligible-issuers-of-debt-securities-to-the-settlement-guarantee-fund-of-the-limited-purpose-clearing-corporation-for-repo-transactions-in-debt-securities_70170.html,https://www.sebi.gov.in/sebi_data/attachdocs/apr-2023/1681403254509.pdf,data\full_dataset\sebi\circulars\pdf\Contribution_by_eligible_Issuers_of_debt_securities_to_the_Settlement_Guarantee_Fund_of_the_Limited_Purpose_Clearing_Corporation_for_repo_transactions__3713988c.pdf
"Apr 11, 2023","Formulation of price bands for the first day of trading pursuant to Initial Public Offering (IPO), re-listing etc. in normal trading session",https://www.sebi.gov.in/legal/circulars/apr-2023/formulation-of-price-bands-for-the-first-day-of-trading-pursuant-to-initial-public-offering-ipo-re-listing-etc-in-normal-trading-session_70019.html,https://www.sebi.gov.in/sebi_data/attachdocs/apr-2023/1681211550939.pdf,data\full_dataset\sebi\circulars\pdf\Formulation_of_price_bands_for_the_first_day_of_trading_pursuant_to_Initial_Public_Offering__IPO__re-listing_etc._in_normal_trading_session__5c16414c.pdf
"Apr 10, 2023",Direct plan for schemes of Alternative Investment Funds (AIFs) and trail model for distribution commission in AIFs,https://www.sebi.gov.in/legal/circulars/apr-2023/direct-plan-for-schemes-of-alternative-investment-funds-aifs-and-trail-model-for-distribution-commission-in-aifs_69996.html,https://www.sebi.gov.in/sebi_data/attachdocs/apr-2023/1681143315736.pdf,data\full_dataset\sebi\circulars\pdf\Direct_plan_for_schemes_of_Alternative_Investment_Funds__AIFs__and_trail_model_for_distribution_commission_in_AIFs__76b388cb.pdf
"Apr 10, 2023",Guidelines with respect to excusing or excluding an investor  from an investment of AIF,https://www.sebi.gov.in/legal/circulars/apr-2023/guidelines-with-respect-to-excusing-or-excluding-an-investor-from-an-investment-of-aif_69995.html,https://www.sebi.gov.in/sebi_data/attachdocs/apr-2023/1681142897337.pdf,data\full_dataset\sebi\circulars\pdf\Guidelines_with_respect_to_excusing_or_excluding_an_investor_from_an_investment_of_AIF__edf26def.pdf
"Apr 06, 2023",Usage of brand name/trade name by Investment Advisers (IA) and Research Analysts (RA),https://www.sebi.gov.in/legal/circulars/apr-2023/usage-of-brand-name-trade-name-by-investment-advisers-ia-and-research-analysts-ra-_69839.html,https://www.sebi.gov.in/sebi_data/attachdocs/apr-2023/1680773664314.pdf,data\full_dataset\sebi\circulars\pdf\Usage_of_brand_name_trade_name_by_Investment_Advisers__IA__and_Research_Analysts__RA___351968af.pdf
"Apr 05, 2023",Advertisement code for Investment Advisers (IA) and Research Analysts (RA),https://www.sebi.gov.in/legal/circulars/apr-2023/advertisement-code-for-investment-advisers-ia-and-research-analysts-ra-_69798.html,https://www.sebi.gov.in/sebi_data/attachdocs/apr-2023/1680697486707.pdf,data\full_dataset\sebi\circulars\pdf\Advertisement_code_for_Investment_Advisers__IA__and_Research_Analysts__RA___f7c580f6.pdf
"Mar 31, 2023",Operational Circular for Debenture Trustees,https://www.sebi.gov.in/legal/circulars/mar-2023/operational-circular-for-debenture-trustees_69684.html,https://www.sebi.gov.in/sebi_data/attachdocs/apr-2023/1680667757215.pdf,data\full_dataset\sebi\circulars\pdf\Operational_Circular_for_Debenture_Trustees__caf38789.pdf
"Mar 31, 2023",Extension of compliance period – Fund raising by large corporates through issuance of debt securities to the extent of 25% of their incremental borrowings in a financial year,https://www.sebi.gov.in/legal/circulars/mar-2023/extension-of-compliance-period-fund-raising-by-large-corporates-through-issuance-of-debt-securities-to-the-extent-of-25-of-their-incremental-borrowings-in-a-financial-year_69574.html,https://www.sebi.gov.in/sebi_data/attachdocs/mar-2023/1680257017775.pdf,data\full_dataset\sebi\circulars\pdf\Extension_of_compliance_period___Fund_raising_by_large_corporates_through_issuance_of_debt_securities_to_the_extent_of_25__of_their_incremental_borrow__5f8b1be1.pdf
"Mar 29, 2023",Cyber Security and Cyber Resilience framework for Portfolio Managers,https://www.sebi.gov.in/legal/circulars/mar-2023/cyber-security-and-cyber-resilience-framework-for-portfolio-managers_69521.html,https://www.sebi.gov.in/sebi_data/attachdocs/mar-2023/1680091655431.pdf,data\full_dataset\sebi\circulars\pdf\Cyber_Security_and_Cyber_Resilience_framework_for_Portfolio_Managers__69b91db1.pdf
"Mar 29, 2023",Review of time limit for disclosure of NAV of Mutual fund schemes investing overseas,https://www.sebi.gov.in/legal/circulars/mar-2023/review-of-time-limit-for-disclosure-of-nav-of-mutual-fund-schemes-investing-overseas_69519.html,https://www.sebi.gov.in/sebi_data/attachdocs/mar-2023/1680091529402.pdf,data\full_dataset\sebi\circulars\pdf\Review_of_time_limit_for_disclosure_of_NAV_of_Mutual_fund_schemes_investing_overseas__3694a6b6.pdf
"Mar 28, 2023",Nomination for Mutual Fund Unit Holders – Extension of timelines,https://www.sebi.gov.in/legal/circulars/mar-2023/nomination-for-mutual-fund-unit-holders-extension-of-timelines_69465.html,https://www.sebi.gov.in/sebi_data/attachdocs/mar-2023/1680005875769.pdf,data\full_dataset\sebi\circulars\pdf\Nomination_for_Mutual_Fund_Unit_Holders___Extension_of_timelines__13e80916.pdf
"Mar 28, 2023","Norms for Scheme of Arrangement by unlisted Stock Exchanges, Clearing Corporations and Depositories",https://www.sebi.gov.in/legal/circulars/mar-2023/norms-for-scheme-of-arrangement-by-unlisted-stock-exchanges-clearing-corporations-and-depositories_69450.html,https://www.sebi.gov.in/sebi_data/attachdocs/mar-2023/1680002505473.pdf,data\full_dataset\sebi\circulars\pdf\Norms_for_Scheme_of_Arrangement_by_unlisted_Stock_Exchanges__Clearing_Corporations_and_Depositories__28686637.pdf
"Mar 27, 2023","Amendment to Securities Lending Scheme, 1997",https://www.sebi.gov.in/legal/circulars/mar-2023/amendment-to-securities-lending-scheme-1997_69449.html,https://www.sebi.gov.in/sebi_data/attachdocs/mar-2023/1680001918442.pdf,data\full_dataset\sebi\circulars\pdf\Amendment_to_Securities_Lending_Scheme__1997__70330849.pdf
"Mar 27, 2023",Nomination for Eligible Trading and Demat Accounts - Extension of timelines for existing account holders,https://www.sebi.gov.in/legal/circulars/mar-2023/nomination-for-eligible-trading-and-demat-accounts-extension-of-timelines-for-existing-account-holders_69391.html,https://www.sebi.gov.in/sebi_data/attachdocs/mar-2023/1679975328821.pdf,data\full_dataset\sebi\circulars\pdf\Nomination_for_Eligible_Trading_and_Demat_Accounts_-_Extension_of_timelines_for_existing_account_holders__bd285722.pdf
"Mar 27, 2023",Streamlining the onboarding process of FPIs,https://www.sebi.gov.in/legal/circulars/mar-2023/streamlining-the-onboarding-process-of-fpis_69390.html,https://www.sebi.gov.in/sebi_data/attachdocs/mar-2023/1679932121841.pdf,data\full_dataset\sebi\circulars\pdf\Streamlining_the_onboarding_process_of_FPIs__0191f9e0.pdf
"Mar 23, 2023",E-wallet investments in Mutual Funds,https://www.sebi.gov.in/legal/circulars/mar-2023/e-wallet-investments-in-mutual-funds_69254.html,https://www.sebi.gov.in/sebi_data/attachdocs/mar-2023/1679570585809.pdf,data\full_dataset\sebi\circulars\pdf\E-wallet_investments_in_Mutual_Funds__229f6471.pdf
"Mar 16, 2023","Common and simplified norms for processing investor’s service requests by RTAs and norms for furnishing PAN, KYC details and Nomination",https://www.sebi.gov.in/legal/circulars/mar-2023/common-and-simplified-norms-for-processing-investor-s-service-requests-by-rtas-and-norms-for-furnishing-pan-kyc-details-and-nomination_69105.html,https://www.sebi.gov.in/sebi_data/attachdocs/mar-2023/1679050146255.pdf,data\full_dataset\sebi\circulars\pdf\Common_and_simplified_norms_for_processing_investor_s_service_requests_by_RTAs_and_norms_for_furnishing_PAN__KYC_details_and_Nomination__cb63dacc.pdf
"Mar 10, 2023",Clarification with respect to Qualified RTAs,https://www.sebi.gov.in/legal/circulars/mar-2023/clarification-with-respect-to-qualified-rtas_68824.html,https://www.sebi.gov.in/sebi_data/attachdocs/mar-2023/1678681322213.pdf,data\full_dataset\sebi\circulars\pdf\Clarification_with_respect_to_Qualified_RTAs__a5050156.pdf
"Mar 08, 2023","Operational Guidance - Amendment to SEBI (Buy-back of Securities) Regulations, 2018",https://www.sebi.gov.in/legal/circulars/mar-2023/operational-guidance-amendment-to-sebi-buy-back-of-securities-regulations-2018_68765.html,https://www.sebi.gov.in/sebi_data/attachdocs/mar-2023/1678275892283.pdf,data\full_dataset\sebi\circulars\pdf\Operational_Guidance_-_Amendment_to_SEBI__Buy-back_of_Securities__Regulations__2018__db7d0a7b.pdf
"Mar 06, 2023",Framework for Adoption of Cloud Services by SEBI Regulated Entities (REs),https://www.sebi.gov.in/legal/circulars/mar-2023/framework-for-adoption-of-cloud-services-by-sebi-regulated-entities-res-_68740.html,https://www.sebi.gov.in/sebi_data/attachdocs/mar-2023/1678112480131.pdf,data\full_dataset\sebi\circulars\pdf\Framework_for_Adoption_of_Cloud_Services_by_SEBI_Regulated_Entities__REs___3d3f8b43.pdf
"Feb 22, 2023",Advisory for SEBI Regulated Entities (REs) regarding Cybersecurity best practices,https://www.sebi.gov.in/legal/circulars/feb-2023/advisory-for-sebi-regulated-entities-res-regarding-cybersecurity-best-practices_68334.html,https://www.sebi.gov.in/sebi_data/attachdocs/feb-2023/1677065838189.pdf,data\full_dataset\sebi\circulars\pdf\Advisory_for_SEBI_Regulated_Entities__REs__regarding_Cybersecurity_best_practices__6d07cc99.pdf
"Feb 15, 2023",Maintenance of a website by stock brokers and depository participants,https://www.sebi.gov.in/legal/circulars/feb-2023/maintenance-of-a-website-by-stock-brokers-and-depository-participants_68073.html,https://www.sebi.gov.in/sebi_data/attachdocs/feb-2023/1676529282739.pdf,data\full_dataset\sebi\circulars\pdf\Maintenance_of_a_website_by_stock_brokers_and_depository_participants__37207d7c.pdf
"Feb 15, 2023",Introduction of Issue Summary Document (ISD) and dissemination of issue advertisements,https://www.sebi.gov.in/legal/circulars/feb-2023/introduction-of-issue-summary-document-isd-and-dissemination-of-issue-advertisements_68057.html,https://www.sebi.gov.in/sebi_data/attachdocs/feb-2023/1676462081674.pdf,data\full_dataset\sebi\circulars\pdf\Introduction_of_Issue_Summary_Document__ISD__and_dissemination_of_issue_advertisements__41f512bc.pdf
"Feb 09, 2023","Clarification in respect of the compliance by the first-time issuers of debt securities under SEBI (Issue and Listing of Non-Convertible Securities) Regulations, 2021 with Regulation 23(6)",https://www.sebi.gov.in/legal/circulars/feb-2023/clarification-in-respect-of-the-compliance-by-the-first-time-issuers-of-debt-securities-under-sebi-issue-and-listing-of-non-convertible-securities-regulations-2021-with-regulation-23-6-_67936.html,https://www.sebi.gov.in/sebi_data/attachdocs/feb-2023/1675944454120.pdf,data\full_dataset\sebi\circulars\pdf\Clarification_in_respect_of_the_compliance_by_the_first-time_issuers_of_debt_securities_under_SEBI__Issue_and_Listing_of_Non-Convertible_Securities__R__b24e4d01.pdf
"Feb 08, 2023","Clarification w.r.t. issuance and listing of perpetual debt instruments, perpetual non-cumulative preference shares and similar instruments under Chapter V of the SEBI (Issue and Listing of Non-convertible Securities) Regulations, 2021",https://www.sebi.gov.in/legal/circulars/feb-2023/clarification-w-r-t-issuance-and-listing-of-perpetual-debt-instruments-perpetual-non-cumulative-preference-shares-and-similar-instruments-under-chapter-v-of-the-sebi-issue-and-listing-of-non-conver-_67913.html,https://www.sebi.gov.in/sebi_data/attachdocs/feb-2023/1675870495404.pdf,data\full_dataset\sebi\circulars\pdf\Clarification_w.r.t._issuance_and_listing_of_perpetual_debt_instruments__perpetual_non-cumulative_preference_shares_and_similar_instruments_under_Chap__d3335826.pdf
"Feb 08, 2023",Entities allowed to use e-KYC Aadhaar Authentication services of UIDAI in Securities Market as sub-KUA,https://www.sebi.gov.in/legal/circulars/feb-2023/entities-allowed-to-use-e-kyc-aadhaar-authentication-services-of-uidai-in-securities-market-as-sub-kua_67897.html,https://www.sebi.gov.in/sebi_data/attachdocs/feb-2023/1675855321652.pdf,data\full_dataset\sebi\circulars\pdf\Entities_allowed_to_use_e-KYC_Aadhaar_Authentication_services_of_UIDAI_in_Securities_Market_as_sub-KUA__461d7e84.pdf
"Feb 07, 2023","Grant of extension of time to entities operating/ desirous of operating as Online Bond Platform Providers (OBPPs) for making an application to obtain certificate of registration as a stock broker under the Securities and Exchange Board of India (Stock Brokers) Regulations, 1992",https://www.sebi.gov.in/legal/circulars/feb-2023/grant-of-extension-of-time-to-entities-operating-desirous-of-operating-as-online-bond-platform-providers-obpps-for-making-an-application-to-obtain-certificate-of-registration-as-a-stock-broker-unde-_67881.html,https://www.sebi.gov.in/sebi_data/attachdocs/feb-2023/1675782519199.pdf,data\full_dataset\sebi\circulars\pdf\Grant_of_extension_of_time_to_entities_operating__desirous_of_operating_as_Online_Bond_Platform_Providers__OBPPs__for_making_an_application_to_obtain___4884374b.pdf
"Feb 06, 2023",Enhanced obligations and responsibilities on Qualified Stock Brokers (QSBs),https://www.sebi.gov.in/legal/circulars/feb-2023/enhanced-obligations-and-responsibilities-on-qualified-stock-brokers-qsbs-_67848.html,https://www.sebi.gov.in/sebi_data/attachdocs/feb-2023/1675683541895.pdf,data\full_dataset\sebi\circulars\pdf\Enhanced_obligations_and_responsibilities_on_Qualified_Stock_Brokers__QSBs___649cd9a9.pdf
"Feb 06, 2023",Revised Disclosure Requirements for Issuance and Listing of Green Debt Securities,https://www.sebi.gov.in/legal/circulars/feb-2023/revised-disclosure-requirements-for-issuance-and-listing-of-green-debt-securities_67837.html,https://www.sebi.gov.in/sebi_data/attachdocs/feb-2023/1675674121441.pdf,data\full_dataset\sebi\circulars\pdf\Revised_Disclosure_Requirements_for_Issuance_and_Listing_of_Green_Debt_Securities__f2c80fb3.pdf
"Feb 03, 2023",Dos and don’ts relating to green debt securities to avoid occurrences of greenwashing,https://www.sebi.gov.in/legal/circulars/feb-2023/dos-and-don-ts-relating-to-green-debt-securities-to-avoid-occurrences-of-greenwashing_67828.html,https://www.sebi.gov.in/sebi_data/attachdocs/feb-2023/1675481398193.pdf,data\full_dataset\sebi\circulars\pdf\Dos_and_don_ts_relating_to_green_debt_securities_to_avoid_occurrences_of_greenwashing__b5abf512.pdf
"Feb 01, 2023",Transaction in Corporate Bonds through Request for Quote (RFQ) platform by Alternative Investment Funds (AIFs),https://www.sebi.gov.in/legal/circulars/feb-2023/transaction-in-corporate-bonds-through-request-for-quote-rfq-platform-by-alternative-investment-funds-aifs-_67744.html,https://www.sebi.gov.in/sebi_data/attachdocs/feb-2023/1675265695692.pdf,data\full_dataset\sebi\circulars\pdf\Transaction_in_Corporate_Bonds_through_Request_for_Quote__RFQ__platform_by_Alternative_Investment_Funds__AIFs___85865f43.pdf
"Feb 01, 2023",Changes to the Framework to Enable Verification of Upfront Collection of Margins from Clients in Cash and Derivatives segments,https://www.sebi.gov.in/legal/circulars/feb-2023/changes-to-the-framework-to-enable-verification-of-upfront-collection-of-margins-from-clients-in-cash-and-derivatives-segments_67738.html,https://www.sebi.gov.in/sebi_data/attachdocs/feb-2023/1675253128531.pdf,data\full_dataset\sebi\circulars\pdf\Changes_to_the_Framework_to_Enable_Verification_of_Upfront_Collection_of_Margins_from_Clients_in_Cash_and_Derivatives_segments__a6b4960c.pdf
"Jan 12, 2023",Participation of AIFs in Credit Default Swaps,https://www.sebi.gov.in/legal/circulars/jan-2023/participation-of-aifs-in-credit-default-swaps_67264.html,https://www.sebi.gov.in/sebi_data/attachdocs/jan-2023/1673528742923.pdf,data\full_dataset\sebi\circulars\pdf\Participation_of_AIFs_in_Credit_Default_Swaps__37612c2f.pdf
"Jan 11, 2023",Allowing stock exchanges to launch multiple contracts on the same commodity in commodity derivatives segment,https://www.sebi.gov.in/legal/circulars/jan-2023/allowing-stock-exchanges-to-launch-multiple-contracts-on-the-same-commodity-in-commodity-derivatives-segment_67220.html,https://www.sebi.gov.in/sebi_data/attachdocs/jan-2023/1673495613940.pdf,data\full_dataset\sebi\circulars\pdf\Allowing_stock_exchanges_to_launch_multiple_contracts_on_the_same_commodity_in_commodity_derivatives_segment__76ddebc8.pdf
"Jan 10, 2023",Introduction of future contracts on Corporate Bond Indices,https://www.sebi.gov.in/legal/circulars/jan-2023/introduction-of-future-contracts-on-corporate-bond-indices_67187.html,https://www.sebi.gov.in/sebi_data/attachdocs/jan-2023/1673357525127.pdf,data\full_dataset\sebi\circulars\pdf\Introduction_of_future_contracts_on_Corporate_Bond_Indices__bccbdb98.pdf
"Jan 10, 2023",Change in control of Portfolio Managers providing Co-investment services,https://www.sebi.gov.in/legal/circulars/jan-2023/change-in-control-of-portfolio-managers-providing-co-investment-services_67159.html,https://www.sebi.gov.in/sebi_data/attachdocs/jan-2023/1673349909735.pdf,data\full_dataset\sebi\circulars\pdf\Change_in_control_of_Portfolio_Managers_providing_Co-investment_services__2668abfe.pdf
"Jan 10, 2023",Comprehensive Framework on Offer for Sale (OFS) of Shares through Stock Exchange Mechanism,https://www.sebi.gov.in/legal/circulars/jan-2023/comprehensive-framework-on-offer-for-sale-ofs-of-shares-through-stock-exchange-mechanism_67157.html,https://www.sebi.gov.in/sebi_data/attachdocs/jan-2023/1673349770173.pdf,data\full_dataset\sebi\circulars\pdf\Comprehensive_Framework_on_Offer_for_Sale__OFS__of_Shares_through_Stock_Exchange_Mechanism__26cfbaf3.pdf
"Jan 09, 2023",Standard Operating Procedure for handling of Stock Exchange Outage and extension of trading hours thereof,https://www.sebi.gov.in/legal/circulars/jan-2023/standard-operating-procedure-for-handling-of-stock-exchange-outage-and-extension-of-trading-hours-thereof_67125.html,https://www.sebi.gov.in/sebi_data/attachdocs/jan-2023/1673272120473.pdf,data\full_dataset\sebi\circulars\pdf\Standard_Operating_Procedure_for_handling_of_Stock_Exchange_Outage_and_extension_of_trading_hours_thereof__5e6d73f8.pdf
"Jan 09, 2023",Mode of settlement for trades executed on the Request for Quote (RFQ) platform,https://www.sebi.gov.in/legal/circulars/jan-2023/mode-of-settlement-for-trades-executed-on-the-request-for-quote-rfq-platform_67124.html,https://www.sebi.gov.in/sebi_data/attachdocs/jan-2023/1673269890755.pdf,data\full_dataset\sebi\circulars\pdf\Mode_of_settlement_for_trades_executed_on_the_Request_for_Quote__RFQ__platform__b3524c79.pdf
"Jan 06, 2023",Operational Circular for Credit Rating Agencies,https://www.sebi.gov.in/legal/circulars/jan-2023/operational-circular-for-credit-rating-agencies_67080.html,https://www.sebi.gov.in/sebi_data/attachdocs/jan-2023/1673075862838.pdf,data\full_dataset\sebi\circulars\pdf\Operational_Circular_for_Credit_Rating_Agencies__f8fd42f6.pdf
"Jan 06, 2023",Management and advisory services by AMCs to Foreign Portfolio Investors,https://www.sebi.gov.in/legal/circulars/jan-2023/management-and-advisory-services-by-amcs-to-foreign-portfolio-investors_67064.html,https://www.sebi.gov.in/sebi_data/attachdocs/jan-2023/1673003289500.pdf,data\full_dataset\sebi\circulars\pdf\Management_and_advisory_services_by_AMCs_to_Foreign_Portfolio_Investors__4401314c.pdf
"Jan 05, 2023",Extension of timelines for entering and verification of the details of the existing outstanding non-convertible securities in the ‘Security and Covenant Monitoring’ system hosted by Depositories,https://www.sebi.gov.in/legal/circulars/jan-2023/extension-of-timelines-for-entering-and-verification-of-the-details-of-the-existing-outstanding-non-convertible-securities-in-the-security-and-covenant-monitoring-system-hosted-by-depositories_67045.html,https://www.sebi.gov.in/sebi_data/attachdocs/jan-2023/1672931884753.pdf,data\full_dataset\sebi\circulars\pdf\Extension_of_timelines_for_entering_and_verification_of_the_details_of_the_existing_outstanding_non-convertible_securities_in_the__Security_and_Covena__8770c465.pdf
"Jan 05, 2023",Monitoring and Periodical reporting of the compliance with the requirements pertaining to ‘Security and Covenant Monitoring’ system hosted by Depositories,https://www.sebi.gov.in/legal/circulars/jan-2023/monitoring-and-periodical-reporting-of-the-compliance-with-the-requirements-pertaining-to-security-and-covenant-monitoring-system-hosted-by-depositories_67043.html,https://www.sebi.gov.in/sebi_data/attachdocs/jan-2023/1672931750845.pdf,data\full_dataset\sebi\circulars\pdf\Monitoring_and_Periodical_reporting_of_the_compliance_with_the_requirements_pertaining_to__Security_and_Covenant_Monitoring__system_hosted_by_Deposito__61138d45.pdf
"Jan 05, 2023","Limited relaxation – dispatch of physical copies of financial statements etc. – Regulation 58 of SEBI (Listing Obligations and Disclosure Requirements) Regulations, 2015",https://www.sebi.gov.in/legal/circulars/jan-2023/limited-relaxation-dispatch-of-physical-copies-of-financial-statements-etc-regulation-58-of-sebi-listing-obligations-and-disclosure-requirements-regulations-2015_67033.html,https://www.sebi.gov.in/sebi_data/attachdocs/jan-2023/1672911918631.pdf,data\full_dataset\sebi\circulars\pdf\Limited_relaxation___dispatch_of_physical_copies_of_financial_statements_etc.___Regulation_58_of_SEBI__Listing_Obligations_and_Disclosure_Requirements__2c68c211.pdf
"Dec 30, 2022",Introduction of Investor Risk Reduction Access (IRRA) platform in case of disruption of trading services provided by the Trading Member (TM),https://www.sebi.gov.in/legal/circulars/dec-2022/introduction-of-investor-risk-reduction-access-irra-platform-in-case-of-disruption-of-trading-services-provided-by-the-trading-member-tm-_66785.html,https://www.sebi.gov.in/sebi_data/attachdocs/dec-2022/1672396628338.pdf,data\full_dataset\sebi\circulars\pdf\Introduction_of_Investor_Risk_Reduction_Access__IRRA__platform_in_case_of_disruption_of_trading_services_provided_by_the_Trading_Member__TM___f74c2a7f.pdf
"Dec 19, 2022","Clarification to SEBI circular dated August 04, 2022 on enhanced guidelines for debenture trustees and listed issuer companies on security creation and initial due diligence",https://www.sebi.gov.in/legal/circulars/dec-2022/clarification-to-sebi-circular-dated-august-04-2022-on-enhanced-guidelines-for-debenture-trustees-and-listed-issuer-companies-on-security-creation-and-initial-due-diligence_66367.html,https://www.sebi.gov.in/sebi_data/attachdocs/dec-2022/1671462881306.pdf,data\full_dataset\sebi\circulars\pdf\Clarification_to_SEBI_circular_dated_August_04__2022_on_enhanced_guidelines_for_debenture_trustees_and_listed_issuer_companies_on_security_creation_an__a7f014fb.pdf
"Dec 16, 2022",Applicability of SEBI circular on Principles of Financial Market Infrastructures (PFMIs) to AMC Repo Clearing Limited,https://www.sebi.gov.in/legal/circulars/dec-2022/applicability-of-sebi-circular-on-principles-of-financial-market-infrastructures-pfmis-to-amc-repo-clearing-limited_66269.html,https://www.sebi.gov.in/sebi_data/attachdocs/dec-2022/1671196977420.pdf,data\full_dataset\sebi\circulars\pdf\Applicability_of_SEBI_circular_on_Principles_of_Financial_Market_Infrastructures__PFMIs__to_AMC_Repo_Clearing_Limited__fc80f218.pdf
"Dec 16, 2022",Framework for Orderly Winding Down of Critical Operations and Services of a Clearing Corporation,https://www.sebi.gov.in/legal/circulars/dec-2022/framework-for-orderly-winding-down-of-critical-operations-and-services-of-a-clearing-corporation_66268.html,https://www.sebi.gov.in/sebi_data/attachdocs/dec-2022/1671196903326.pdf,data\full_dataset\sebi\circulars\pdf\Framework_for_Orderly_Winding_Down_of_Critical_Operations_and_Services_of_a_Clearing_Corporation__6a1835d0.pdf
"Dec 16, 2022",Performance Benchmarking and Reporting of Performance by Portfolio Managers,https://www.sebi.gov.in/legal/circulars/dec-2022/performance-benchmarking-and-reporting-of-performance-by-portfolio-managers_66256.html,https://www.sebi.gov.in/sebi_data/attachdocs/dec-2022/1671190135939.pdf,data\full_dataset\sebi\circulars\pdf\Performance_Benchmarking_and_Reporting_of_Performance_by_Portfolio_Managers__78aa8a2a.pdf
"Dec 09, 2022",Foreign investment in Alternative Investment Funds (AIFs),https://www.sebi.gov.in/legal/circulars/dec-2022/foreign-investment-in-alternative-investment-funds-aifs-_66045.html,https://www.sebi.gov.in/sebi_data/attachdocs/dec-2022/1670588326153.pdf,data\full_dataset\sebi\circulars\pdf\Foreign_investment_in_Alternative_Investment_Funds__AIFs___ae798536.pdf
"Dec 09, 2022",Clarification - Scheme(s) of Arrangement by entities who have listed their Non-convertible Debt securities (NCDs)/ Non-convertible Redeemable Preference shares (NCRPS) (‘debt listed entities’),https://www.sebi.gov.in/legal/circulars/dec-2022/clarification-scheme-s-of-arrangement-by-entities-who-have-listed-their-non-convertible-debt-securities-ncds-non-convertible-redeemable-preference-shares-ncrps-debt-listed-entities-_66037.html,https://www.sebi.gov.in/sebi_data/attachdocs/dec-2022/1670581131739.pdf,data\full_dataset\sebi\circulars\pdf\Clarification_-_Scheme_s__of_Arrangement_by_entities_who_have_listed_their_Non-convertible_Debt_securities__NCDs__Non-convertible_Redeemable_Preferenc__dd65e919.pdf
"Dec 01, 2022","Updated Operational Circular for listing obligations and disclosure requirements for Non-convertible Securities, Securitized Debt Instruments and/ or Commercial Paper – Modifications in Chapter IV and Introduction of Chapter XII on Scheme(s) of Arrangement by entities who have listed their NCDs/ NCRPS",https://www.sebi.gov.in/legal/circulars/dec-2022/updated-operational-circular-for-listing-obligations-and-disclosure-requirements-for-non-convertible-securities-securitized-debt-instruments-and-or-commercial-paper-modifications-in-chapter-iv-and-_65728.html,https://www.sebi.gov.in/sebi_data/attachdocs/dec-2022/1669894477968.pdf,data\full_dataset\sebi\circulars\pdf\Updated_Operational_Circular_for_listing_obligations_and_disclosure_requirements_for_Non-convertible_Securities__Securitized_Debt_Instruments_and__or___2b38ab66.pdf
"Nov 30, 2022",Inclusion of Equity Exchange Traded Funds as list of eligible securities under Margin Trading Facility,https://www.sebi.gov.in/legal/circulars/nov-2022/inclusion-of-equity-exchange-traded-funds-as-list-of-eligible-securities-under-margin-trading-facility_65683.html,https://www.sebi.gov.in/sebi_data/attachdocs/nov-2022/1669821792265.pdf,data\full_dataset\sebi\circulars\pdf\Inclusion_of_Equity_Exchange_Traded_Funds_as_list_of_eligible_securities_under_Margin_Trading_Facility__cc9ecd56.pdf
"Nov 30, 2022",Net Settlement of Cash segment and Futures & Options (F&O) segment upon expiry of stock derivatives,https://www.sebi.gov.in/legal/circulars/nov-2022/net-settlement-of-cash-segment-and-futures-and-options-fando-segment-upon-expiry-of-stock-derivatives_65667.html,https://www.sebi.gov.in/sebi_data/attachdocs/nov-2022/1669806407982.pdf,data\full_dataset\sebi\circulars\pdf\Net_Settlement_of_Cash_segment_and_Futures___Options__F_O__segment_upon_expiry_of_stock_derivatives__663f6a1c.pdf
"Nov 30, 2022","Review of timelines for listing of securities issued on Private Placement basis – Chapter VII of the Operational Circular issued under SEBI (Issue and Listing of Non-Convertible Securities) Regulations, 2021",https://www.sebi.gov.in/legal/circulars/nov-2022/review-of-timelines-for-listing-of-securities-issued-on-private-placement-basis-chapter-vii-of-the-operational-circular-issued-under-sebi-issue-and-listing-of-non-convertible-securities-regulation-_65659.html,https://www.sebi.gov.in/sebi_data/attachdocs/nov-2022/1669805445293.pdf,data\full_dataset\sebi\circulars\pdf\Review_of_timelines_for_listing_of_securities_issued_on_Private_Placement_basis___Chapter_VII_of_the_Operational_Circular_issued_under_SEBI__Issue_and__8ac0b9a7.pdf
"Nov 29, 2022",Introduction of credit risk based single issuer limit for investment by mutual fund schemes in debt and money market instruments,https://www.sebi.gov.in/legal/circulars/nov-2022/introduction-of-credit-risk-based-single-issuer-limit-for-investment-by-mutual-fund-schemes-in-debt-and-money-market-instruments_65574.html,https://www.sebi.gov.in/sebi_data/attachdocs/nov-2022/1669716151647.pdf,data\full_dataset\sebi\circulars\pdf\Introduction_of_credit_risk_based_single_issuer_limit_for_investment_by_mutual_fund_schemes_in_debt_and_money_market_instruments__e3a8f885.pdf
"Nov 28, 2022",Procedure for seeking prior approval for change in control,https://www.sebi.gov.in/legal/circulars/nov-2022/procedure-for-seeking-prior-approval-for-change-in-control_65523.html,https://www.sebi.gov.in/sebi_data/attachdocs/nov-2022/1669632537807.pdf,data\full_dataset\sebi\circulars\pdf\Procedure_for_seeking_prior_approval_for_change_in_control__9cefa7d8.pdf
"Nov 25, 2022",Framework to address the ‘technical glitches’ in Stock Brokers’ Electronic Trading Systems,https://www.sebi.gov.in/legal/circulars/nov-2022/framework-to-address-the-technical-glitches-in-stock-brokers-electronic-trading-systems_65466.html,https://www.sebi.gov.in/sebi_data/attachdocs/nov-2022/1669376105069.pdf,data\full_dataset\sebi\circulars\pdf\Framework_to_address_the__technical_glitches__in_Stock_Brokers__Electronic_Trading_Systems__02078195.pdf
"Nov 25, 2022",Extension of timelines for implementation of SEBI circulars SEBI/HO/MIRSD/MIRSD-PoD-1/P/CIR/2022/137 and SEBI/HO/MIRSD/ DoP/P/CIR/2022/119,https://www.sebi.gov.in/legal/circulars/nov-2022/extension-of-timelines-for-implementation-of-sebi-circulars-sebi-ho-mirsd-mirsd-pod-1-p-cir-2022-137-and-sebi-ho-mirsd-dop-p-cir-2022-119_65464.html,https://www.sebi.gov.in/sebi_data/attachdocs/nov-2022/1669375591635.pdf,data\full_dataset\sebi\circulars\pdf\Extension_of_timelines_for_implementation_of_SEBI_circulars_SEBI_HO_MIRSD_MIRSD-PoD-1_P_CIR_2022_137_and_SEBI_HO_MIRSD__DoP_P_CIR_2022_119__d8dc32b5.pdf
"Nov 25, 2022",Timelines for transfer of dividend and redemption proceeds to unitholders,https://www.sebi.gov.in/legal/circulars/nov-2022/timelines-for-transfer-of-dividend-and-redemption-proceeds-to-unitholders_65455.html,https://www.sebi.gov.in/sebi_data/attachdocs/nov-2022/1669373687117.pdf,data\full_dataset\sebi\circulars\pdf\Timelines_for_transfer_of_dividend_and_redemption_proceeds_to_unitholders__5702f167.pdf
"Nov 24, 2022","Reporting of trades in Non-convertible Securities – Chapter XVI of Operational Circular issued under SEBI (Issue and Listing of Non-Convertible Securities) Regulations, 2021",https://www.sebi.gov.in/legal/circulars/nov-2022/reporting-of-trades-in-non-convertible-securities-chapter-xvi-of-operational-circular-issued-under-sebi-issue-and-listing-of-non-convertible-securities-regulations-2021_65434.html,https://www.sebi.gov.in/sebi_data/attachdocs/nov-2022/1669347897648.pdf,data\full_dataset\sebi\circulars\pdf\Reporting_of_trades_in_Non-convertible_Securities___Chapter_XVI_of_Operational_Circular_issued_under_SEBI__Issue_and_Listing_of_Non-Convertible_Securi__e16c56d7.pdf
"Nov 24, 2022","Issue of Green Debt Securities by an issuer under Securities and Exchange Board of India (Issue and Listing of Municipal Debt Securities) Regulations, 2015",https://www.sebi.gov.in/legal/circulars/nov-2022/issue-of-green-debt-securities-by-an-issuer-under-securities-and-exchange-board-of-india-issue-and-listing-of-municipal-debt-securities-regulations-2015_65404.html,https://www.sebi.gov.in/sebi_data/attachdocs/nov-2022/1669273537000.pdf,data\full_dataset\sebi\circulars\pdf\Issue_of_Green_Debt_Securities_by_an_issuer_under_Securities_and_Exchange_Board_of_India__Issue_and_Listing_of_Municipal_Debt_Securities__Regulations___6342520f.pdf
"Nov 23, 2022",Circular - Schemes of AIFs which have adopted priority in distribution among investors,https://www.sebi.gov.in/legal/circulars/nov-2022/circular-schemes-of-aifs-which-have-adopted-priority-in-distribution-among-investors_65393.html,https://www.sebi.gov.in/sebi_data/attachdocs/nov-2022/1669206214186.pdf,data\full_dataset\sebi\circulars\pdf\Circular_-_Schemes_of_AIFs_which_have_adopted_priority_in_distribution_among_investors__accf5c9e.pdf
"Nov 17, 2022",Scheme(s) of Arrangement by entities who have listed their Non-convertible Debt securities (NCDs)/ Non-convertible Redeemable Preference shares (NCRPS),https://www.sebi.gov.in/legal/circulars/nov-2022/scheme-s-of-arrangement-by-entities-who-have-listed-their-non-convertible-debt-securities-ncds-non-convertible-redeemable-preference-shares-ncrps-_65220.html,https://www.sebi.gov.in/sebi_data/attachdocs/dec-2022/1672049061802.pdf,data\full_dataset\sebi\circulars\pdf\Scheme_s__of_Arrangement_by_entities_who_have_listed_their_Non-convertible_Debt_securities__NCDs__Non-convertible_Redeemable_Preference_shares__NCRPS___1d88a750.pdf
"Nov 17, 2022","Guidelines for AIFs for declaration of first close, calculation of tenure and change of sponsor/manager or change in control of sponsor/manager",https://www.sebi.gov.in/legal/circulars/nov-2022/guidelines-for-aifs-for-declaration-of-first-close-calculation-of-tenure-and-change-of-sponsor-manager-or-change-in-control-of-sponsor-manager_65216.html,https://www.sebi.gov.in/sebi_data/attachdocs/nov-2022/1668689142346.pdf,data\full_dataset\sebi\circulars\pdf\Guidelines_for_AIFs_for_declaration_of_first_close__calculation_of_tenure_and_change_of_sponsor_manager_or_change_in_control_of_sponsor_manager__31f32601.pdf
"Nov 14, 2022",Registration and regulatory framework for Online Bond Platform Providers,https://www.sebi.gov.in/legal/circulars/nov-2022/registration-and-regulatory-framework-for-online-bond-platform-providers_65014.html,https://www.sebi.gov.in/sebi_data/attachdocs/nov-2022/1668419557536.pdf,data\full_dataset\sebi\circulars\pdf\Registration_and_regulatory_framework_for_Online_Bond_Platform_Providers__0986a282.pdf
"Nov 11, 2022",Handling of Clients’ Securities by Trading Members(TM) / Clearing Members (CM),https://www.sebi.gov.in/legal/circulars/nov-2022/handling-of-clients-securities-by-trading-members-tm-clearing-members-cm-_64900.html,https://www.sebi.gov.in/sebi_data/attachdocs/nov-2022/1668141802411.pdf,data\full_dataset\sebi\circulars\pdf\Handling_of_Clients__Securities_by_Trading_Members_TM____Clearing_Members__CM___f473f62d.pdf
"Nov 10, 2022","Applicability of GST on fees remitted to SEBI - Revision in Chapter - XX of Operational Circular dated August 10, 2021",https://www.sebi.gov.in/legal/circulars/nov-2022/applicability-of-gst-on-fees-remitted-to-sebi-revision-in-chapter-xx-of-operational-circular-dated-august-10-2021_64852.html,https://www.sebi.gov.in/sebi_data/attachdocs/nov-2022/1668078943949.pdf,data\full_dataset\sebi\circulars\pdf\Applicability_of_GST_on_fees_remitted_to_SEBI_-_Revision_in_Chapter_-_XX_of_Operational_Circular_dated_August_10__2021__7367dcaa.pdf
"Oct 31, 2022","Review of provisions pertaining to specifications related to International  Securities Identification Number (ISIN) for debt securities issued on private placement basis – Modification to Chapter VIII of Operational Circular dated August 10, 2021",https://www.sebi.gov.in/legal/circulars/oct-2022/review-of-provisions-pertaining-to-specifications-related-to-international-securities-identification-number-isin-for-debt-securities-issued-on-private-placement-basis-modification-to-chapter-viii-_64522.html,https://www.sebi.gov.in/sebi_data/attachdocs/oct-2022/1667217368422.pdf,data\full_dataset\sebi\circulars\pdf\Review_of_provisions_pertaining_to_specifications_related_to_International_Securities_Identification_Number__ISIN__for_debt_securities_issued_on_priva__e12a2933.pdf
"Oct 28, 2022",Addendum to SEBI Circular on Development of Passive Funds,https://www.sebi.gov.in/legal/circulars/oct-2022/addendum-to-sebi-circular-on-development-of-passive-funds_64432.html,https://www.sebi.gov.in/sebi_data/attachdocs/oct-2022/1666953639890.pdf,data\full_dataset\sebi\circulars\pdf\Addendum_to_SEBI_Circular_on_Development_of_Passive_Funds__294fc1ba.pdf
"Oct 28, 2022",Reduction in denomination for debt securities and non-convertible redeemable preference shares,https://www.sebi.gov.in/legal/circulars/oct-2022/reduction-in-denomination-for-debt-securities-and-non-convertible-redeemable-preference-shares_64429.html,https://www.sebi.gov.in/sebi_data/attachdocs/oct-2022/1666950500772.pdf,data\full_dataset\sebi\circulars\pdf\Reduction_in_denomination_for_debt_securities_and_non-convertible_redeemable_preference_shares__3fb97622.pdf
"Oct 27, 2022",Block Mechanism in demat account of clients undertaking sale transactions - Clarification,https://www.sebi.gov.in/legal/circulars/oct-2022/block-mechanism-in-demat-account-of-clients-undertaking-sale-transactions-clarification_64384.html,https://www.sebi.gov.in/sebi_data/attachdocs/oct-2022/1666865274914.pdf,data\full_dataset\sebi\circulars\pdf\Block_Mechanism_in_demat_account_of_clients_undertaking_sale_transactions_-_Clarification__1703b1f0.pdf
"Oct 19, 2022","Request for Quote (RFQ) platform for trade execution and settlement of trades in listed Non-convertible Securities, Securitised Debt Instruments, Municipal Debt Securities and Commercial Paper",https://www.sebi.gov.in/legal/circulars/oct-2022/request-for-quote-rfq-platform-for-trade-execution-and-settlement-of-trades-in-listed-non-convertible-securities-securitised-debt-instruments-municipal-debt-securities-and-commercial-paper_64215.html,https://www.sebi.gov.in/sebi_data/attachdocs/oct-2022/1666184186225.pdf,data\full_dataset\sebi\circulars\pdf\Request_for_Quote__RFQ__platform_for_trade_execution_and_settlement_of_trades_in_listed_Non-convertible_Securities__Securitised_Debt_Instruments__Muni__2567b71b.pdf
"Oct 13, 2022",Governing Council for Social Stock Exchange (“SSE”),https://www.sebi.gov.in/legal/circulars/oct-2022/governing-council-for-social-stock-exchange-sse-_64000.html,https://www.sebi.gov.in/sebi_data/attachdocs/oct-2022/1665659513115.pdf,data\full_dataset\sebi\circulars\pdf\Governing_Council_for_Social_Stock_Exchange__SSE___b96d979c.pdf
"Oct 10, 2022","Review of provisions pertaining to Electronic Book Provider platform – Replacement of Chapter VI to Operational Circular dated August 10, 2021",https://www.sebi.gov.in/legal/circulars/oct-2022/review-of-provisions-pertaining-to-electronic-book-provider-platform-replacement-of-chapter-vi-to-operational-circular-dated-august-10-2021_63807.html,https://www.sebi.gov.in/sebi_data/attachdocs/oct-2022/1665399379134.pdf,data\full_dataset\sebi\circulars\pdf\Review_of_provisions_pertaining_to_Electronic_Book_Provider_platform___Replacement_of_Chapter_VI_to_Operational_Circular_dated_August_10__2021__e1655b14.pdf
"Oct 06, 2022",Execution of ‘Demat Debit and Pledge Instruction’ (DDPI) for transfer of securities towards deliveries / settlement obligations and pledging / re-pledging of securities - Clarification,https://www.sebi.gov.in/legal/circulars/oct-2022/execution-of-demat-debit-and-pledge-instruction-ddpi-for-transfer-of-securities-towards-deliveries-settlement-obligations-and-pledging-re-pledging-of-securities-clarification_63724.html,https://www.sebi.gov.in/sebi_data/attachdocs/oct-2022/1665040457517.pdf,data\full_dataset\sebi\circulars\pdf\Execution_of__Demat_Debit_and_Pledge_Instruction___DDPI__for_transfer_of_securities_towards_deliveries___settlement_obligations_and_pledging___re-pled__1cbb14d2.pdf
"Oct 03, 2022",Extension of timeline for entering the details of the existing outstanding non-convertible securities in the ‘Security and Covenant Monitoring’ system hosted by Depositories,https://www.sebi.gov.in/legal/circulars/oct-2022/extension-of-timeline-for-entering-the-details-of-the-existing-outstanding-non-convertible-securities-in-the-security-and-covenant-monitoring-system-hosted-by-depositories_63648.html,https://www.sebi.gov.in/sebi_data/attachdocs/oct-2022/1664811173990.pdf,data\full_dataset\sebi\circulars\pdf\Extension_of_timeline_for_entering_the_details_of_the_existing_outstanding_non-convertible_securities_in_the__Security_and_Covenant_Monitoring__system__cbf3a1d2.pdf
"Sep 30, 2022",Circular for Portfolio Managers,https://www.sebi.gov.in/legal/circulars/sep-2022/circular-for-portfolio-managers_63561.html,https://www.sebi.gov.in/sebi_data/attachdocs/sep-2022/1664540132422.pdf,data\full_dataset\sebi\circulars\pdf\Circular_for_Portfolio_Managers__29776cad.pdf
"Sep 30, 2022",Two-Factor Authentication for transactions in units of Mutual Funds,https://www.sebi.gov.in/legal/circulars/sep-2022/two-factor-authentication-for-transactions-in-units-of-mutual-funds_63557.html,https://www.sebi.gov.in/sebi_data/attachdocs/sep-2022/1664539414581.pdf,data\full_dataset\sebi\circulars\pdf\Two-Factor_Authentication_for_transactions_in_units_of_Mutual_Funds__361b0845.pdf
"Sep 29, 2022",Participation of SEBI registered Foreign Portfolio Investors (FPIs) in Exchange Traded Commodity Derivatives in India,https://www.sebi.gov.in/legal/circulars/sep-2022/participation-of-sebi-registered-foreign-portfolio-investors-fpis-in-exchange-traded-commodity-derivatives-in-india_63474.html,https://www.sebi.gov.in/sebi_data/attachdocs/sep-2022/1664451267335.pdf,data\full_dataset\sebi\circulars\pdf\Participation_of_SEBI_registered_Foreign_Portfolio_Investors__FPIs__in_Exchange_Traded_Commodity_Derivatives_in_India__e82a92dd.pdf
"Sep 27, 2022",Circular on Modification in Daily Price Limits (DPL) for Commodity Futures Contracts,https://www.sebi.gov.in/legal/circulars/sep-2022/circular-on-modification-in-daily-price-limits-dpl-for-commodity-futures-contracts_63404.html,https://www.sebi.gov.in/sebi_data/attachdocs/sep-2022/1664278058740.pdf,data\full_dataset\sebi\circulars\pdf\Circular_on_Modification_in_Daily_Price_Limits__DPL__for_Commodity_Futures_Contracts__cf04e683.pdf
"Sep 26, 2022","Modification in the Operational Guidelines for FPIs, DDPs and EFIs pertaining to FPIs registered under Multiple Investment Managers (MIM) structure",https://www.sebi.gov.in/legal/circulars/sep-2022/modification-in-the-operational-guidelines-for-fpis-ddps-and-efis-pertaining-to-fpis-registered-under-multiple-investment-managers-mim-structure_63378.html,https://www.sebi.gov.in/sebi_data/attachdocs/sep-2022/1664193900153.pdf,data\full_dataset\sebi\circulars\pdf\Modification_in_the_Operational_Guidelines_for_FPIs__DDPs_and_EFIs_pertaining_to_FPIs_registered_under_Multiple_Investment_Managers__MIM__structure__dddef92f.pdf
"Sep 19, 2022",Framework on Social Stock Exchange,https://www.sebi.gov.in/legal/circulars/sep-2022/framework-on-social-stock-exchange_63053.html,https://www.sebi.gov.in/sebi_data/attachdocs/sep-2022/1663587424298.pdf,data\full_dataset\sebi\circulars\pdf\Framework_on_Social_Stock_Exchange__3453a6c9.pdf
"Sep 19, 2022",Validation of Instructions for Pay-In of Securities from Client demat account to Trading Member (TM) Pool Account against obligations received from the Clearing Corporations,https://www.sebi.gov.in/legal/circulars/sep-2022/validation-of-instructions-for-pay-in-of-securities-from-client-demat-account-to-trading-member-tm-pool-account-against-obligations-received-from-the-clearing-corporations_63032.html,https://www.sebi.gov.in/sebi_data/attachdocs/sep-2022/1663582106179.pdf,data\full_dataset\sebi\circulars\pdf\Validation_of_Instructions_for_Pay-In_of_Securities_from_Client_demat_account_to_Trading_Member__TM__Pool_Account_against_obligations_received_from_th__2730b5c7.pdf
"Sep 02, 2022",Performance/return claimed by unregulated platforms offering algorithmic strategies for trading,https://www.sebi.gov.in/legal/circulars/sep-2022/performance-return-claimed-by-unregulated-platforms-offering-algorithmic-strategies-for-trading_62628.html,https://www.sebi.gov.in/sebi_data/attachdocs/sep-2022/1662126014448.pdf,data\full_dataset\sebi\circulars\pdf\Performance_return_claimed_by_unregulated_platforms_offering_algorithmic_strategies_for_trading__c702fb41.pdf
"Aug 26, 2022","Corrigendum to Master Circular for Depositories dated February 05, 2021 on Opening of demat account in case of HUF",https://www.sebi.gov.in/legal/circulars/aug-2022/corrigendum-to-master-circular-for-depositories-dated-february-05-2021-on-opening-of-demat-account-in-case-of-huf_62387.html,https://www.sebi.gov.in/sebi_data/attachdocs/aug-2022/1661514054513.pdf,data\full_dataset\sebi\circulars\pdf\Corrigendum_to_Master_Circular_for_Depositories_dated_February_05__2021_on_Opening_of_demat_account_in_case_of_HUF__4683f844.pdf
"Aug 26, 2022",Circular for Portfolio Managers,https://www.sebi.gov.in/legal/circulars/aug-2022/circular-for-portfolio-managers_62374.html,https://www.sebi.gov.in/sebi_data/attachdocs/aug-2022/1661505862189.pdf,data\full_dataset\sebi\circulars\pdf\Circular_for_Portfolio_Managers__e62a14d4.pdf
"Aug 25, 2022",Disclosure requirement for Asset Management Companies (AMCs),https://www.sebi.gov.in/legal/circulars/aug-2022/disclosure-requirement-for-asset-management-companies-amcs-_62345.html,https://www.sebi.gov.in/sebi_data/attachdocs/aug-2022/1661422714911.pdf,data\full_dataset\sebi\circulars\pdf\Disclosure_requirement_for_Asset_Management_Companies__AMCs___6ff9207d.pdf
"Aug 19, 2022",Participation as Financial Information Providers in Account Aggregator framework,https://www.sebi.gov.in/legal/circulars/aug-2022/participation-as-financial-information-providers-in-account-aggregator-framework_62157.html,https://www.sebi.gov.in/sebi_data/attachdocs/aug-2022/1660903730302.pdf,data\full_dataset\sebi\circulars\pdf\Participation_as_Financial_Information_Providers_in_Account_Aggregator_framework__011382e8.pdf
"Aug 18, 2022",Block Mechanism in demat account of clients undertaking sale transactions,https://www.sebi.gov.in/legal/circulars/aug-2022/block-mechanism-in-demat-account-of-clients-undertaking-sale-transactions_62131.html,https://www.sebi.gov.in/sebi_data/attachdocs/aug-2022/1660879904338.pdf,data\full_dataset\sebi\circulars\pdf\Block_Mechanism_in_demat_account_of_clients_undertaking_sale_transactions__6aeaf488.pdf
"Aug 17, 2022",Guidelines for overseas investment by Alternative Investment Funds (AIFs) / Venture Capital Funds (VCFs),https://www.sebi.gov.in/legal/circulars/aug-2022/guidelines-for-overseas-investment-by-alternative-investment-funds-aifs-venture-capital-funds-vcfs-_62020.html,https://www.sebi.gov.in/sebi_data/attachdocs/aug-2022/1660755096256.pdf,data\full_dataset\sebi\circulars\pdf\Guidelines_for_overseas_investment_by_Alternative_Investment_Funds__AIFs____Venture_Capital_Funds__VCFs___1a25ce1b.pdf
"Aug 04, 2022",Enhanced guidelines for debenture trustees and listed issuer companies on security creation and initial due diligence,https://www.sebi.gov.in/legal/circulars/aug-2022/enhanced-guidelines-for-debenture-trustees-and-listed-issuer-companies-on-security-creation-and-initial-due-diligence_61629.html,https://www.sebi.gov.in/sebi_data/attachdocs/aug-2022/1659671009740.pdf,data\full_dataset\sebi\circulars\pdf\Enhanced_guidelines_for_debenture_trustees_and_listed_issuer_companies_on_security_creation_and_initial_due_diligence__af7872b6.pdf
"Jul 29, 2022",Framework for automated deactivation of trading and demat accounts in cases of inadequate KYCs,https://www.sebi.gov.in/legal/circulars/jul-2022/framework-for-automated-deactivation-of-trading-and-demat-accounts-in-cases-of-inadequate-kycs_61407.html,https://www.sebi.gov.in/sebi_data/attachdocs/jul-2022/1659107126340.pdf,data\full_dataset\sebi\circulars\pdf\Framework_for_automated_deactivation_of_trading_and_demat_accounts_in_cases_of_inadequate_KYCs__dd48fb61.pdf
"Jul 29, 2022",Nomination for Mutual Fund Unit Holders – Extension of timelines,https://www.sebi.gov.in/legal/circulars/jul-2022/nomination-for-mutual-fund-unit-holders-extension-of-timelines_61395.html,https://www.sebi.gov.in/sebi_data/attachdocs/jul-2022/1659094793301.pdf,data\full_dataset\sebi\circulars\pdf\Nomination_for_Mutual_Fund_Unit_Holders___Extension_of_timelines__6f70d36f.pdf
"Jul 29, 2022","LODR - Single Operational Circular for listing obligations and disclosure requirements for Non-convertible Securities, Securitized Debt Instruments and/ or Commercial Paper",https://www.sebi.gov.in/legal/circulars/jul-2022/lodr-single-operational-circular-for-listing-obligations-and-disclosure-requirements-for-non-convertible-securities-securitized-debt-instruments-and-or-commercial-paper_61345.html,https://www.sebi.gov.in/sebi_data/attachdocs/aug-2022/1659439739332.pdf,data\full_dataset\sebi\circulars\pdf\LODR_-_Single_Operational_Circular_for_listing_obligations_and_disclosure_requirements_for_Non-convertible_Securities__Securitized_Debt_Instruments_an__0bfb92f7.pdf
"Jul 28, 2022",Addendum to SEBI Circular on Development of Passive Funds,https://www.sebi.gov.in/legal/circulars/jul-2022/addendum-to-sebi-circular-on-development-of-passive-funds_61320.html,https://www.sebi.gov.in/sebi_data/attachdocs/jul-2022/1659010357223.pdf,data\full_dataset\sebi\circulars\pdf\Addendum_to_SEBI_Circular_on_Development_of_Passive_Funds__ec8687f4.pdf
"Jul 27, 2022",Settlement of Running Account of Client’s Funds lying with Trading Member (TM),https://www.sebi.gov.in/legal/circulars/jul-2022/settlement-of-running-account-of-client-s-funds-lying-with-trading-member-tm-_61222.html,https://www.sebi.gov.in/sebi_data/attachdocs/jul-2022/1658918676724.PDF,data\full_dataset\sebi\circulars\pdf\Settlement_of_Running_Account_of_Client_s_Funds_lying_with_Trading_Member__TM___cd9b0f5d.pdf
"Jul 27, 2022","Implementation of Circular on ‘Guidelines in pursuance of amendment to SEBI KYC (Know Your client) Registration Agency (KRA) Regulations, 2011’",https://www.sebi.gov.in/legal/circulars/jul-2022/implementation-of-circular-on-guidelines-in-pursuance-of-amendment-to-sebi-kyc-know-your-client-registration-agency-kra-regulations-2011-_61220.html,https://www.sebi.gov.in/sebi_data/attachdocs/jul-2022/1658916226686.pdf,data\full_dataset\sebi\circulars\pdf\Implementation_of_Circular_on__Guidelines_in_pursuance_of_amendment_to_SEBI_KYC__Know_Your_client__Registration_Agency__KRA__Regulations__2011___d72b8031.pdf
"Jul 20, 2022",Entities allowed to use e-KYC Aadhaar Authentication services of UIDAI in Securities Market as sub-KUA,https://www.sebi.gov.in/legal/circulars/jul-2022/entities-allowed-to-use-e-kyc-aadhaar-authentication-services-of-uidai-in-securities-market-as-sub-kua_61047.html,https://www.sebi.gov.in/sebi_data/commondocs/jul-2022/e-KYC_Aadhaar_annex_A_p.PDF,data\full_dataset\sebi\circulars\pdf\Entities_allowed_to_use_e-KYC_Aadhaar_Authentication_services_of_UIDAI_in_Securities_Market_as_sub-KUA__87eed7ee.pdf
"Jul 18, 2022",Levy of Goods & Services Tax (GST) on the fees payable to SEBI,https://www.sebi.gov.in/legal/circulars/jul-2022/levy-of-goods-and-services-tax-gst-on-the-fees-payable-to-sebi_60880.html,https://www.sebi.gov.in/sebi_data/attachdocs/jul-2022/1658208863370.pdf,data\full_dataset\sebi\circulars\pdf\Levy_of_Goods___Services_Tax__GST__on_the_fees_payable_to_SEBI__26a0d824.pdf
"Jul 06, 2022",Modification in Cyber Security and Cyber resilience framework of Qualified Registrars to an Issue and Share Transfer Agents (QRTAs),https://www.sebi.gov.in/legal/circulars/jul-2022/modification-in-cyber-security-and-cyber-resilience-framework-of-qualified-registrars-to-an-issue-and-share-transfer-agents-qrtas-_60605.html,https://www.sebi.gov.in/sebi_data/attachdocs/jul-2022/1657109287100.pdf,data\full_dataset\sebi\circulars\pdf\Modification_in_Cyber_Security_and_Cyber_resilience_framework_of_Qualified_Registrars_to_an_Issue_and_Share_Transfer_Agents__QRTAs___e620304d.pdf
"Jul 05, 2022",Modification in Cyber Security and Cyber resilience framework of KYC Registration Agencies (KRAs),https://www.sebi.gov.in/legal/circulars/jul-2022/modification-in-cyber-security-and-cyber-resilience-framework-of-kyc-registration-agencies-kras-_60562.html,https://www.sebi.gov.in/sebi_data/attachdocs/jul-2022/1657080161417.pdf,data\full_dataset\sebi\circulars\pdf\Modification_in_Cyber_Security_and_Cyber_resilience_framework_of_KYC_Registration_Agencies__KRAs___5c5cc777.pdf
"Jul 04, 2022","Investor Grievance Redressal Mechanism and Amendment to SEBI Circular no. SEBI/HO/DMS/CIR/P/2017/15 dated February 23, 2017",https://www.sebi.gov.in/legal/circulars/jul-2022/investor-grievance-redressal-mechanism-and-amendment-to-sebi-circular-no-sebi-ho-dms-cir-p-2017-15-dated-february-23-2017_60535.html,https://www.sebi.gov.in/sebi_data/attachdocs/jul-2022/1656933940764.pdf,data\full_dataset\sebi\circulars\pdf\Investor_Grievance_Redressal_Mechanism_and_Amendment_to_SEBI_Circular_no._SEBI_HO_DMS_CIR_P_2017_15_dated_February_23__2017__b2c00857.pdf
"Jun 30, 2022",Modification in Cyber Security and Cyber resilience framework for Stock Brokers / Depository Participants,https://www.sebi.gov.in/legal/circulars/jun-2022/modification-in-cyber-security-and-cyber-resilience-framework-for-stock-brokers-depository-participants_60453.html,https://www.sebi.gov.in/sebi_data/attachdocs/jul-2022/1656669843128.pdf,data\full_dataset\sebi\circulars\pdf\Modification_in_Cyber_Security_and_Cyber_resilience_framework_for_Stock_Brokers___Depository_Participants__1f3ab503.pdf
"Jun 30, 2022",Implementation of Circular on ‘Execution of ‘Demat Debit and Pledge Instruction’ (DDPI) for transfer of securities towards deliveries / settlement obligations and pledging / re-pledging of securities’ - Extension,https://www.sebi.gov.in/legal/circulars/jun-2022/implementation-of-circular-on-execution-of-demat-debit-and-pledge-instruction-ddpi-for-transfer-of-securities-towards-deliveries-settlement-obligations-and-pledging-re-pledging-of-securities-_60403.html,https://www.sebi.gov.in/sebi_data/attachdocs/jun-2022/1656569275163.PDF,data\full_dataset\sebi\circulars\pdf\Implementation_of_Circular_on__Execution_of__Demat_Debit_and_Pledge_Instruction___DDPI__for_transfer_of_securities_towards_deliveries___settlement_obl__4d999668.pdf
"Jun 28, 2022",Adjustment in derivative contracts for dividend announcements,https://www.sebi.gov.in/legal/circulars/jun-2022/adjustment-in-derivative-contracts-for-dividend-announcements_60306.html,https://www.sebi.gov.in/sebi_data/attachdocs/jun-2022/1656413308311.pdf,data\full_dataset\sebi\circulars\pdf\Adjustment_in_derivative_contracts_for_dividend_announcements__5dc1a0de.pdf
"Jun 24, 2022","Guidelines for Large Value Fund for Accredited Investors under SEBI (Alternative Investment Funds) Regulations, 2012 and Requirement of Compliance Officer for Managers of all AIFs",https://www.sebi.gov.in/legal/circulars/jun-2022/guidelines-for-large-value-fund-for-accredited-investors-under-sebi-alternative-investment-funds-regulations-2012-and-requirement-of-compliance-officer-for-managers-of-all-aifs_60104.html,https://www.sebi.gov.in/sebi_data/attachdocs/jun-2022/1656070974461.pdf,data\full_dataset\sebi\circulars\pdf\Guidelines_for_Large_Value_Fund_for_Accredited_Investors_under_SEBI__Alternative_Investment_Funds__Regulations__2012_and_Requirement_of_Compliance_Off__b511055f.pdf
"Jun 24, 2022","Implementation of Circular on ‘Guidelines in pursuance of amendment to SEBI KYC (Know Your client) Registration Agency (KRA) Regulations, 2011’",https://www.sebi.gov.in/legal/circulars/jun-2022/implementation-of-circular-on-guidelines-in-pursuance-of-amendment-to-sebi-kyc-know-your-client-registration-agency-kra-regulations-2011-_60099.html,https://www.sebi.gov.in/sebi_data/attachdocs/jun-2022/1656070287914.pdf,data\full_dataset\sebi\circulars\pdf\Implementation_of_Circular_on__Guidelines_in_pursuance_of_amendment_to_SEBI_KYC__Know_Your_client__Registration_Agency__KRA__Regulations__2011___ef9e2a68.pdf
"Jun 21, 2022","Modification in the Operational Guidelines for Foreign Portfolio Investors, Designated Depository Participants and Eligible Foreign Investors - Bank account details to which the payment is to be done electronically",https://www.sebi.gov.in/legal/circulars/jun-2022/modification-in-the-operational-guidelines-for-foreign-portfolio-investors-designated-depository-participants-and-eligible-foreign-investors-bank-account-details-to-which-the-payment-is-to-be-done-_59884.html,https://www.sebi.gov.in/sebi_data/attachdocs/jun-2022/1655812156678.pdf,data\full_dataset\sebi\circulars\pdf\Modification_in_the_Operational_Guidelines_for_Foreign_Portfolio_Investors__Designated_Depository_Participants_and_Eligible_Foreign_Investors_-_Bank_a__44b47aa0.pdf
"Jun 20, 2022",Naming / Tagging of demat accounts maintained by Stock Brokers,https://www.sebi.gov.in/legal/circulars/jun-2022/naming-tagging-of-demat-accounts-maintained-by-stock-brokers_59830.html,https://www.sebi.gov.in/sebi_data/attachdocs/jun-2022/1655725317496.pdf,data\full_dataset\sebi\circulars\pdf\Naming___Tagging_of_demat_accounts_maintained_by_Stock_Brokers__fea90201.pdf
"Jun 15, 2022",Nomination for Mutual Fund Unit Holders,https://www.sebi.gov.in/legal/circulars/jun-2022/nomination-for-mutual-fund-unit-holders_59743.html,https://www.sebi.gov.in/sebi_data/attachdocs/jun-2022/1655291815532.pdf,data\full_dataset\sebi\circulars\pdf\Nomination_for_Mutual_Fund_Unit_Holders__e1d8a79b.pdf
"Jun 09, 2022",Circular on Modification in Cyber Security and Cyber Resilience Framework of Mutual Funds/ Asset Management Companies (AMCs),https://www.sebi.gov.in/legal/circulars/jun-2022/circular-on-modification-in-cyber-security-and-cyber-resilience-framework-of-mutual-funds-asset-management-companies-amcs-_59611.html,https://www.sebi.gov.in/sebi_data/attachdocs/jun-2022/1654773684482.pdf,data\full_dataset\sebi\circulars\pdf\Circular_on_Modification_in_Cyber_Security_and_Cyber_Resilience_Framework_of_Mutual_Funds__Asset_Management_Companies__AMCs___8cba3768.pdf
"Jun 07, 2022",Modification in Cyber Security and Cyber resilience framework for Stock Brokers / Depository Participants,https://www.sebi.gov.in/legal/circulars/jun-2022/modification-in-cyber-security-and-cyber-resilience-framework-for-stock-brokers-depository-participants_59581.html,https://www.sebi.gov.in/sebi_data/attachdocs/jun-2022/1654606353820.pdf,data\full_dataset\sebi\circulars\pdf\Modification_in_Cyber_Security_and_Cyber_resilience_framework_for_Stock_Brokers___Depository_Participants__bcfcbbf8.pdf
"Jun 03, 2022",Investor Redressal Grievance Mechanism,https://www.sebi.gov.in/legal/circulars/jun-2022/investor-redressal-grievance-mechanism_59521.html,https://www.sebi.gov.in/sebi_data/attachdocs/jun-2022/1654243592249.pdf,data\full_dataset\sebi\circulars\pdf\Investor_Redressal_Grievance_Mechanism__eee5f94c.pdf
"Jun 02, 2022",Procedure for seeking prior approval for change in control of Portfolio Managers,https://www.sebi.gov.in/legal/circulars/jun-2022/procedure-for-seeking-prior-approval-for-change-in-control-of-portfolio-managers_59504.html,https://www.sebi.gov.in/sebi_data/attachdocs/jun-2022/1654169200330.pdf,data\full_dataset\sebi\circulars\pdf\Procedure_for_seeking_prior_approval_for_change_in_control_of_Portfolio_Managers__9af5e9b9.pdf
"May 30, 2022",Standard Operating Procedures (SOP) for dispute resolution under the Stock Exchange arbitration mechanism for disputes between a Listed Company and/or Registrars to an Issue and Share Transfer Agents (RTAs) and its Shareholder(s)/Investor(s),https://www.sebi.gov.in/legal/circulars/may-2022/standard-operating-procedures-sop-for-dispute-resolution-under-the-stock-exchange-arbitration-mechanism-for-disputes-between-a-listed-company-and-or-registrars-to-an-issue-and-share-transfer-agents-_59345.html,https://www.sebi.gov.in/sebi_data/attachdocs/may-2022/1653967927450.pdf,data\full_dataset\sebi\circulars\pdf\Standard_Operating_Procedures__SOP__for_dispute_resolution_under_the_Stock_Exchange_arbitration_mechanism_for_disputes_between_a_Listed_Company_and_or__a1bef510.pdf
"May 30, 2022",Processing of ASBA applications in Public Issue of Equity Shares and Convertibles,https://www.sebi.gov.in/legal/circulars/may-2022/processing-of-asba-applications-in-public-issue-of-equity-shares-and-convertibles_59338.html,https://www.sebi.gov.in/sebi_data/attachdocs/may-2022/1653912394386.pdf,data\full_dataset\sebi\circulars\pdf\Processing_of_ASBA_applications_in_Public_Issue_of_Equity_Shares_and_Convertibles__d084fc56.pdf
"May 30, 2022",Modification in Cyber Security and Cyber resilience framework of KYC Registration Agencies (KRAs),https://www.sebi.gov.in/legal/circulars/may-2022/modification-in-cyber-security-and-cyber-resilience-framework-of-kyc-registration-agencies-kras-_59318.html,https://www.sebi.gov.in/sebi_data/attachdocs/may-2022/1653903994425.pdf,data\full_dataset\sebi\circulars\pdf\Modification_in_Cyber_Security_and_Cyber_resilience_framework_of_KYC_Registration_Agencies__KRAs___9ba3716e.pdf
"May 27, 2022",Modification in Cyber Security and Cyber resilience framework of Qualified Registrars to an Issue and Share Transfer Agents (“QRTAs”),https://www.sebi.gov.in/legal/circulars/may-2022/modification-in-cyber-security-and-cyber-resilience-framework-of-qualified-registrars-to-an-issue-and-share-transfer-agents-qrtas-_59283.html,https://www.sebi.gov.in/sebi_data/attachdocs/may-2022/1653652013316.pdf,data\full_dataset\sebi\circulars\pdf\Modification_in_Cyber_Security_and_Cyber_resilience_framework_of_Qualified_Registrars_to_an_Issue_and_Share_Transfer_Agents__QRTAs___0aa73112.pdf
"May 27, 2022",Modification to Standard Operating Procedure in the cases of Trading Member / Clearing Member leading to default,https://www.sebi.gov.in/legal/circulars/may-2022/modification-to-standard-operating-procedure-in-the-cases-of-trading-member-clearing-member-leading-to-default_59257.html,https://www.sebi.gov.in/sebi_data/attachdocs/may-2022/1653648085022.pdf,data\full_dataset\sebi\circulars\pdf\Modification_to_Standard_Operating_Procedure_in_the_cases_of_Trading_Member___Clearing_Member_leading_to_default__2e2f4051.pdf
"May 25, 2022",Simplification of procedure and standardization of formats of documents for issuance of duplicate securities certificates,https://www.sebi.gov.in/legal/circulars/may-2022/simplification-of-procedure-and-standardization-of-formats-of-documents-for-issuance-of-duplicate-securities-certificates_59173.html,https://www.sebi.gov.in/sebi_data/attachdocs/may-2022/1653976199426.pdf,data\full_dataset\sebi\circulars\pdf\Simplification_of_procedure_and_standardization_of_formats_of_documents_for_issuance_of_duplicate_securities_certificates__0ea007db.pdf
"May 23, 2022",Circular on Development of Passive Funds,https://www.sebi.gov.in/legal/circulars/may-2022/circular-on-development-of-passive-funds_59098.html,https://www.sebi.gov.in/sebi_data/attachdocs/may-2022/1653307308174.pdf,data\full_dataset\sebi\circulars\pdf\Circular_on_Development_of_Passive_Funds__d9d49acd.pdf
"May 20, 2022","Modification in Cyber Security and Cyber Resilience framework of Stock Exchanges, Clearing Corporations and Depositories",https://www.sebi.gov.in/legal/circulars/may-2022/modification-in-cyber-security-and-cyber-resilience-framework-of-stock-exchanges-clearing-corporations-and-depositories_59085.html,https://www.sebi.gov.in/sebi_data/attachdocs/may-2022/1653043887521.pdf,data\full_dataset\sebi\circulars\pdf\Modification_in_Cyber_Security_and_Cyber_Resilience_framework_of_Stock_Exchanges__Clearing_Corporations_and_Depositories__405b529c.pdf
"May 19, 2022","Revised format of security cover certificate, monitoring and revision in timelines",https://www.sebi.gov.in/legal/circulars/may-2022/revised-format-of-security-cover-certificate-monitoring-and-revision-in-timelines_59051.html,https://www.sebi.gov.in/sebi_data/attachdocs/may-2022/1652973744610.pdf,data\full_dataset\sebi\circulars\pdf\Revised_format_of_security_cover_certificate__monitoring_and_revision_in_timelines__11ab062e.pdf
"May 19, 2022",Streamlining the Process of Rights Issue,https://www.sebi.gov.in/legal/circulars/may-2022/streamlining-the-process-of-rights-issue_59023.html,https://www.sebi.gov.in/sebi_data/attachdocs/may-2022/1652947821149.pdf,(skipped)
"May 18, 2022","Simplification of procedure and standardization of formats of documents for transmission of securities pursuant to amendments to the Securities and Exchange Board of India (Listing Obligations and Disclosure Requirements) Regulations, 2015",https://www.sebi.gov.in/legal/circulars/may-2022/simplification-of-procedure-and-standardization-of-formats-of-documents-for-transmission-of-securities-pursuant-to-amendments-to-the-securities-and-exchange-board-of-india-listing-obligations-and-dis-_59123.html,https://www.sebi.gov.in/sebi_data/attachdocs/may-2022/1653388458477.pdf,data\full_dataset\sebi\circulars\pdf\Simplification_of_procedure_and_standardization_of_formats_of_documents_for_transmission_of_securities_pursuant_to_amendments_to_the_Securities_and_Ex__912fa131.pdf
"May 13, 2022","Relaxation from compliance with certain provisions of the SEBI (Listing Obligations and Disclosure Requirements) Regulations, 2015 – for entities with listed non-convertible securities",https://www.sebi.gov.in/legal/circulars/may-2022/relaxation-from-compliance-with-certain-provisions-of-the-sebi-listing-obligations-and-disclosure-requirements-regulations-2015-for-entities-with-listed-non-convertible-securities_58924.html,https://www.sebi.gov.in/sebi_data/attachdocs/may-2022/1653979012822.pdf,data\full_dataset\sebi\circulars\pdf\Relaxation_from_compliance_with_certain_provisions_of_the_SEBI__Listing_Obligations_and_Disclosure_Requirements__Regulations__2015___for_entities_with__3a5033aa.pdf
"May 13, 2022","Guidelines for seeking NOC by Stock Brokers / Clearing Members for setting up Wholly Owned Subsidiaries, Step Down Subsidiaries, Joint Ventures in GIFT IFSC",https://www.sebi.gov.in/legal/circulars/may-2022/guidelines-for-seeking-noc-by-stock-brokers-clearing-members-for-setting-up-wholly-owned-subsidiaries-step-down-subsidiaries-joint-ventures-in-gift-ifsc_58918.html,https://www.sebi.gov.in/sebi_data/attachdocs/may-2022/1652440881434.pdf,data\full_dataset\sebi\circulars\pdf\Guidelines_for_seeking_NOC_by_Stock_Brokers___Clearing_Members_for_setting_up_Wholly_Owned_Subsidiaries__Step_Down_Subsidiaries__Joint_Ventures_in_GIF__79106ecf.pdf
"May 10, 2022",Changes to the Framework to Enable Verification of Upfront Collection of  Margins from Clients in Cash and Derivatives segments,https://www.sebi.gov.in/legal/circulars/may-2022/changes-to-the-framework-to-enable-verification-of-upfront-collection-of-margins-from-clients-in-cash-and-derivatives-segments_58843.html,https://www.sebi.gov.in/sebi_data/attachdocs/may-2022/1652183577652.pdf,data\full_dataset\sebi\circulars\pdf\Changes_to_the_Framework_to_Enable_Verification_of_Upfront_Collection_of_Margins_from_Clients_in_Cash_and_Derivatives_segments__01309a75.pdf
"May 02, 2022",System and Network Audit of Market Infrastructure Institutions (MIIs),https://www.sebi.gov.in/legal/circulars/may-2022/system-and-network-audit-of-market-infrastructure-institutions-miis-_58624.html,https://www.sebi.gov.in/sebi_data/attachdocs/may-2022/1651495774406.pdf,data\full_dataset\sebi\circulars\pdf\System_and_Network_Audit_of_Market_Infrastructure_Institutions__MIIs___04058f8a.pdf
"Apr 29, 2022","Modification in the Operational Guidelines for Foreign Portfolio Investors, Designated Depository Participants and Eligible Foreign Investors - SEBI to generate FPI registration number and both the Depositories to host the CAF.",https://www.sebi.gov.in/legal/circulars/apr-2022/modification-in-the-operational-guidelines-for-foreign-portfolio-investors-designated-depository-participants-and-eligible-foreign-investors-sebi-to-generate-fpi-registration-number-and-both-the-de-_58587.html,https://www.sebi.gov.in/sebi_data/attachdocs/apr-2022/1651250299618.pdf,data\full_dataset\sebi\circulars\pdf\Modification_in_the_Operational_Guidelines_for_Foreign_Portfolio_Investors__Designated_Depository_Participants_and_Eligible_Foreign_Investors_-_SEBI_t__b06967a4.pdf
"Apr 20, 2022",Streamlining the process of public issues and redressal of investor grievances,https://www.sebi.gov.in/legal/circulars/apr-2022/streamlining-the-process-of-public-issues-and-redressal-of-investor-grievances_58226.html,https://www.sebi.gov.in/sebi_data/attachdocs/apr-2022/1650459032145.pdf,data\full_dataset\sebi\circulars\pdf\Streamlining_the_process_of_public_issues_and_redressal_of_investor_grievances__c6f1f46d.pdf
"Apr 13, 2022","Updated Operational Circular for issue and listing of Non-convertible Securities, Securitised Debt Instruments, Security Receipts, Municipal Debt Securities and Commercial Paper - Modifications in Chapters I, II and XIV, Introduction of Chapter XIX on Investor Charter and Introduction of Chapter XX on payment of fees",https://www.sebi.gov.in/legal/circulars/apr-2022/updated-operational-circular-for-issue-and-listing-of-non-convertible-securities-securitised-debt-instruments-security-receipts-municipal-debt-securities-and-commercial-paper-modifications-in-cha-_58060.html,https://www.sebi.gov.in/sebi_data/attachdocs/dec-2022/1671533774505.pdf,data\full_dataset\sebi\circulars\pdf\Updated_Operational_Circular_for_issue_and_listing_of_Non-convertible_Securities__Securitised_Debt_Instruments__Security_Receipts__Municipal_Debt_Secu__d4b3ed86.pdf
"Apr 11, 2022",Comprehensive Risk Management Framework for Electronic Gold   Receipts (EGR) segment,https://www.sebi.gov.in/legal/circulars/apr-2022/comprehensive-risk-management-framework-for-electronic-gold-receipts-egr-segment_57925.html,https://www.sebi.gov.in/sebi_data/attachdocs/apr-2022/1649676946308.pdf,data\full_dataset\sebi\circulars\pdf\Comprehensive_Risk_Management_Framework_for_Electronic_Gold_Receipts__EGR__segment__5f72346a.pdf
"Apr 11, 2022",Circular on Risk value of commodities for risk-o-meter,https://www.sebi.gov.in/legal/circulars/apr-2022/circular-on-risk-value-of-commodities-for-risk-o-meter_57913.html,https://www.sebi.gov.in/sebi_data/attachdocs/apr-2022/1649673908121.pdf,data\full_dataset\sebi\circulars\pdf\Circular_on_Risk_value_of_commodities_for_risk-o-meter__6be84f4e.pdf
"Apr 06, 2022","Guidelines in pursuance of amendment to SEBI KYC Registration Agency (KRA) Regulations, 2011",https://www.sebi.gov.in/legal/circulars/apr-2022/guidelines-in-pursuance-of-amendment-to-sebi-kyc-registration-agency-kra-regulations-2011_57676.html,https://www.sebi.gov.in/sebi_data/attachdocs/apr-2022/1649322105856.pdf,data\full_dataset\sebi\circulars\pdf\Guidelines_in_pursuance_of_amendment_to_SEBI_KYC_Registration_Agency__KRA__Regulations__2011__b498e5ec.pdf
"Apr 05, 2022",Revision of UPI limits in Public Issue of Equity Shares and convertibles,https://www.sebi.gov.in/legal/circulars/apr-2022/revision-of-upi-limits-in-public-issue-of-equity-shares-and-convertibles_57589.html,https://www.sebi.gov.in/sebi_data/attachdocs/apr-2022/1649153410393.pdf,data\full_dataset\sebi\circulars\pdf\Revision_of_UPI_limits_in_Public_Issue_of_Equity_Shares_and_convertibles__96bae6b8.pdf
"Apr 04, 2022",Execution of ‘Demat Debit and Pledge Instruction’ (DDPI) for transfer of securities towards deliveries / settlement obligations and pledging / re-pledging of securities,https://www.sebi.gov.in/legal/circulars/apr-2022/execution-of-demat-debit-and-pledge-instruction-ddpi-for-transfer-of-securities-towards-deliveries-settlement-obligations-and-pledging-re-pledging-of-securities_57546.html,https://www.sebi.gov.in/sebi_data/attachdocs/apr-2022/1649065868837.PDF,data\full_dataset\sebi\circulars\pdf\Execution_of__Demat_Debit_and_Pledge_Instruction___DDPI__for_transfer_of_securities_towards_deliveries___settlement_obligations_and_pledging___re-pled__201f9101.pdf
"Mar 31, 2022","Discontinuation of usage of pool accounts for transactions in the units of Mutual Funds, Two Factor Authentication (‘2FA’) for redemption and other related requirements:  Extension of timeline",https://www.sebi.gov.in/legal/circulars/mar-2022/discontinuation-of-usage-of-pool-accounts-for-transactions-in-the-units-of-mutual-funds-two-factor-authentication-2fa-for-redemption-and-other-related-requirements-extension-of-timeline_57471.html,https://www.sebi.gov.in/sebi_data/attachdocs/mar-2022/1648730619283.pdf,data\full_dataset\sebi\circulars\pdf\Discontinuation_of_usage_of_pool_accounts_for_transactions_in_the_units_of_Mutual_Funds__Two_Factor_Authentication__2FA__for_redemption_and_other_rela__2f2e0dd1.pdf
"Mar 30, 2022",Timelines for Rebalancing of Portfolios of Mutual Fund Schemes,https://www.sebi.gov.in/legal/circulars/mar-2022/timelines-for-rebalancing-of-portfolios-of-mutual-fund-schemes_57376.html,https://www.sebi.gov.in/sebi_data/attachdocs/mar-2022/1648639233807.pdf,data\full_dataset\sebi\circulars\pdf\Timelines_for_Rebalancing_of_Portfolios_of_Mutual_Fund_Schemes__4145a8a8.pdf
"Mar 29, 2022",Operational guidelines for ‘Security and Covenant Monitoring’ using Distributed Ledger Technology (DLT),https://www.sebi.gov.in/legal/circulars/mar-2022/operational-guidelines-for-security-and-covenant-monitoring-using-distributed-ledger-technology-dlt-_57331.html,https://www.sebi.gov.in/sebi_data/attachdocs/mar-2022/1648557867194.pdf,data\full_dataset\sebi\circulars\pdf\Operational_guidelines_for__Security_and_Covenant_Monitoring__using_Distributed_Ledger_Technology__DLT___d829cb2b.pdf
"Mar 28, 2022",Circular on Calculation of investment concentration norm for Category III AIFs,https://www.sebi.gov.in/legal/circulars/mar-2022/circular-on-calculation-of-investment-concentration-norm-for-category-iii-aifs_57249.html,https://www.sebi.gov.in/sebi_data/attachdocs/mar-2022/1648470896429.pdf,data\full_dataset\sebi\circulars\pdf\Circular_on_Calculation_of_investment_concentration_norm_for_Category_III_AIFs__216f3db7.pdf
"Mar 28, 2022",Circular on Product Specifications pertaining to EGR Segment in India,https://www.sebi.gov.in/legal/circulars/mar-2022/circular-on-product-specifications-pertaining-to-egr-segment-in-india_57235.html,https://www.sebi.gov.in/sebi_data/attachdocs/mar-2022/1648466699594.pdf,data\full_dataset\sebi\circulars\pdf\Circular_on_Product_Specifications_pertaining_to_EGR_Segment_in_India__9a10fabc.pdf
"Mar 24, 2022",Introduction of Options on Commodity Indices - Product Design and Risk Management Framework,https://www.sebi.gov.in/legal/circulars/mar-2022/introduction-of-options-on-commodity-indices-product-design-and-risk-management-framework_57122.html,https://www.sebi.gov.in/sebi_data/attachdocs/mar-2022/1648126189421.pdf,data\full_dataset\sebi\circulars\pdf\Introduction_of_Options_on_Commodity_Indices_-_Product_Design_and_Risk_Management_Framework__67838966.pdf
"Mar 23, 2022","Change in control of Sponsor and/or Manager of Alternative Investment Fund involving scheme of arrangement under Companies Act, 2013",https://www.sebi.gov.in/legal/circulars/mar-2022/change-in-control-of-sponsor-and-or-manager-of-alternative-investment-fund-involving-scheme-of-arrangement-under-companies-act-2013_57064.html,https://www.sebi.gov.in/sebi_data/attachdocs/mar-2022/1648024431863.pdf,data\full_dataset\sebi\circulars\pdf\Change_in_control_of_Sponsor_and_or_Manager_of_Alternative_Investment_Fund_involving_scheme_of_arrangement_under_Companies_Act__2013__4880529a.pdf
"Mar 22, 2022","Standardisation of industry classification - Revision in Chapter - XIV of Operational Circular for issue and listing of Non-convertible Securities, Securitised Debt Instruments, Security Receipts, Municipal Debt Securities and Commercial Paper",https://www.sebi.gov.in/legal/circulars/mar-2022/standardisation-of-industry-classification-revision-in-chapter-xiv-of-operational-circular-for-issue-and-listing-of-non-convertible-securities-securitised-debt-instruments-security-receipts-mun-_57060.html,https://www.sebi.gov.in/sebi_data/attachdocs/mar-2022/1647951083353.pdf,data\full_dataset\sebi\circulars\pdf\Standardisation_of_industry_classification_-_Revision_in_Chapter_-_XIV_of_Operational_Circular_for_issue_and_listing_of_Non-convertible_Securities__Se__681e3416.pdf
"Mar 17, 2022",Revision in Orders Per Second limit for algorithmic trading in Commodity Derivatives Segment of the Stock Exchange,https://www.sebi.gov.in/legal/circulars/mar-2022/revision-in-orders-per-second-limit-for-algorithmic-trading-in-commodity-derivatives-segment-of-the-stock-exchange_56977.html,,data\full_dataset\sebi\circulars\html_fallback\Revision_in_Orders_Per_Second_limit_for_algorithmic_trading_in_Commodity_Derivatives_Segment_of_the_Stock_Exchange.txt
"Mar 15, 2022","Discontinuation of usage of pool accounts for transactions in the units of Mutual Funds:  Clarifications with respect to Circulars dated October 4, 2021",https://www.sebi.gov.in/legal/circulars/mar-2022/discontinuation-of-usage-of-pool-accounts-for-transactions-in-the-units-of-mutual-funds-clarifications-with-respect-to-circulars-dated-october-4-2021_56887.html,,data\full_dataset\sebi\circulars\html_fallback\Discontinuation_of_usage_of_pool_accounts_for_transactions_in_the_units_of_Mutual_Funds__Clarifications_with_respect_to_Circulars_dated_October_4__202.txt
"Mar 08, 2022","Change in UPI limits - Revision to Operational Circular for issue and listing of Non-convertible Securities, Securitised Debt Instruments, Security Receipts, Municipal Debt Securities and Commercial Paper",https://www.sebi.gov.in/legal/circulars/mar-2022/change-in-upi-limits-revision-to-operational-circular-for-issue-and-listing-of-non-convertible-securities-securitised-debt-instruments-security-receipts-municipal-debt-securities-and-commercial-p-_56665.html,https://www.sebi.gov.in/sebi_data/attachdocs/mar-2022/1646733148500.pdf,data\full_dataset\sebi\circulars\pdf\Change_in_UPI_limits_-_Revision_to_Operational_Circular_for_issue_and_listing_of_Non-convertible_Securities__Securitised_Debt_Instruments__Security_Re__0d7a1029.pdf
"Feb 25, 2022","Extension to SEBI Circular on “Relaxation in adherence to prescribed timelines issued by SEBI due to Covid 19” dated April 13, 2020",https://www.sebi.gov.in/legal/circulars/feb-2022/extension-to-sebi-circular-on-relaxation-in-adherence-to-prescribed-timelines-issued-by-sebi-due-to-covid-19-dated-april-13-2020_56425.html,,data\full_dataset\sebi\circulars\html_fallback\Extension_to_SEBI_Circular_on__Relaxation_in_adherence_to_prescribed_timelines_issued_by_SEBI_due_to_Covid_19__dated_April_13__2020.txt
"Feb 25, 2022",Swing pricing framework for mutual fund schemes – Extension of timeline,https://www.sebi.gov.in/legal/circulars/feb-2022/swing-pricing-framework-for-mutual-fund-schemes-extension-of-timeline_56423.html,,data\full_dataset\sebi\circulars\html_fallback\Swing_pricing_framework_for_mutual_fund_schemes___Extension_of_timeline.txt
"Feb 25, 2022",Approach to securities market data access and terms of usage of data provided by data sources in Indian securities market,https://www.sebi.gov.in/legal/circulars/feb-2022/approach-to-securities-market-data-access-and-terms-of-usage-of-data-provided-by-data-sources-in-indian-securities-market_56420.html,https://www.sebi.gov.in/sebi_data/attachdocs/feb-2022/1645780830035.pdf,data\full_dataset\sebi\circulars\pdf\Approach_to_securities_market_data_access_and_terms_of_usage_of_data_provided_by_data_sources_in_Indian_securities_market__631f21bc.pdf
"Feb 24, 2022",Nomination for Eligible Trading and Demat Accounts – Extension of timelines and relaxations for existing account holders,https://www.sebi.gov.in/legal/circulars/feb-2022/nomination-for-eligible-trading-and-demat-accounts-extension-of-timelines-and-relaxations-for-existing-account-holders_56399.html,,data\full_dataset\sebi\circulars\html_fallback\Nomination_for_Eligible_Trading_and_Demat_Accounts___Extension_of_timelines_and_relaxations_for_existing_account_holders.txt
"Feb 24, 2022",Segregation and Monitoring of Collateral at Client Level – Extension of timeline,https://www.sebi.gov.in/legal/circulars/feb-2022/segregation-and-monitoring-of-collateral-at-client-level-extension-of-timeline_56393.html,,data\full_dataset\sebi\circulars\html_fallback\Segregation_and_Monitoring_of_Collateral_at_Client_Level___Extension_of_timeline.txt
"Feb 17, 2022","Corrigendum to Master Circular for Depositories dated February 05, 2021 on Opening of demat account in case of HUF",https://www.sebi.gov.in/legal/circulars/feb-2022/corrigendum-to-master-circular-for-depositories-dated-february-05-2021-on-opening-of-demat-account-in-case-of-huf_56130.html,,data\full_dataset\sebi\circulars\html_fallback\Corrigendum_to_Master_Circular_for_Depositories_dated_February_05__2021_on_Opening_of_demat_account_in_case_of_HUF.txt
"Feb 14, 2022",Standard Operating Guidelines for the Vault Managers and Depositories - Electronic Gold Receipts (EGR) segment,https://www.sebi.gov.in/legal/circulars/feb-2022/standard-operating-guidelines-for-the-vault-managers-and-depositories-electronic-gold-receipts-egr-segment_56064.html,,data\full_dataset\sebi\circulars\html_fallback\Standard_Operating_Guidelines_for_the_Vault_Managers_and_Depositories_-_Electronic_Gold_Receipts__EGR__segment.txt
"Feb 14, 2022",Trading features pertaining to the Electronic Gold Receipts (EGR) segment,https://www.sebi.gov.in/legal/circulars/feb-2022/trading-features-pertaining-to-the-electronic-gold-receipts-egr-segment_56063.html,,data\full_dataset\sebi\circulars\html_fallback\Trading_features_pertaining_to_the_Electronic_Gold_Receipts__EGR__segment.txt
"Feb 09, 2022",Circular on Audit Committee of Asset Management Companies (AMCs),https://www.sebi.gov.in/legal/circulars/feb-2022/circular-on-audit-committee-of-asset-management-companies-amcs-_55987.html,,data\full_dataset\sebi\circulars\html_fallback\Circular_on_Audit_Committee_of_Asset_Management_Companies__AMCs_.txt
"Feb 04, 2022",Disclosures in the abridged prospectus and front cover page of the offer Document,https://www.sebi.gov.in/legal/circulars/feb-2022/disclosures-in-the-abridged-prospectus-and-front-cover-page-of-the-offer-document_55920.html,,data\full_dataset\sebi\circulars\html_fallback\Disclosures_in_the_abridged_prospectus_and_front_cover_page_of_the_offer_Document.txt
"Feb 04, 2022",Circular on Guidelines on Accounting with respect to Indian Accounting Standards  (IND AS),https://www.sebi.gov.in/legal/circulars/feb-2022/circular-on-guidelines-on-accounting-with-respect-to-indian-accounting-standards-ind-as-_55919.html,,data\full_dataset\sebi\circulars\html_fallback\Circular_on_Guidelines_on_Accounting_with_respect_to_Indian_Accounting_Standards__IND_AS_.txt
"Feb 01, 2022",Schemes of Arrangement by Listed Entities,https://www.sebi.gov.in/legal/circulars/feb-2022/schemes-of-arrangement-by-listed-entities_55805.html,,data\full_dataset\sebi\circulars\html_fallback\Schemes_of_Arrangement_by_Listed_Entities.txt
"Jan 31, 2022","Change in control of the asset management company involving scheme of arrangement under Companies Act, 2013",https://www.sebi.gov.in/legal/circulars/jan-2022/change-in-control-of-the-asset-management-company-involving-scheme-of-arrangement-under-companies-act-2013_55745.html,,data\full_dataset\sebi\circulars\html_fallback\Change_in_control_of_the_asset_management_company_involving_scheme_of_arrangement_under_Companies_Act__2013.txt
"Jan 27, 2022",Introduction of Special Situation Funds as a sub-category under Category I AIFs,https://www.sebi.gov.in/legal/circulars/jan-2022/introduction-of-special-situation-funds-as-a-sub-category-under-category-i-aifs_55625.html,,data\full_dataset\sebi\circulars\html_fallback\Introduction_of_Special_Situation_Funds_as_a_sub-category_under_Category_I_AIFs.txt
"Jan 25, 2022",Issuance of Securities in dematerialized form in case of Investor Service Requests,https://www.sebi.gov.in/legal/circulars/jan-2022/issuance-of-securities-in-dematerialized-form-in-case-of-investor-service-requests_55542.html,,data\full_dataset\sebi\circulars\html_fallback\Issuance_of_Securities_in_dematerialized_form_in_case_of_Investor_Service_Requests.txt
"Jan 10, 2022",Framework for operationalizing the Gold Exchange in India,https://www.sebi.gov.in/legal/circulars/jan-2022/framework-for-operationalizing-the-gold-exchange-in-india_55251.html,,data\full_dataset\sebi\circulars\html_fallback\Framework_for_operationalizing_the_Gold_Exchange_in_India.txt
"Jan 07, 2022",Disclosure obligations of high value debt listed entities in relation to Related Party Transactions,https://www.sebi.gov.in/legal/circulars/jan-2022/disclosure-obligations-of-high-value-debt-listed-entities-in-relation-to-related-party-transactions_55225.html,https://www.sebi.gov.in/sebi_data/attachdocs/aug-2022/1659503352624.pdf,data\full_dataset\sebi\circulars\pdf\Disclosure_obligations_of_high_value_debt_listed_entities_in_relation_to_Related_Party_Transactions__44f1ae48.pdf
"Jan 05, 2022",Increasing Awareness regarding Online Mechanisms for Investor Grievance  Redressal,https://www.sebi.gov.in/legal/circulars/jan-2022/increasing-awareness-regarding-online-mechanisms-for-investor-grievance-redressal_55192.html,,data\full_dataset\sebi\circulars\html_fallback\Increasing_Awareness_regarding_Online_Mechanisms_for_Investor_Grievance_Redressal.txt
"Jan 03, 2022",Schemes of Arrangement by Listed Entities - Clarification w.r.t. timing of submission of NOC from the lending scheduled commercial banks/ financial institutions/ debenture trustee,https://www.sebi.gov.in/legal/circulars/jan-2022/schemes-of-arrangement-by-listed-entities-clarification-w-r-t-timing-of-submission-of-noc-from-the-lending-scheduled-commercial-banks-financial-institutions-debenture-trustee_55166.html,,data\full_dataset\sebi\circulars\html_fallback\Schemes_of_Arrangement_by_Listed_Entities_-_Clarification_w.r.t._timing_of_submission_of_NOC_from_the_lending_scheduled_commercial_banks__financial_in.txt
"Jan 03, 2022",Options on Commodity Futures – Modification in Exercise Mechanism,https://www.sebi.gov.in/legal/circulars/jan-2022/options-on-commodity-futures-modification-in-exercise-mechanism_55164.html,,data\full_dataset\sebi\circulars\html_fallback\Options_on_Commodity_Futures___Modification_in_Exercise_Mechanism.txt
"Dec 30, 2021",Extension of timeline for modified reporting requirements for AIFs,https://www.sebi.gov.in/legal/circulars/dec-2021/extension-of-timeline-for-modified-reporting-requirements-for-aifs_55108.html,,data\full_dataset\sebi\circulars\html_fallback\Extension_of_timeline_for_modified_reporting_requirements_for_AIFs.txt
"Dec 29, 2021",Non-compliance with provisions related to continuous disclosures,https://www.sebi.gov.in/legal/circulars/dec-2021/non-compliance-with-provisions-related-to-continuous-disclosures_55070.html,https://www.sebi.gov.in/sebi_data/attachdocs/aug-2022/1659416228372.pdf,data\full_dataset\sebi\circulars\pdf\Non-compliance_with_provisions_related_to_continuous_disclosures__ada08bd5.pdf
"Dec 22, 2021",Restoration of relaxed timelines w.r.t. validity of observation letter pertaining to Mutual Funds,https://www.sebi.gov.in/legal/circulars/dec-2021/restoration-of-relaxed-timelines-w-r-t-validity-of-observation-letter-pertaining-to-mutual-funds_54866.html,,data\full_dataset\sebi\circulars\html_fallback\Restoration_of_relaxed_timelines_w.r.t._validity_of_observation_letter_pertaining_to_Mutual_Funds.txt
"Dec 21, 2021",Investment Advisory Services for Accredited Investors,https://www.sebi.gov.in/legal/circulars/dec-2021/investment-advisory-services-for-accredited-investors_54830.html,https://www.sebi.gov.in/sebi_data/attachdocs/dec-2021/1640076990680.pdf,data\full_dataset\sebi\circulars\pdf\Investment_Advisory_Services_for_Accredited_Investors__890d1154.pdf
"Dec 21, 2021",Portfolio Management Services for Accredited Investors,https://www.sebi.gov.in/legal/circulars/dec-2021/portfolio-management-services-for-accredited-investors_54828.html,,data\full_dataset\sebi\circulars\html_fallback\Portfolio_Management_Services_for_Accredited_Investors.txt
"Dec 17, 2021","Revised Operational Circular for issue and listing of Non-convertible Securities, Securitised Debt Instruments, Security Receipts, Municipal Debt Securities and Commercial Paper",https://www.sebi.gov.in/legal/circulars/dec-2021/revised-operational-circular-for-issue-and-listing-of-non-convertible-securities-securitised-debt-instruments-security-receipts-municipal-debt-securities-and-commercial-paper_54704.html,https://www.sebi.gov.in/sebi_data/attachdocs/dec-2022/1671533633258.pdf,data\full_dataset\sebi\circulars\pdf\Revised_Operational_Circular_for_issue_and_listing_of_Non-convertible_Securities__Securitised_Debt_Instruments__Security_Receipts__Municipal_Debt_Secu__28c22112.pdf
"Dec 17, 2021",Publishing of Investor Charter and Disclosure of Complaints by Custodians and DDPs on their websites,https://www.sebi.gov.in/legal/circulars/dec-2021/publishing-of-investor-charter-and-disclosure-of-complaints-by-custodians-and-ddps-on-their-websites_54693.html,,data\full_dataset\sebi\circulars\html_fallback\Publishing_of_Investor_Charter_and_Disclosure_of_Complaints_by_Custodians_and_DDPs_on_their_websites.txt
"Dec 17, 2021","Revision to Operational Circular for issue and listing of Non-convertible Securities, Securitised Debt Instruments, Security Receipts, Municipal Debt Securities and Commercial Paper",https://www.sebi.gov.in/legal/circulars/dec-2021/revision-to-operational-circular-for-issue-and-listing-of-non-convertible-securities-securitised-debt-instruments-security-receipts-municipal-debt-securities-and-commercial-paper_54680.html,https://www.sebi.gov.in/sebi_data/attachdocs/dec-2021/1639738995573.pdf,data\full_dataset\sebi\circulars\pdf\Revision_to_Operational_Circular_for_issue_and_listing_of_Non-convertible_Securities__Securitised_Debt_Instruments__Security_Receipts__Municipal_Debt___73ceadf6.pdf
"Dec 16, 2021",Cut-off Time for generation of last Risk Parameter File (RPF) for client’s margin collection purpose and modification in framework to enable verification of upfront collection of margins from clients in commodity derivatives segment,https://www.sebi.gov.in/legal/circulars/dec-2021/cut-off-time-for-generation-of-last-risk-parameter-file-rpf-for-client-s-margin-collection-purpose-and-modification-in-framework-to-enable-verification-of-upfront-collection-of-margins-from-clients-_54647.html,https://www.sebi.gov.in/sebi_data/attachdocs/dec-2021/1639650596473.pdf,data\full_dataset\sebi\circulars\pdf\Cut-off_Time_for_generation_of_last_Risk_Parameter_File__RPF__for_client_s_margin_collection_purpose_and_modification_in_framework_to_enable_verificat__53d82b00.pdf
"Dec 14, 2021","Clarifications   with   respect   to   Circular   dated   November 03, 2021, on ‘Common and simplified norms for processing investor’s service request by RTAs and norms for furnishing PAN, KYC details and Nomination’",https://www.sebi.gov.in/legal/circulars/dec-2021/clarifications-with-respect-to-circular-dated-november-03-2021-on-common-and-simplified-norms-for-processing-investor-s-service-request-by-rtas-and-norms-for-furnishing-pan-kyc-details-_54602.html,https://www.sebi.gov.in/sebi_data/attachdocs/dec-2021/1639478650781.pdf,data\full_dataset\sebi\circulars\pdf\Clarifications_with_respect_to_Circular_dated_November_03__2021__on__Common_and_simplified_norms_for_processing_investor_s_service_request_by_RTAs_and__dfa14acb.pdf
"Dec 13, 2021",Publishing of Investor Charter and disclosure of Investor Complaints by Investment Advisers on their websites/mobile applications,https://www.sebi.gov.in/legal/circulars/dec-2021/publishing-of-investor-charter-and-disclosure-of-investor-complaints-by-investment-advisers-on-their-websites-mobile-applications_54585.html,,data\full_dataset\sebi\circulars\html_fallback\Publishing_of_Investor_Charter_and_disclosure_of_Investor_Complaints_by_Investment_Advisers_on_their_websites_mobile_applications.txt
"Dec 13, 2021",Publishing of Investor Charter and disclosure of Investor Complaints by Research Analysts on their websites/mobile applications,https://www.sebi.gov.in/legal/circulars/dec-2021/publishing-of-investor-charter-and-disclosure-of-investor-complaints-by-research-analysts-on-their-websites-mobile-applications_54584.html,,data\full_dataset\sebi\circulars\html_fallback\Publishing_of_Investor_Charter_and_disclosure_of_Investor_Complaints_by_Research_Analysts_on_their_websites_mobile_applications.txt
"Dec 10, 2021",Publishing of Investor Charter and disclosure of Investor Complaints by Portfolio Managers on their websites,https://www.sebi.gov.in/legal/circulars/dec-2021/publishing-of-investor-charter-and-disclosure-of-investor-complaints-by-portfolio-managers-on-their-websites_54546.html,,data\full_dataset\sebi\circulars\html_fallback\Publishing_of_Investor_Charter_and_disclosure_of_Investor_Complaints_by_Portfolio_Managers_on_their_websites.txt
"Dec 10, 2021",Circular on Investor Charter and disclosure of Investor Complaints by Mutual funds on their websites and AMFI website.,https://www.sebi.gov.in/legal/circulars/dec-2021/circular-on-investor-charter-and-disclosure-of-investor-complaints-by-mutual-funds-on-their-websites-and-amfi-website-_54545.html,,data\full_dataset\sebi\circulars\html_fallback\Circular_on_Investor_Charter_and_disclosure_of_Investor_Complaints_by_Mutual_funds_on_their_websites_and_AMFI_website.txt
"Dec 10, 2021",Publishing Investor Charter and Disclosure of complaints by AIFs,https://www.sebi.gov.in/legal/circulars/dec-2021/publishing-investor-charter-and-disclosure-of-complaints-by-aifs_54544.html,,data\full_dataset\sebi\circulars\html_fallback\Publishing_Investor_Charter_and_Disclosure_of_complaints_by_AIFs.txt
"Dec 10, 2021",Circular on Mutual Funds,https://www.sebi.gov.in/legal/circulars/dec-2021/circular-on-mutual-funds_54542.html,,data\full_dataset\sebi\circulars\html_fallback\Circular_on_Mutual_Funds.txt
"Dec 10, 2021","Clarification regarding amendment to SEBI (Portfolio Managers) Regulations, 2020",https://www.sebi.gov.in/legal/circulars/dec-2021/clarification-regarding-amendment-to-sebi-portfolio-managers-regulations-2020_54528.html,,data\full_dataset\sebi\circulars\html_fallback\Clarification_regarding_amendment_to_SEBI__Portfolio_Managers__Regulations__2020.txt
"Dec 09, 2021",Transaction in Corporate Bonds through Request for Quote platform by Portfolio Management Services (PMS),https://www.sebi.gov.in/legal/circulars/dec-2021/transaction-in-corporate-bonds-through-request-for-quote-platform-by-portfolio-management-services-pms-_54523.html,,data\full_dataset\sebi\circulars\html_fallback\Transaction_in_Corporate_Bonds_through_Request_for_Quote_platform_by_Portfolio_Management_Services__PMS_.txt
"Dec 02, 2021",Publishing Investor Charter and disclosure of Investor Complaints by Stock Brokers on their websites,https://www.sebi.gov.in/legal/circulars/dec-2021/publishing-investor-charter-and-disclosure-of-investor-complaints-by-stock-brokers-on-their-websites_54402.html,,data\full_dataset\sebi\circulars\html_fallback\Publishing_Investor_Charter_and_disclosure_of_Investor_Complaints_by_Stock_Brokers_on_their_websites.txt
"Nov 30, 2021",Publishing of Investor Charter and disclosure of complaints by Debenture  Trustees (DTs) on their Websites,https://www.sebi.gov.in/legal/circulars/nov-2021/publishing-of-investor-charter-and-disclosure-of-complaints-by-debenture-trustees-dts-on-their-websites_54349.html,,data\full_dataset\sebi\circulars\html_fallback\Publishing_of_Investor_Charter_and_disclosure_of_complaints_by_Debenture_Trustees__DTs__on_their_Websites.txt
"Nov 26, 2021",Publishing investor charter and disclosure of investor complaints by Merchant Bankers on their websites for private placements of Municipal debt securities,https://www.sebi.gov.in/legal/circulars/nov-2021/publishing-investor-charter-and-disclosure-of-investor-complaints-by-merchant-bankers-on-their-websites-for-private-placements-of-municipal-debt-securities_54244.html,https://www.sebi.gov.in/sebi_data/attachdocs/nov-2021/1637924879371.pdf,data\full_dataset\sebi\circulars\pdf\Publishing_investor_charter_and_disclosure_of_investor_complaints_by_Merchant_Bankers_on_their_websites_for_private_placements_of_Municipal_debt_secur__3b119a0d.pdf
"Nov 26, 2021",Publishing Investor Charter and Disclosure of Complaints by Registrar and Share Transfer Agents (RTAs) on their Websites,https://www.sebi.gov.in/legal/circulars/nov-2021/publishing-investor-charter-and-disclosure-of-complaints-by-registrar-and-share-transfer-agents-rtas-on-their-websites_54224.html,,data\full_dataset\sebi\circulars\html_fallback\Publishing_Investor_Charter_and_Disclosure_of_Complaints_by_Registrar_and_Share_Transfer_Agents__RTAs__on_their_Websites.txt
"Nov 26, 2021",Publishing Investor Charter and Disclosure of Complaints by Merchant Bankers on their Websites – Debt Market,https://www.sebi.gov.in/legal/circulars/nov-2021/publishing-investor-charter-and-disclosure-of-complaints-by-merchant-bankers-on-their-websites-debt-market_54223.html,https://www.sebi.gov.in/sebi_data/attachdocs/dec-2022/1672048939298.pdf,data\full_dataset\sebi\circulars\pdf\Publishing_Investor_Charter_and_Disclosure_of_Complaints_by_Merchant_Bankers_on_their_Websites___Debt_Market__d3fdcef4.pdf
"Nov 24, 2021",Norms for Silver Exchange Traded Funds (Silver ETFs) and Gold Exchange Traded Funds (Gold ETFs),https://www.sebi.gov.in/legal/circulars/nov-2021/norms-for-silver-exchange-traded-funds-silver-etfs-and-gold-exchange-traded-funds-gold-etfs-_54166.html,,data\full_dataset\sebi\circulars\html_fallback\Norms_for_Silver_Exchange_Traded_Funds__Silver_ETFs__and_Gold_Exchange_Traded_Funds__Gold_ETFs_.txt
"Nov 23, 2021",Disclosure of Complaints against the Stock Exchanges (excluding Commodity Derivatives Exchanges)/Depositories/Clearing Corporations,https://www.sebi.gov.in/legal/circulars/nov-2021/disclosure-of-complaints-against-the-stock-exchanges-excluding-commodity-derivatives-exchanges-depositories-clearing-corporations_54165.html,,data\full_dataset\sebi\circulars\html_fallback\Disclosure_of_Complaints_against_the_Stock_Exchanges__excluding_Commodity_Derivatives_Exchanges_Depositories_Clearing_Corporations.txt
"Nov 23, 2021",Segregation and Monitoring of Collateral at Client Level – Extension of timeline,https://www.sebi.gov.in/legal/circulars/nov-2021/segregation-and-monitoring-of-collateral-at-client-level-extension-of-timeline_54149.html,,data\full_dataset\sebi\circulars\html_fallback\Segregation_and_Monitoring_of_Collateral_at_Client_Level___Extension_of_timeline.txt
"Nov 23, 2021",Publishing Investor Charter and Disclosure of Complaints by Merchant Bankers on their Websites,https://www.sebi.gov.in/legal/circulars/nov-2021/publishing-investor-charter-and-disclosure-of-complaints-by-merchant-bankers-on-their-websites_54147.html,,data\full_dataset\sebi\circulars\html_fallback\Publishing_Investor_Charter_and_Disclosure_of_Complaints_by_Merchant_Bankers_on_their_Websites.txt
"Nov 23, 2021","Non-compliance with certain provisions of SEBI (Issue of Capital and Disclosure Requirements) Regulations, 2018",https://www.sebi.gov.in/legal/circulars/nov-2021/non-compliance-with-certain-provisions-of-sebi-issue-of-capital-and-disclosure-requirements-regulations-2018_54130.html,,data\full_dataset\sebi\circulars\html_fallback\Non-compliance_with_certain_provisions_of_SEBI__Issue_of_Capital_and_Disclosure_Requirements__Regulations__2018.txt
"Nov 22, 2021","Clarifications regarding amendment to SEBI (Alternative Investment Funds) Regulations, 2012",https://www.sebi.gov.in/legal/circulars/nov-2021/clarifications-regarding-amendment-to-sebi-alternative-investment-funds-regulations-2012_54112.html,,data\full_dataset\sebi\circulars\html_fallback\Clarifications_regarding_amendment_to_SEBI__Alternative_Investment_Funds__Regulations__2012.txt
"Nov 18, 2021","Addendum to SEBI Circular dated November 16, 2021 relating to Schemes of Arrangement by Listed Entities",https://www.sebi.gov.in/legal/circulars/nov-2021/addendum-to-sebi-circular-dated-november-16-2021-relating-to-schemes-of-arrangement-by-listed-entities_54056.html,,data\full_dataset\sebi\circulars\html_fallback\Addendum_to_SEBI_Circular_dated_November_16__2021_relating_to_Schemes_of_Arrangement_by_Listed_Entities.txt
"Nov 16, 2021",Framework for Regulatory Sandbox,https://www.sebi.gov.in/legal/circulars/nov-2021/framework-for-regulatory-sandbox_53982.html,,data\full_dataset\sebi\circulars\html_fallback\Framework_for_Regulatory_Sandbox.txt
"Nov 16, 2021",Scheme of Arrangement by Listed Entities,https://www.sebi.gov.in/legal/circulars/nov-2021/scheme-of-arrangement-by-listed-entities_53967.html,,data\full_dataset\sebi\circulars\html_fallback\Scheme_of_Arrangement_by_Listed_Entities.txt
"Nov 08, 2021",Write-off of debt securities held by FPIs who intend to surrender their registration,https://www.sebi.gov.in/legal/circulars/nov-2021/write-off-of-debt-securities-held-by-fpis-who-intend-to-surrender-their-registration_53798.html,,data\full_dataset\sebi\circulars\html_fallback\Write-off_of_debt_securities_held_by_FPIs_who_intend_to_surrender_their_registration.txt
"Nov 03, 2021","Common and Simplified Norms for processing investor’s service request by RTAs and norms for furnishing PAN, KYC details and Nomination",https://www.sebi.gov.in/legal/circulars/nov-2021/common-and-simplified-norms-for-processing-investor-s-service-request-by-rtas-and-norms-for-furnishing-pan-kyc-details-and-nomination_53787.html,,data\full_dataset\sebi\circulars\html_fallback\Common_and_Simplified_Norms_for_processing_investor_s_service_request_by_RTAs_and_norms_for_furnishing_PAN__KYC_details_and_Nomination.txt
"Oct 28, 2021",Investment/ trading in securities by employees and Board members of AMC(s) and Trustees of Mutual Funds,https://www.sebi.gov.in/legal/circulars/oct-2021/investment-trading-in-securities-by-employees-and-board-members-of-amc-s-and-trustees-of-mutual-funds_53618.html,,data\full_dataset\sebi\circulars\html_fallback\Investment__trading_in_securities_by_employees_and_Board_members_of_AMC_s__and_Trustees_of_Mutual_Funds.txt
"Oct 28, 2021",Maintenance of current accounts in multiple banks by Stock Brokers,https://www.sebi.gov.in/legal/circulars/oct-2021/maintenance-of-current-accounts-in-multiple-banks-by-stock-brokers_53576.html,,data\full_dataset\sebi\circulars\html_fallback\Maintenance_of_current_accounts_in_multiple_banks_by_Stock_Brokers.txt
"Oct 27, 2021",Guiding Principles for bringing uniformity in Benchmarks of Mutual Fund Schemes,https://www.sebi.gov.in/legal/circulars/oct-2021/guiding-principles-for-bringing-uniformity-in-benchmarks-of-mutual-fund-schemes_53539.html,,data\full_dataset\sebi\circulars\html_fallback\Guiding_Principles_for_bringing_uniformity_in_Benchmarks_of_Mutual_Fund_Schemes.txt
"Oct 22, 2021",Amendment to SEBI Circulars pertaining to Investor Grievance Redressal System and Arbitration Mechanism,https://www.sebi.gov.in/legal/circulars/oct-2021/amendment-to-sebi-circulars-pertaining-to-investor-grievance-redressal-system-and-arbitration-mechanism_53450.html,,data\full_dataset\sebi\circulars\html_fallback\Amendment_to_SEBI_Circulars_pertaining_to_Investor_Grievance_Redressal_System_and_Arbitration_Mechanism.txt
"Oct 22, 2021",Amendment to SEBI Circular pertaining to Investor Protection Fund (IPF)/Investor Service Fund (ISF) and its related matters,https://www.sebi.gov.in/legal/circulars/oct-2021/amendment-to-sebi-circular-pertaining-to-investor-protection-fund-ipf-investor-service-fund-isf-and-its-related-matters_53448.html,,data\full_dataset\sebi\circulars\html_fallback\Amendment_to_SEBI_Circular_pertaining_to_Investor_Protection_Fund__IPF_Investor_Service_Fund__ISF__and_its_related_matters.txt
"Oct 21, 2021","Modalities for filing of placement memorandum through a Merchant Banker under SEBI (Alternative Investment Funds) Regulations, 2012",https://www.sebi.gov.in/legal/circulars/oct-2021/modalities-for-filing-of-placement-memorandum-through-a-merchant-banker-under-sebi-alternative-investment-funds-regulations-2012_53379.html,,data\full_dataset\sebi\circulars\html_fallback\Modalities_for_filing_of_placement_memorandum_through_a_Merchant_Banker_under_SEBI__Alternative_Investment_Funds__Regulations__2012.txt
"Oct 18, 2021",Transmission of Securities to Joint Holder(s),https://www.sebi.gov.in/legal/circulars/oct-2021/transmission-of-securities-to-joint-holder-s-_53313.html,,data\full_dataset\sebi\circulars\html_fallback\Transmission_of_Securities_to_Joint_Holder_s_.txt
"Oct 14, 2021",Streamlining of issuance of SCORES Authentication,https://www.sebi.gov.in/legal/circulars/oct-2021/streamlining-of-issuance-of-scores-authentication_53291.html,,data\full_dataset\sebi\circulars\html_fallback\Streamlining_of_issuance_of_SCORES_Authentication.txt
"Oct 14, 2021",Revised Formats for Limited Review/ Audit Report for issuers of non-convertible securities,https://www.sebi.gov.in/legal/circulars/oct-2021/revised-formats-for-limited-review-audit-report-for-issuers-of-non-convertible-securities_53279.html,https://www.sebi.gov.in/sebi_data/attachdocs/aug-2022/1659415742268.pdf,data\full_dataset\sebi\circulars\pdf\Revised_Formats_for_Limited_Review__Audit_Report_for_issuers_of_non-convertible_securities__af74e2c6.pdf
"Oct 06, 2021",Circular on Minimum percentage of trades carried out by mutual funds through RFQ platform,https://www.sebi.gov.in/legal/circulars/oct-2021/circular-on-minimum-percentage-of-trades-carried-out-by-mutual-funds-through-rfq-platform_53145.html,,data\full_dataset\sebi\circulars\html_fallback\Circular_on_Minimum_percentage_of_trades_carried_out_by_mutual_funds_through_RFQ_platform.txt
"Oct 05, 2021",Revised Formats for filing Financial information for issuers of non-convertible securities,https://www.sebi.gov.in/legal/circulars/oct-2021/revised-formats-for-filing-financial-information-for-issuers-of-non-convertible-securities_53136.html,https://www.sebi.gov.in/sebi_data/attachdocs/aug-2022/1659415604381.pdf,data\full_dataset\sebi\circulars\pdf\Revised_Formats_for_filing_Financial_information_for_issuers_of_non-convertible_securities__55db986e.pdf
"Oct 04, 2021",Disclosure of Complaints against the Stock Exchanges and the Clearing Corporations,https://www.sebi.gov.in/legal/circulars/oct-2021/disclosure-of-complaints-against-the-stock-exchanges-and-the-clearing-corporations_53112.html,,data\full_dataset\sebi\circulars\html_fallback\Disclosure_of_Complaints_against_the_Stock_Exchanges_and_the_Clearing_Corporations.txt
"Oct 04, 2021",Discontinuation of usage of pool accounts for transactions in units of Mutual Funds on the Stock Exchange Platforms,https://www.sebi.gov.in/legal/circulars/oct-2021/discontinuation-of-usage-of-pool-accounts-for-transactions-in-units-of-mutual-funds-on-the-stock-exchange-platforms_53104.html,,data\full_dataset\sebi\circulars\html_fallback\Discontinuation_of_usage_of_pool_accounts_for_transactions_in_units_of_Mutual_Funds_on_the_Stock_Exchange_Platforms.txt
"Oct 04, 2021",Circular on Mutual Funds,https://www.sebi.gov.in/legal/circulars/oct-2021/circular-on-mutual-funds_53103.html,,data\full_dataset\sebi\circulars\html_fallback\Circular_on_Mutual_Funds.txt
"Oct 01, 2021",Relaxations relating to procedural matters –Issues and Listing,https://www.sebi.gov.in/legal/circulars/oct-2021/relaxations-relating-to-procedural-matters-issues-and-listing_53083.html,,data\full_dataset\sebi\circulars\html_fallback\Relaxations_relating_to_procedural_matters__Issues_and_Listing.txt
"Sep 30, 2021",Guidelines for Investment Advisers - Extension of timelines,https://www.sebi.gov.in/legal/circulars/sep-2021/guidelines-for-investment-advisers-extension-of-timelines_53049.html,,data\full_dataset\sebi\circulars\html_fallback\Guidelines_for_Investment_Advisers_-_Extension_of_timelines.txt
"Sep 29, 2021",Circular on Swing pricing framework for mutual fund schemes,https://www.sebi.gov.in/legal/circulars/sep-2021/circular-on-swing-pricing-framework-for-mutual-fund-schemes_52997.html,,data\full_dataset\sebi\circulars\html_fallback\Circular_on_Swing_pricing_framework_for_mutual_fund_schemes.txt
"Sep 27, 2021",Risk Management Framework (RMF) for Mutual Funds,https://www.sebi.gov.in/legal/circulars/sep-2021/risk-management-framework-rmf-for-mutual-funds_52943.html,,data\full_dataset\sebi\circulars\html_fallback\Risk_Management_Framework__RMF__for_Mutual_Funds.txt
"Sep 20, 2021","Clarifications with respect to Circular dated April 28, 2021 on ‘Alignment of interest of Key Employees (‘Designated Employees’) of Asset Management Companies (AMCs) with the Unitholders of the Mutual Fund Schemes’",https://www.sebi.gov.in/legal/circulars/sep-2021/clarifications-with-respect-to-circular-dated-april-28-2021-on-alignment-of-interest-of-key-employees-designated-employees-of-asset-management-companies-amcs-with-the-unitholders-of-the-mutual-_52703.html,https://www.sebi.gov.in/sebi_data/attachdocs/sep-2021/1632122269367.pdf,data\full_dataset\sebi\circulars\pdf\Clarifications_with_respect_to_Circular_dated_April_28__2021_on__Alignment_of_interest_of_Key_Employees__Designated_Employees__of_Asset_Management_Com__5ec35d84.pdf
"Sep 07, 2021",Introduction of T+1 rolling settlement on an optional basis,https://www.sebi.gov.in/legal/circulars/sep-2021/introduction-of-t-1-rolling-settlement-on-an-optional-basis_52462.html,,data\full_dataset\sebi\circulars\html_fallback\Introduction_of_T_1_rolling_settlement_on_an_optional_basis.txt
"Sep 07, 2021",Position Limits for Currency Derivatives Contracts,https://www.sebi.gov.in/legal/circulars/sep-2021/position-limits-for-currency-derivatives-contracts_52450.html,,data\full_dataset\sebi\circulars\html_fallback\Position_Limits_for_Currency_Derivatives_Contracts.txt
"Sep 02, 2021","Amendment to SEBI Circular SEBI/HO/DMS/CIR/P/2017/15 dated February 23, 2017 on Amendment pursuant to comprehensive review of Investor Grievance Redressal Mechanism",https://www.sebi.gov.in/legal/circulars/sep-2021/amendment-to-sebi-circular-sebi-ho-dms-cir-p-2017-15-dated-february-23-2017-on-amendment-pursuant-to-comprehensive-review-of-investor-grievance-redressal-mechanism_52345.html,,data\full_dataset\sebi\circulars\html_fallback\Amendment_to_SEBI_Circular_SEBI_HO_DMS_CIR_P_2017_15_dated_February_23__2017_on_Amendment_pursuant_to_comprehensive_review_of_Investor_Grievance_Redre.txt
"Sep 02, 2021",Alignment of interest of Asset Management Companies (‘AMCs’) with the Unitholders of the Mutual Fund Schemes,https://www.sebi.gov.in/legal/circulars/sep-2021/alignment-of-interest-of-asset-management-companies-amcs-with-the-unitholders-of-the-mutual-fund-schemes_52344.html,,data\full_dataset\sebi\circulars\html_fallback\Alignment_of_interest_of_Asset_Management_Companies__AMCs__with_the_Unitholders_of_the_Mutual_Fund_Schemes.txt
"Sep 01, 2021",Revised guidelines for Liquidity Enhancement Scheme in the Equity Cash and Equity Derivatives Segments,https://www.sebi.gov.in/legal/circulars/sep-2021/revised-guidelines-for-liquidity-enhancement-scheme-in-the-equity-cash-and-equity-derivatives-segments_52305.html,,data\full_dataset\sebi\circulars\html_fallback\Revised_guidelines_for_Liquidity_Enhancement_Scheme_in_the_Equity_Cash_and_Equity_Derivatives_Segments.txt
"Aug 31, 2021","Disclosure of risk-o-meter of scheme, benchmark and portfolio details to the investors",https://www.sebi.gov.in/legal/circulars/aug-2021/disclosure-of-risk-o-meter-of-scheme-benchmark-and-portfolio-details-to-the-investors_52262.html,,data\full_dataset\sebi\circulars\html_fallback\Disclosure_of_risk-o-meter_of_scheme__benchmark_and_portfolio_details_to_the_investors.txt
"Aug 31, 2021",Extension of time for seeking membership of BSE Administration & Supervision Limited,https://www.sebi.gov.in/legal/circulars/aug-2021/extension-of-time-for-seeking-membership-of-bse-administration-and-supervision-limited_52237.html,,data\full_dataset\sebi\circulars\html_fallback\Extension_of_time_for_seeking_membership_of_BSE_Administration___Supervision_Limited.txt
"Aug 26, 2021",Circular on Modalities for implementation of the framework for Accredited Investors,https://www.sebi.gov.in/legal/circulars/aug-2021/circular-on-modalities-for-implementation-of-the-framework-for-accredited-investors_52116.html,,data\full_dataset\sebi\circulars\html_fallback\Circular_on_Modalities_for_implementation_of_the_framework_for_Accredited_Investors.txt
"Aug 17, 2021",Penalty for Repeated Delivery Default,https://www.sebi.gov.in/legal/circulars/aug-2021/penalty-for-repeated-delivery-default_51902.html,,data\full_dataset\sebi\circulars\html_fallback\Penalty_for_Repeated_Delivery_Default.txt
"Aug 13, 2021",‘Security and Covenant Monitoring’ using Distributed Ledger Technology,https://www.sebi.gov.in/legal/circulars/aug-2021/-security-and-covenant-monitoring-using-distributed-ledger-technology_51855.html,,data\full_dataset\sebi\circulars\html_fallback\_Security_and_Covenant_Monitoring__using_Distributed_Ledger_Technology.txt
"Aug 13, 2021","Tendering of shares in open offers, buybacks and delisting offers by marking lien in the demat account of the shareholders",https://www.sebi.gov.in/legal/circulars/aug-2021/tendering-of-shares-in-open-offers-buybacks-and-delisting-offers-by-marking-lien-in-the-demat-account-of-the-shareholders_51849.html,,data\full_dataset\sebi\circulars\html_fallback\Tendering_of_shares_in_open_offers__buybacks_and_delisting_offers_by_marking_lien_in_the_demat_account_of_the_shareholders.txt
"Aug 13, 2021","Guidelines on issuance of non-convertible debt instruments along with warrants (‘NCDs with Warrants’) in terms of Chapter VI – Qualified Institutions Placement of SEBI (Issue of Capital and Disclosure Requirements) Regulations, 2018",https://www.sebi.gov.in/legal/circulars/aug-2021/guidelines-on-issuance-of-non-convertible-debt-instruments-along-with-warrants-ncds-with-warrants-in-terms-of-chapter-vi-qualified-institutions-placement-of-sebi-issue-of-capital-and-disclosure-_51827.html,https://www.sebi.gov.in/sebi_data/attachdocs/aug-2021/1628833005475.pdf,data\full_dataset\sebi\circulars\pdf\Guidelines_on_issuance_of_non-convertible_debt_instruments_along_with_warrants__NCDs_with_Warrants__in_terms_of_Chapter_VI___Qualified_Institutions_Pl__d77cd876.pdf
"Aug 10, 2021","Operational Circular for issue and listing of Non-Convertible Securities (NCS), Securitised Debt Instruments (SDI), Security Receipts (SR), Municipal Debt Securities and Commercial Paper (CP)",https://www.sebi.gov.in/legal/circulars/aug-2021/operational-circular-for-issue-and-listing-of-non-convertible-securities-ncs-securitised-debt-instruments-sdi-security-receipts-sr-municipal-debt-securities-and-commercial-paper-cp-_51761.html,https://www.sebi.gov.in/sebi_data/attachdocs/dec-2022/1671533444767.pdf,data\full_dataset\sebi\circulars\pdf\Operational_Circular_for_issue_and_listing_of_Non-Convertible_Securities__NCS__Securitised_Debt_Instruments__SDI__Security_Receipts__SR__Municipal_Deb__a785d086.pdf
"Aug 09, 2021",Calendar Spread margin benefit in commodity futures contracts,https://www.sebi.gov.in/legal/circulars/aug-2021/calendar-spread-margin-benefit-in-commodity-futures-contracts_51737.html,,data\full_dataset\sebi\circulars\html_fallback\Calendar_Spread_margin_benefit_in_commodity_futures_contracts.txt
"Aug 04, 2021",Maintenance of Current Accounts in multiple banks by Mutual Funds,https://www.sebi.gov.in/legal/circulars/aug-2021/maintenance-of-current-accounts-in-multiple-banks-by-mutual-funds_51630.html,,data\full_dataset\sebi\circulars\html_fallback\Maintenance_of_Current_Accounts_in_multiple_banks_by_Mutual_Funds.txt
"Aug 04, 2021","Modification in Operational Guidelines for FPIs and DDPs pursuant to amendment in SEBI (Foreign Portfolio Investors) Regulations, 2019",https://www.sebi.gov.in/legal/circulars/aug-2021/modification-in-operational-guidelines-for-fpis-and-ddps-pursuant-to-amendment-in-sebi-foreign-portfolio-investors-regulations-2019_51628.html,,data\full_dataset\sebi\circulars\html_fallback\Modification_in_Operational_Guidelines_for_FPIs_and_DDPs_pursuant_to_amendment_in_SEBI__Foreign_Portfolio_Investors__Regulations__2019.txt
"Aug 03, 2021",Permitting non-scheduled Payments Banks to register as Bankers to an Issue,https://www.sebi.gov.in/legal/circulars/aug-2021/permitting-non-scheduled-payments-banks-to-register-as-bankers-to-an-issue_51595.html,,data\full_dataset\sebi\circulars\html_fallback\Permitting_non-scheduled_Payments_Banks_to_register_as_Bankers_to_an_Issue.txt
"Jul 30, 2021",Circular on Intra-day Net Asset Value (NAV) for transactions in units of Exchange Traded Funds directly with Asset Management Companies,https://www.sebi.gov.in/legal/circulars/jul-2021/circular-on-intra-day-net-asset-value-nav-for-transactions-in-units-of-exchange-traded-funds-directly-with-asset-management-companies_51520.html,,data\full_dataset\sebi\circulars\html_fallback\Circular_on_Intra-day_Net_Asset_Value__NAV__for_transactions_in_units_of_Exchange_Traded_Funds_directly_with_Asset_Management_Companies.txt
"Jul 30, 2021",Deployment of unclaimed redemption and dividend amounts and Instant Access Facility in Overnight Funds,https://www.sebi.gov.in/legal/circulars/jul-2021/deployment-of-unclaimed-redemption-and-dividend-amounts-and-instant-access-facility-in-overnight-funds_51513.html,,data\full_dataset\sebi\circulars\html_fallback\Deployment_of_unclaimed_redemption_and_dividend_amounts_and_Instant_Access_Facility_in_Overnight_Funds.txt
"Jul 30, 2021",Relaxation in timelines for compliance with regulatory requirements,https://www.sebi.gov.in/legal/circulars/jul-2021/relaxation-in-timelines-for-compliance-with-regulatory-requirements_51497.html,,data\full_dataset\sebi\circulars\html_fallback\Relaxation_in_timelines_for_compliance_with_regulatory_requirements.txt
"Jul 26, 2021",Circular on RTA inter-operable Platform for enhancing investors’ experience in Mutual Fund transactions /  service requests,https://www.sebi.gov.in/legal/circulars/jul-2021/circular-on-rta-inter-operable-platform-for-enhancing-investors-experience-in-mutual-fund-transactions-service-requests_51395.html,,data\full_dataset\sebi\circulars\html_fallback\Circular_on_RTA_inter-operable_Platform_for_enhancing_investors__experience_in_Mutual_Fund_transactions___service_requests.txt
"Jul 23, 2021",Circular on Timelines related to processing of scheme related applications filed by AMCs,https://www.sebi.gov.in/legal/circulars/jul-2021/circular-on-timelines-related-to-processing-of-scheme-related-applications-filed-by-amcs_51326.html,,data\full_dataset\sebi\circulars\html_fallback\Circular_on_Timelines_related_to_processing_of_scheme_related_applications_filed_by_AMCs.txt
"Jul 23, 2021",Nomination for Eligible Trading and Demat Accounts,https://www.sebi.gov.in/legal/circulars/jul-2021/nomination-for-eligible-trading-and-demat-accounts_51313.html,,data\full_dataset\sebi\circulars\html_fallback\Nomination_for_Eligible_Trading_and_Demat_Accounts.txt
"Jul 20, 2021",Relaxation in timelines for compliance with regulatory requirements by Debenture Trustees due to Covid-19,https://www.sebi.gov.in/legal/circulars/jul-2021/relaxation-in-timelines-for-compliance-with-regulatory-requirements-by-debenture-trustees-due-to-covid-19_51268.html,,data\full_dataset\sebi\circulars\html_fallback\Relaxation_in_timelines_for_compliance_with_regulatory_requirements_by_Debenture_Trustees_due_to_Covid-19.txt
"Jul 20, 2021",Segregation and Monitoring of Collateral at Client Level,https://www.sebi.gov.in/legal/circulars/jul-2021/segregation-and-monitoring-of-collateral-at-client-level_51265.html,,data\full_dataset\sebi\circulars\html_fallback\Segregation_and_Monitoring_of_Collateral_at_Client_Level.txt
"Jul 16, 2021",Block Mechanism in demat account of clients undertaking sale transactions,https://www.sebi.gov.in/legal/circulars/jul-2021/block-mechanism-in-demat-account-of-clients-undertaking-sale-transactions_51170.html,,data\full_dataset\sebi\circulars\html_fallback\Block_Mechanism_in_demat_account_of_clients_undertaking_sale_transactions.txt
"Jul 09, 2021",Valuation of securities with multiple put options present ab-initio,https://www.sebi.gov.in/legal/circulars/jul-2021/valuation-of-securities-with-multiple-put-options-present-ab-initio_50979.html,,data\full_dataset\sebi\circulars\html_fallback\Valuation_of_securities_with_multiple_put_options_present_ab-initio.txt
"Jul 08, 2021",Review of Advance Intimation timelines for modifications in the contract specifications of commodity derivative contracts,https://www.sebi.gov.in/legal/circulars/jul-2021/review-of-advance-intimation-timelines-for-modifications-in-the-contract-specifications-of-commodity-derivative-contracts_50958.html,,data\full_dataset\sebi\circulars\html_fallback\Review_of_Advance_Intimation_timelines_for_modifications_in_the_contract_specifications_of_commodity_derivative_contracts.txt
"Jul 06, 2021",Standard Operating Procedure for listed subsidiary company desirous of getting delisted through a Scheme of Arrangement wherein the listed parent holding company and the listed subsidiary are in the same line of business,https://www.sebi.gov.in/legal/circulars/jul-2021/standard-operating-procedure-for-listed-subsidiary-company-desirous-of-getting-delisted-through-a-scheme-of-arrangement-wherein-the-listed-parent-holding-company-and-the-listed-subsidiary-are-in-the-s-_50926.html,https://www.sebi.gov.in/sebi_data/attachdocs/jul-2021/1625569323952.pdf,data\full_dataset\sebi\circulars\pdf\Standard_Operating_Procedure_for_listed_subsidiary_company_desirous_of_getting_delisted_through_a_Scheme_of_Arrangement_wherein_the_listed_parent_hold__e2fdab1a.pdf
"Jul 05, 2021",Standard Operating Procedure for handling of technical glitches by Market Infrastructure Institutions (MIIs) and payment of “Financial Disincentives” thereof,https://www.sebi.gov.in/legal/circulars/jul-2021/standard-operating-procedure-for-handling-of-technical-glitches-by-market-infrastructure-institutions-miis-and-payment-of-financial-disincentives-thereof_50903.html,,data\full_dataset\sebi\circulars\html_fallback\Standard_Operating_Procedure_for_handling_of_technical_glitches_by_Market_Infrastructure_Institutions__MIIs__and_payment_of__Financial_Disincentives__.txt
"Jul 05, 2021",Issue of No Objection Certificate for release of 1% of Issue amount,https://www.sebi.gov.in/legal/circulars/jul-2021/issue-of-no-objection-certificate-for-release-of-1-of-issue-amount_50898.html,,data\full_dataset\sebi\circulars\html_fallback\Issue_of_No_Objection_Certificate_for_release_of_1__of_Issue_amount.txt
"Jun 30, 2021",Relaxation in timelines for compliance with regulatory requirements,https://www.sebi.gov.in/legal/circulars/jun-2021/relaxation-in-timelines-for-compliance-with-regulatory-requirements_50801.html,,data\full_dataset\sebi\circulars\html_fallback\Relaxation_in_timelines_for_compliance_with_regulatory_requirements.txt
"Jun 29, 2021",Cross Margin in Commodity Index Futures and its underlying constituent futures or its variants,https://www.sebi.gov.in/legal/circulars/jun-2021/cross-margin-in-commodity-index-futures-and-its-underlying-constituent-futures-or-its-variants_50740.html,,data\full_dataset\sebi\circulars\html_fallback\Cross_Margin_in_Commodity_Index_Futures_and_its_underlying_constituent_futures_or_its_variants.txt
"Jun 25, 2021","Circular on Amendment to SEBI (Alternative Investment Funds) Regulations, 2012",https://www.sebi.gov.in/legal/circulars/jun-2021/circular-on-amendment-to-sebi-alternative-investment-funds-regulations-2012_50694.html,,data\full_dataset\sebi\circulars\html_fallback\Circular_on_Amendment_to_SEBI__Alternative_Investment_Funds__Regulations__2012.txt
"Jun 25, 2021",Alignment of interest of Key Employees of Asset Management Companies (AMCs) with the Unitholders of the Mutual Fund Schemes,https://www.sebi.gov.in/legal/circulars/jun-2021/alignment-of-interest-of-key-employees-of-asset-management-companies-amcs-with-the-unitholders-of-the-mutual-fund-schemes_50693.html,,data\full_dataset\sebi\circulars\html_fallback\Alignment_of_interest_of_Key_Employees_of_Asset_Management_Companies__AMCs__with_the_Unitholders_of_the_Mutual_Fund_Schemes.txt
"Jun 25, 2021",Circular on Prudential norms for liquidity risk management for open ended debt schemes,https://www.sebi.gov.in/legal/circulars/jun-2021/circular-on-prudential-norms-for-liquidity-risk-management-for-open-ended-debt-schemes_50692.html,,data\full_dataset\sebi\circulars\html_fallback\Circular_on_Prudential_norms_for_liquidity_risk_management_for_open_ended_debt_schemes.txt
"Jun 18, 2021",Norms for investment and diclosure by Mutual Funds in Derivatives,https://www.sebi.gov.in/legal/circulars/jun-2021/norms-for-investment-and-diclosure-by-mutual-funds-in-derivatives_50612.html,,data\full_dataset\sebi\circulars\html_fallback\Norms_for_investment_and_diclosure_by_Mutual_Funds_in_Derivatives.txt
"Jun 18, 2021","Framework for administration and supervision of Investment Advisers under the SEBI (Investment Advisers) Regulations, 2013",https://www.sebi.gov.in/legal/circulars/jun-2021/framework-for-administration-and-supervision-of-investment-advisers-under-the-sebi-investment-advisers-regulations-2013_50605.html,,data\full_dataset\sebi\circulars\html_fallback\Framework_for_administration_and_supervision_of_Investment_Advisers_under_the_SEBI__Investment_Advisers__Regulations__2013.txt
"Jun 16, 2021",Settlement of Running Account of Client’s Funds lying with Trading Member (TM),https://www.sebi.gov.in/legal/circulars/jun-2021/settlement-of-running-account-of-client-s-funds-lying-with-trading-member-tm-_50570.html,,data\full_dataset\sebi\circulars\html_fallback\Settlement_of_Running_Account_of_Client_s_Funds_lying_with_Trading_Member__TM_.txt
"Jun 15, 2021","Relaxation from the requirement of minimum vesting period in case of death of employee(s) under SEBI (Share Based Employee Benefit) Regulations, 2014",https://www.sebi.gov.in/legal/circulars/jun-2021/relaxation-from-the-requirement-of-minimum-vesting-period-in-case-of-death-of-employee-s-under-sebi-share-based-employee-benefit-regulations-2014_50545.html,,data\full_dataset\sebi\circulars\html_fallback\Relaxation_from_the_requirement_of_minimum_vesting_period_in_case_of_death_of_employee_s__under_SEBI__Share_Based_Employee_Benefit__Regulations__2014.txt
"Jun 14, 2021",Revised Framework for Regulatory Sandbox,https://www.sebi.gov.in/legal/circulars/jun-2021/revised-framework-for-regulatory-sandbox_50521.html,,data\full_dataset\sebi\circulars\html_fallback\Revised_Framework_for_Regulatory_Sandbox.txt
"Jun 07, 2021",Circular on Potential Risk Class Matrix for debt schemes based on Interest Rate Risk and Credit Risk,https://www.sebi.gov.in/legal/circulars/jun-2021/circular-on-potential-risk-class-matrix-for-debt-schemes-based-on-interest-rate-risk-and-credit-risk_50440.html,,data\full_dataset\sebi\circulars\html_fallback\Circular_on_Potential_Risk_Class_Matrix_for_debt_schemes_based_on_Interest_Rate_Risk_and_Credit_Risk.txt
"Jun 04, 2021",Centralized Database for Corporate Bonds/ Debentures,https://www.sebi.gov.in/legal/circulars/jun-2021/centralized-database-for-corporate-bonds-debentures_50421.html,https://www.sebi.gov.in/sebi_data/attachdocs/aug-2022/1659349349614.pdf,data\full_dataset\sebi\circulars\pdf\Centralized_Database_for_Corporate_Bonds__Debentures__37d5d26b.pdf
"Jun 03, 2021",Circular on Enhancement of Overseas Investment Limits,https://www.sebi.gov.in/legal/circulars/jun-2021/circular-on-enhancement-of-overseas-investment-limits_50415.html,,data\full_dataset\sebi\circulars\html_fallback\Circular_on_Enhancement_of_Overseas_Investment_Limits.txt
"Jun 02, 2021",Streamlining the process of IPOs with UPI in ASBA and redressal of investors grievances,https://www.sebi.gov.in/legal/circulars/jun-2021/streamlining-the-process-of-ipos-with-upi-in-asba-and-redressal-of-investors-grievances_50401.html,,data\full_dataset\sebi\circulars\html_fallback\Streamlining_the_process_of_IPOs_with_UPI_in_ASBA_and_redressal_of_investors_grievances.txt
"Jun 01, 2021",'Off-market’ transfer of securities by FPI,https://www.sebi.gov.in/legal/circulars/jun-2021/-off-market-transfer-of-securities-by-fpi_50380.html,,data\full_dataset\sebi\circulars\html_fallback\_Off-market__transfer_of_securities_by_FPI.txt
"May 31, 2021",Circular on Relaxation in compliance with requirements pertaining to AIFs and VCFs.,https://www.sebi.gov.in/legal/circulars/may-2021/circular-on-relaxation-in-compliance-with-requirements-pertaining-to-aifs-and-vcfs-_50361.html,,data\full_dataset\sebi\circulars\html_fallback\Circular_on_Relaxation_in_compliance_with_requirements_pertaining_to_AIFs_and_VCFs.txt
"May 31, 2021",Disclosure of the following only w.r.t schemes which are subscribed by the investor: a. risk-o-meter of the scheme and the benchmark along with the performance disclosure of the scheme vis-a-vis benchmark and b. Details of the portfolio,https://www.sebi.gov.in/legal/circulars/may-2021/disclosure-of-the-following-only-w-r-t-schemes-which-are-subscribed-by-the-investor-a-risk-o-meter-of-the-scheme-and-the-benchmark-along-with-the-performance-disclosure-of-the-scheme-vis-a-vis-bench-_50344.html,https://www.sebi.gov.in/sebi_data/attachdocs/may-2021/1622463450251.pdf,data\full_dataset\sebi\circulars\pdf\Disclosure_of_the_following_only_w.r.t_schemes_which_are_subscribed_by_the_investor__a._risk-o-meter_of_the_scheme_and_the_benchmark_along_with_the_pe__4a558d30.pdf
"May 21, 2021",Enhancement of overall limit for overseas investment by Alternative Investment Funds (AIFs)/Venture Capital Funds (VCFs),https://www.sebi.gov.in/legal/circulars/may-2021/enhancement-of-overall-limit-for-overseas-investment-by-alternative-investment-funds-aifs-venture-capital-funds-vcfs-_50219.html,,data\full_dataset\sebi\circulars\html_fallback\Enhancement_of_overall_limit_for_overseas_investment_by_Alternative_Investment_Funds__AIFs_Venture_Capital_Funds__VCFs_.txt
"May 12, 2021",Procedure for seeking prior approval for change in control of SEBI registered Portfolio Managers,https://www.sebi.gov.in/legal/circulars/may-2021/procedure-for-seeking-prior-approval-for-change-in-control-of-sebi-registered-portfolio-managers_50116.html,,data\full_dataset\sebi\circulars\html_fallback\Procedure_for_seeking_prior_approval_for_change_in_control_of_SEBI_registered_Portfolio_Managers.txt
"May 03, 2021",Relaxation in timelines for compliance with regulatory requirements by Debenture Trustees due to the CoVID-19 pandemic,https://www.sebi.gov.in/legal/circulars/may-2021/relaxation-in-timelines-for-compliance-with-regulatory-requirements-by-debenture-trustees-due-to-the-covid-19-pandemic_50042.html,,data\full_dataset\sebi\circulars\html_fallback\Relaxation_in_timelines_for_compliance_with_regulatory_requirements_by_Debenture_Trustees_due_to_the_CoVID-19_pandemic.txt
"Apr 30, 2021",Timelines for updation of Scheme Information Document (SID) and Key Information Memorandum (KIM),https://www.sebi.gov.in/legal/circulars/apr-2021/timelines-for-updation-of-scheme-information-document-sid-and-key-information-memorandum-kim-_50020.html,,data\full_dataset\sebi\circulars\html_fallback\Timelines_for_updation_of_Scheme_Information_Document__SID__and_Key_Information_Memorandum__KIM_.txt
"Apr 29, 2021",Relaxation in timelines for compliance with regulatory requirements,https://www.sebi.gov.in/legal/circulars/apr-2021/relaxation-in-timelines-for-compliance-with-regulatory-requirements_50007.html,,data\full_dataset\sebi\circulars\html_fallback\Relaxation_in_timelines_for_compliance_with_regulatory_requirements.txt
"Apr 29, 2021","Addendum to SEBI Circular on “Relaxation in adherence to prescribed timelines issued by SEBI due to Covid 19” dated April 13, 2020",https://www.sebi.gov.in/legal/circulars/apr-2021/addendum-to-sebi-circular-on-relaxation-in-adherence-to-prescribed-timelines-issued-by-sebi-due-to-covid-19-dated-april-13-2020_50006.html,,data\full_dataset\sebi\circulars\html_fallback\Addendum_to_SEBI_Circular_on__Relaxation_in_adherence_to_prescribed_timelines_issued_by_SEBI_due_to_Covid_19__dated_April_13__2020.txt
"Apr 29, 2021","Relaxation from compliance with certain provisions of the SEBI (Listing Obligations Disclosure Requirements) Regulations, 2015 / other applicable circulars due to the CoVID-19 pandemic",https://www.sebi.gov.in/legal/circulars/apr-2021/relaxation-from-compliance-with-certain-provisions-of-the-sebi-listing-obligations-disclosure-requirements-regulations-2015-other-applicable-circulars-due-to-the-covid-19-pandemic_50001.html,,data\full_dataset\sebi\circulars\html_fallback\Relaxation_from_compliance_with_certain_provisions_of_the_SEBI__Listing_Obligations_Disclosure_Requirements__Regulations__2015___other_applicable_circ.txt
"Apr 29, 2021",Disclosure of the following only w.r.t schemes which are subscribed by the investor:  (a) risk-o-meter of the scheme and the benchmark along with the performance disclosure of the scheme vis-à-vis benchmark and (b) Details of the portfolio,https://www.sebi.gov.in/legal/circulars/apr-2021/disclosure-of-the-following-only-w-r-t-schemes-which-are-subscribed-by-the-investor-a-risk-o-meter-of-the-scheme-and-the-benchmark-along-with-the-performance-disclosure-of-the-scheme-vis-vis-ben-_49992.html,https://www.sebi.gov.in/sebi_data/attachdocs/apr-2021/1619691350204.pdf,data\full_dataset\sebi\circulars\pdf\Disclosure_of_the_following_only_w.r.t_schemes_which_are_subscribed_by_the_investor___a__risk-o-meter_of_the_scheme_and_the_benchmark_along_with_the_p__2ee03b6b.pdf
"Apr 28, 2021",Alignment of interest of Key Employees of Asset Management Companies (AMCs) with the Unitholders of the Mutual Fund Schemes,https://www.sebi.gov.in/legal/circulars/apr-2021/alignment-of-interest-of-key-employees-of-asset-management-companies-amcs-with-the-unitholders-of-the-mutual-fund-schemes_49979.html,,data\full_dataset\sebi\circulars\html_fallback\Alignment_of_interest_of_Key_Employees_of_Asset_Management_Companies__AMCs__with_the_Unitholders_of_the_Mutual_Fund_Schemes.txt
"Apr 22, 2021",Relaxations relating to procedural matters –Issues and Listing,https://www.sebi.gov.in/legal/circulars/apr-2021/relaxations-relating-to-procedural-matters-issues-and-listing_49900.html,,data\full_dataset\sebi\circulars\html_fallback\Relaxations_relating_to_procedural_matters__Issues_and_Listing.txt
"Apr 16, 2021",Circular on Guidelines for warehousing norms for Agricultural and Agri-processed goods and non-agricultural goods (only base and industrial metals),https://www.sebi.gov.in/legal/circulars/apr-2021/circular-on-guidelines-for-warehousing-norms-for-agricultural-and-agri-processed-goods-and-non-agricultural-goods-only-base-and-industrial-metals-_49838.html,,data\full_dataset\sebi\circulars\html_fallback\Circular_on_Guidelines_for_warehousing_norms_for_Agricultural_and_Agri-processed_goods_and_non-agricultural_goods__only_base_and_industrial_metals_.txt
"Apr 12, 2021",Circular on Reporting Formats for Mutual Funds,https://www.sebi.gov.in/legal/circulars/apr-2021/circular-on-reporting-formats-for-mutual-funds_49813.html,,data\full_dataset\sebi\circulars\html_fallback\Circular_on_Reporting_Formats_for_Mutual_Funds.txt
"Apr 07, 2021",Circular on Regulatory Reporting by AIFs,https://www.sebi.gov.in/legal/circulars/apr-2021/circular-on-regulatory-reporting-by-aifs_49788.html,,data\full_dataset\sebi\circulars\html_fallback\Circular_on_Regulatory_Reporting_by_AIFs.txt
"Apr 06, 2021",Setting up of Limited Purpose Clearing Corporation (LPCC) by Asset Management Companies (AMCs) of Mutual Funds,https://www.sebi.gov.in/legal/circulars/apr-2021/setting-up-of-limited-purpose-clearing-corporation-lpcc-by-asset-management-companies-amcs-of-mutual-funds_49770.html,,data\full_dataset\sebi\circulars\html_fallback\Setting_up_of_Limited_Purpose_Clearing_Corporation__LPCC__by_Asset_Management_Companies__AMCs__of_Mutual_Funds.txt
"Mar 31, 2021",Reduction in unblocking/refund of application money,https://www.sebi.gov.in/legal/circulars/mar-2021/reduction-in-unblocking-refund-of-application-money_49722.html,,data\full_dataset\sebi\circulars\html_fallback\Reduction_in_unblocking_refund_of_application_money.txt
"Mar 30, 2021",Circular on Guidelines pertaining to Surrender of FPI Registration,https://www.sebi.gov.in/legal/circulars/mar-2021/circular-on-guidelines-pertaining-to-surrender-of-fpi-registration_49687.html,,data\full_dataset\sebi\circulars\html_fallback\Circular_on_Guidelines_pertaining_to_Surrender_of_FPI_Registration.txt
"Mar 26, 2021",Transfer of business by SEBI registered intermediaries to other legal entity,https://www.sebi.gov.in/legal/circulars/mar-2021/transfer-of-business-by-sebi-registered-intermediaries-to-other-legal-entity_49678.html,,data\full_dataset\sebi\circulars\html_fallback\Transfer_of_business_by_SEBI_registered_intermediaries_to_other_legal_entity.txt
"Mar 25, 2021",Prior Approval for Change in control: Transfer of shareholdings among immediate relatives and transmission of shareholdings and their effect on change in control,https://www.sebi.gov.in/legal/circulars/mar-2021/prior-approval-for-change-in-control-transfer-of-shareholdings-among-immediate-relatives-and-transmission-of-shareholdings-and-their-effect-on-change-in-control_49663.html,,data\full_dataset\sebi\circulars\html_fallback\Prior_Approval_for_Change_in_control__Transfer_of_shareholdings_among_immediate_relatives_and_transmission_of_shareholdings_and_their_effect_on_change.txt
"Mar 25, 2021","Combating Financing of Terrorism (CFT) under Unlawful Activities (Prevention) Act, 1967 – Directions to Stock Exchanges, Depositories and all registered intermediaries",https://www.sebi.gov.in/legal/circulars/mar-2021/combating-financing-of-terrorism-cft-under-unlawful-activities-prevention-act-1967-directions-to-stock-exchanges-depositories-and-all-registered-intermediaries_49645.html,,data\full_dataset\sebi\circulars\html_fallback\Combating_Financing_of_Terrorism__CFT__under_Unlawful_Activities__Prevention__Act__1967___Directions_to_Stock_Exchanges__Depositories_and_all_register.txt
"Mar 23, 2021",Review of Delivery Default Norms,https://www.sebi.gov.in/legal/circulars/mar-2021/review-of-delivery-default-norms_49610.html,,data\full_dataset\sebi\circulars\html_fallback\Review_of_Delivery_Default_Norms.txt
"Mar 22, 2021",Clarification on the valuation of bonds issued under Basel III framework,https://www.sebi.gov.in/legal/circulars/mar-2021/clarification-on-the-valuation-of-bonds-issued-under-basel-iii-framework_49604.html,,data\full_dataset\sebi\circulars\html_fallback\Clarification_on_the_valuation_of_bonds_issued_under_Basel_III_framework.txt
"Mar 22, 2021",Guidelines for Business Continuity Plan (BCP) and Disaster Recovery (DR) of Market Infrastructure Institutions (MIIs),https://www.sebi.gov.in/legal/circulars/mar-2021/guidelines-for-business-continuity-plan-bcp-and-disaster-recovery-dr-of-market-infrastructure-institutions-miis-_49601.html,,data\full_dataset\sebi\circulars\html_fallback\Guidelines_for_Business_Continuity_Plan__BCP__and_Disaster_Recovery__DR__of_Market_Infrastructure_Institutions__MIIs_.txt
"Mar 16, 2021",Streamlining the process of IPOs with UPI in ASBA and redressal of investors grievances,https://www.sebi.gov.in/legal/circulars/mar-2021/streamlining-the-process-of-ipos-with-upi-in-asba-and-redressal-of-investors-grievances_49522.html,,data\full_dataset\sebi\circulars\html_fallback\Streamlining_the_process_of_IPOs_with_UPI_in_ASBA_and_redressal_of_investors_grievances.txt
"Mar 10, 2021","Review of norms regarding investment in debt instruments with special features, and the valuation of perpetual bonds",https://www.sebi.gov.in/legal/circulars/mar-2021/review-of-norms-regarding-investment-in-debt-instruments-with-special-features-and-the-valuation-of-perpetual-bonds_49463.html,,data\full_dataset\sebi\circulars\html_fallback\Review_of_norms_regarding_investment_in_debt_instruments_with_special_features__and_the_valuation_of_perpetual_bonds.txt
"Mar 10, 2021",Rollout of Legal Entity Template,https://www.sebi.gov.in/legal/circulars/mar-2021/rollout-of-legal-entity-template_49461.html,,data\full_dataset\sebi\circulars\html_fallback\Rollout_of_Legal_Entity_Template.txt
"Mar 08, 2021","Amendments to provisions in SEBI Circular dated September 16, 2016 on Unique Client Code (UCC) and mandatory requirement of Permanent Account Number (PAN)",https://www.sebi.gov.in/legal/circulars/mar-2021/amendments-to-provisions-in-sebi-circular-dated-september-16-2016-on-unique-client-code-ucc-and-mandatory-requirement-of-permanent-account-number-pan-_49417.html,,data\full_dataset\sebi\circulars\html_fallback\Amendments_to_provisions_in_SEBI_Circular_dated_September_16__2016_on_Unique_Client_Code__UCC__and_mandatory_requirement_of_Permanent_Account_Number__.txt
"Mar 05, 2021",Circular on Guidelines for votes cast by Mutual Funds,https://www.sebi.gov.in/legal/circulars/mar-2021/circular-on-guidelines-for-votes-cast-by-mutual-funds_49405.html,,data\full_dataset\sebi\circulars\html_fallback\Circular_on_Guidelines_for_votes_cast_by_Mutual_Funds.txt
"Mar 04, 2021",Circular on Mutual Funds,https://www.sebi.gov.in/legal/circulars/mar-2021/circular-on-mutual-funds_49393.html,,data\full_dataset\sebi\circulars\html_fallback\Circular_on_Mutual_Funds.txt
"Mar 03, 2021",Code of Conduct & Institutional mechanism for prevention of Fraud or Market Abuse,https://www.sebi.gov.in/legal/circulars/mar-2021/code-of-conduct-and-institutional-mechanism-for-prevention-of-fraud-or-market-abuse_49374.html,,data\full_dataset\sebi\circulars\html_fallback\Code_of_Conduct___Institutional_mechanism_for_prevention_of_Fraud_or_Market_Abuse.txt
"Feb 23, 2021",Pre-Expiry Margin on commodities under Alternate Risk Management Framework,https://www.sebi.gov.in/legal/circulars/feb-2021/pre-expiry-margin-on-commodities-under-alternate-risk-management-framework_49229.html,,data\full_dataset\sebi\circulars\html_fallback\Pre-Expiry_Margin_on_commodities_under_Alternate_Risk_Management_Framework.txt
"Feb 02, 2021",Revised Framework for Innovation Sandbox,https://www.sebi.gov.in/legal/circulars/feb-2021/revised-framework-for-innovation-sandbox_48983.html,,data\full_dataset\sebi\circulars\html_fallback\Revised_Framework_for_Innovation_Sandbox.txt
"Feb 02, 2021",Setting up of Limited Purpose Clearing Corporation (LPCC) by Asset Management Companies (AMCs) of Mutual Funds,https://www.sebi.gov.in/legal/circulars/feb-2021/setting-up-of-limited-purpose-clearing-corporation-lpcc-by-asset-management-companies-amcs-of-mutual-funds_48982.html,,data\full_dataset\sebi\circulars\html_fallback\Setting_up_of_Limited_Purpose_Clearing_Corporation__LPCC__by_Asset_Management_Companies__AMCs__of_Mutual_Funds.txt
"Jan 29, 2021",Circular on Revision of Monthly Cumulative Report,https://www.sebi.gov.in/legal/circulars/jan-2021/circular-on-revision-of-monthly-cumulative-report_48927.html,,data\full_dataset\sebi\circulars\html_fallback\Circular_on_Revision_of_Monthly_Cumulative_Report.txt
"Jan 19, 2021",Relaxations relating to procedural matters – Issues and Listing,https://www.sebi.gov.in/legal/circulars/jan-2021/relaxations-relating-to-procedural-matters-issues-and-listing_48812.html,,data\full_dataset\sebi\circulars\html_fallback\Relaxations_relating_to_procedural_matters___Issues_and_Listing.txt
"Jan 15, 2021",Norms for investment and disclosure by Mutual Funds in Exchange Traded Commodity Derivatives (“ETCDs”),https://www.sebi.gov.in/legal/circulars/jan-2021/norms-for-investment-and-disclosure-by-mutual-funds-in-exchange-traded-commodity-derivatives-etcds-_48789.html,,data\full_dataset\sebi\circulars\html_fallback\Norms_for_investment_and_disclosure_by_Mutual_Funds_in_Exchange_Traded_Commodity_Derivatives__ETCDs_.txt
"Jan 11, 2021",Revision in Daily Price Limits (DPL) for Commodity Futures Contracts,https://www.sebi.gov.in/legal/circulars/jan-2021/revision-in-daily-price-limits-dpl-for-commodity-futures-contracts_48720.html,,data\full_dataset\sebi\circulars\html_fallback\Revision_in_Daily_Price_Limits__DPL__for_Commodity_Futures_Contracts.txt
"Jan 11, 2021",Review of Volatility Scan Range (VSR) for Option contracts in Commodity Derivatives Segment,https://www.sebi.gov.in/legal/circulars/jan-2021/review-of-volatility-scan-range-vsr-for-option-contracts-in-commodity-derivatives-segment_48717.html,,data\full_dataset\sebi\circulars\html_fallback\Review_of_Volatility_Scan_Range__VSR__for_Option_contracts_in_Commodity_Derivatives_Segment.txt
"Jan 08, 2021","Circular on Amendment to Regulation 20(6) of SEBI (AIF) Regulations, 2012",https://www.sebi.gov.in/legal/circulars/jan-2021/circular-on-amendment-to-regulation-20-6-of-sebi-aif-regulations-2012_48710.html,,data\full_dataset\sebi\circulars\html_fallback\Circular_on_Amendment_to_Regulation_20_6__of_SEBI__AIF__Regulations__2012.txt
"Jan 08, 2021",Monthly Reporting of Portfolio Managers,https://www.sebi.gov.in/legal/circulars/jan-2021/monthly-reporting-of-portfolio-managers_48705.html,,data\full_dataset\sebi\circulars\html_fallback\Monthly_Reporting_of_Portfolio_Managers.txt
"Jan 08, 2021",Transfer of excess contribution made by Stock Exchanges from Core SGF of one Clearing Corporation to the Core SGF of another Clearing Corporation,https://www.sebi.gov.in/legal/circulars/jan-2021/transfer-of-excess-contribution-made-by-stock-exchanges-from-core-sgf-of-one-clearing-corporation-to-the-core-sgf-of-another-clearing-corporation_48698.html,,data\full_dataset\sebi\circulars\html_fallback\Transfer_of_excess_contribution_made_by_Stock_Exchanges_from_Core_SGF_of_one_Clearing_Corporation_to_the_Core_SGF_of_another_Clearing_Corporation.txt
"Jan 06, 2021",Refund of Security Deposit,https://www.sebi.gov.in/legal/circulars/jan-2021/refund-of-security-deposit_48677.html,,data\full_dataset\sebi\circulars\html_fallback\Refund_of_Security_Deposit.txt
"Dec 31, 2020",Procedural Guidelines for Proxy Advisors,https://www.sebi.gov.in/legal/circulars/dec-2020/procedural-guidelines-for-proxy-advisors_48633.html,,data\full_dataset\sebi\circulars\html_fallback\Procedural_Guidelines_for_Proxy_Advisors.txt
"Dec 31, 2020",Circular on Mutual Funds,https://www.sebi.gov.in/legal/circulars/dec-2020/circular-on-mutual-funds_48630.html,,data\full_dataset\sebi\circulars\html_fallback\Circular_on_Mutual_Funds.txt
"Dec 31, 2020",Relaxation in timelines for compliance with regulatory requirements,https://www.sebi.gov.in/legal/circulars/dec-2020/relaxation-in-timelines-for-compliance-with-regulatory-requirements_48625.html,,data\full_dataset\sebi\circulars\html_fallback\Relaxation_in_timelines_for_compliance_with_regulatory_requirements.txt
"Dec 31, 2020",Creation of Security in issuance of listed debt securities and ‘due diligence’ by debenture trustee(s) - Extension of timeline for implementation,https://www.sebi.gov.in/legal/circulars/dec-2020/creation-of-security-in-issuance-of-listed-debt-securities-and-due-diligence-by-debenture-trustee-s-extension-of-timeline-for-implementation_48621.html,,data\full_dataset\sebi\circulars\html_fallback\Creation_of_Security_in_issuance_of_listed_debt_securities_and__due_diligence__by_debenture_trustee_s__-_Extension_of_timeline_for_implementation.txt
"Dec 21, 2020","Core Settlement Guarantee Fund, Default Waterfall and Stress Test for Limited Purpose Clearing Corporation (LPCC)",https://www.sebi.gov.in/legal/circulars/dec-2020/core-settlement-guarantee-fund-default-waterfall-and-stress-test-for-limited-purpose-clearing-corporation-lpcc-_48496.html,,data\full_dataset\sebi\circulars\html_fallback\Core_Settlement_Guarantee_Fund__Default_Waterfall_and_Stress_Test_for_Limited_Purpose_Clearing_Corporation__LPCC_.txt
"Dec 21, 2020",Review of inclusion of Historical Scenarios in Standardized Stress Testing in Commodity Derivatives Segment,https://www.sebi.gov.in/legal/circulars/dec-2020/review-of-inclusion-of-historical-scenarios-in-standardized-stress-testing-in-commodity-derivatives-segment_48494.html,,data\full_dataset\sebi\circulars\html_fallback\Review_of_inclusion_of_Historical_Scenarios_in_Standardized_Stress_Testing_in_Commodity_Derivatives_Segment.txt
"Dec 18, 2020",Framework for issue of Depository Receipts - Clarifications,https://www.sebi.gov.in/legal/circulars/dec-2020/framework-for-issue-of-depository-receipts-clarifications_48477.html,,data\full_dataset\sebi\circulars\html_fallback\Framework_for_issue_of_Depository_Receipts_-_Clarifications.txt
"Dec 08, 2020","Additional Payment Mechanism (i.e. ASBA, etc.) for Payment of Balance Money in Calls for partly paid specified securities issued by the listed entity",https://www.sebi.gov.in/legal/circulars/dec-2020/additional-payment-mechanism-i-e-asba-etc-for-payment-of-balance-money-in-calls-for-partly-paid-specified-securities-issued-by-the-listed-entity_48378.html,,data\full_dataset\sebi\circulars\html_fallback\Additional_Payment_Mechanism__i.e._ASBA__etc.__for_Payment_of_Balance_Money_in_Calls_for_partly_paid_specified_securities_issued_by_the_listed_entity.txt
"Dec 02, 2020",Operational guidelines for Transfer and Dematerialization of re-lodged physical shares,https://www.sebi.gov.in/legal/circulars/dec-2020/operational-guidelines-for-transfer-and-dematerialization-of-re-lodged-physical-shares_48336.html,,data\full_dataset\sebi\circulars\html_fallback\Operational_guidelines_for_Transfer_and_Dematerialization_of_re-lodged_physical_shares.txt
"Dec 01, 2020",Relaxation in timelines for compliance with regulatory requirements,https://www.sebi.gov.in/legal/circulars/dec-2020/relaxation-in-timelines-for-compliance-with-regulatory-requirements_48324.html,,data\full_dataset\sebi\circulars\html_fallback\Relaxation_in_timelines_for_compliance_with_regulatory_requirements.txt
"Nov 24, 2020",Testing of software used in or related to Trading and Risk Management,https://www.sebi.gov.in/legal/circulars/nov-2020/testing-of-software-used-in-or-related-to-trading-and-risk-management_48244.html,,data\full_dataset\sebi\circulars\html_fallback\Testing_of_software_used_in_or_related_to_Trading_and_Risk_Management.txt
"Nov 23, 2020","Introduction of Unified Payments Interface (UPI) mechanism and Application through Online interface and Streamlining the process of Public issues of securities under - SEBI (Issue and Listing of Debt Securities) Regulations, 2008 (ILDS Regulations), SEBI (Issue and Listing of Non-Convertible Redeemable Preference Shares) Regulations, 2013 (NCRPS Regulations), SEBI (Issue and Listing of Securitised Debt Instruments and Security Receipts) Regulations, 2008 (SDI Regulations) and SEBI (Issue and Listing of Municipal Debt Securities) Regulations, 2015 (ILDM Regulations)",https://www.sebi.gov.in/legal/circulars/nov-2020/introduction-of-unified-payments-interface-upi-mechanism-and-application-through-online-interface-and-streamlining-the-process-of-public-issues-of-securities-under-sebi-issue-and-listing-of-debt-_48235.html,https://www.sebi.gov.in/sebi_data/attachdocs/aug-2022/1659349556340.pdf,data\full_dataset\sebi\circulars\pdf\Introduction_of_Unified_Payments_Interface__UPI__mechanism_and_Application_through_Online_interface_and_Streamlining_the_process_of_Public_issues_of_s__a825378d.pdf
"Nov 13, 2020",Non-compliance with provisions related to continuous disclosures,https://www.sebi.gov.in/legal/circulars/nov-2020/non-compliance-with-provisions-related-to-continuous-disclosures_48171.html,,data\full_dataset\sebi\circulars\html_fallback\Non-compliance_with_provisions_related_to_continuous_disclosures.txt
"Nov 12, 2020",Monitoring and Disclosures by Debenture Trustee(s),https://www.sebi.gov.in/legal/circulars/nov-2020/monitoring-and-disclosures-by-debenture-trustee-s-_48159.html,,data\full_dataset\sebi\circulars\html_fallback\Monitoring_and_Disclosures_by_Debenture_Trustee_s_.txt
"Nov 06, 2020",Circular on Norms regarding holding of liquid assets in open ended debt schemes & stress testing of open ended debt schemes,https://www.sebi.gov.in/legal/circulars/nov-2020/circular-on-norms-regarding-holding-of-liquid-assets-in-open-ended-debt-schemes-and-stress-testing-of-open-ended-debt-schemes_48110.html,,data\full_dataset\sebi\circulars\html_fallback\Circular_on_Norms_regarding_holding_of_liquid_assets_in_open_ended_debt_schemes___stress_testing_of_open_ended_debt_schemes.txt
"Nov 06, 2020",Circular on Introduction of “Flexi Cap Fund” as a new category under Equity Schemes,https://www.sebi.gov.in/legal/circulars/nov-2020/circular-on-introduction-of-flexi-cap-fund-as-a-new-category-under-equity-schemes_48108.html,,data\full_dataset\sebi\circulars\html_fallback\Circular_on_Introduction_of__Flexi_Cap_Fund__as_a_new_category_under_Equity_Schemes.txt
"Nov 06, 2020","Outsourcing of activities, Business Continuity Plan and Disaster Recovery, and Cyber Security and Cyber Resilience framework - Limited Purpose Clearing Corporation",https://www.sebi.gov.in/legal/circulars/nov-2020/outsourcing-of-activities-business-continuity-plan-and-disaster-recovery-and-cyber-security-and-cyber-resilience-framework-limited-purpose-clearing-corporation_48106.html,,data\full_dataset\sebi\circulars\html_fallback\Outsourcing_of_activities__Business_Continuity_Plan_and_Disaster_Recovery__and_Cyber_Security_and_Cyber_Resilience_framework_-_Limited_Purpose_Clearin.txt
"Nov 06, 2020",Investor Grievance Redressal Mechanism,https://www.sebi.gov.in/legal/circulars/nov-2020/investor-grievance-redressal-mechanism_48105.html,,data\full_dataset\sebi\circulars\html_fallback\Investor_Grievance_Redressal_Mechanism.txt
"Nov 05, 2020",Circular on Enhancement of Overseas Investment limits for Mutual Funds,https://www.sebi.gov.in/legal/circulars/nov-2020/circular-on-enhancement-of-overseas-investment-limits-for-mutual-funds_48090.html,,data\full_dataset\sebi\circulars\html_fallback\Circular_on_Enhancement_of_Overseas_Investment_limits_for_Mutual_Funds.txt
"Nov 03, 2020",Advisory for Financial Sector Organizations regarding Software as a Service (SaaS) based solutions,https://www.sebi.gov.in/legal/circulars/nov-2020/advisory-for-financial-sector-organizations-regarding-software-as-a-service-saas-based-solutions_48081.html,,data\full_dataset\sebi\circulars\html_fallback\Advisory_for_Financial_Sector_Organizations_regarding_Software_as_a_Service__SaaS__based_solutions.txt
"Nov 03, 2020",Creation of Security in issuance of listed debt securities and ‘due diligence’ by debenture trustee(s),https://www.sebi.gov.in/legal/circulars/nov-2020/creation-of-security-in-issuance-of-listed-debt-securities-and-due-diligence-by-debenture-trustee-s-_48074.html,,data\full_dataset\sebi\circulars\html_fallback\Creation_of_Security_in_issuance_of_listed_debt_securities_and__due_diligence__by_debenture_trustee_s_.txt
"Nov 03, 2020","Schemes of Arrangement by Listed Entities and (ii) Relaxation under Sub-rule (7) of Rule 19 of the Securities Contracts (Regulation) Rules, 1957",https://www.sebi.gov.in/legal/circulars/nov-2020/schemes-of-arrangement-by-listed-entities-and-ii-relaxation-under-sub-rule-7-of-rule-19-of-the-securities-contracts-regulation-rules-1957_48064.html,,data\full_dataset\sebi\circulars\html_fallback\Schemes_of_Arrangement_by_Listed_Entities_and__ii__Relaxation_under_Sub-rule__7__of_Rule_19_of_the_Securities_Contracts__Regulation__Rules__1957.txt
"Oct 22, 2020",Processing of applications for registrations of AIFs and launch of schemes,https://www.sebi.gov.in/legal/circulars/oct-2020/processing-of-applications-for-registrations-of-aifs-and-launch-of-schemes_47956.html,,data\full_dataset\sebi\circulars\html_fallback\Processing_of_applications_for_registrations_of_AIFs_and_launch_of_schemes.txt
"Oct 22, 2020","Clarification on SEBI Circular SEBI/HO/OIAE/IGRD/CIR/P/2020/152 dated 13 August, 2020 on Investor grievances redressal mechanism – Handling of SCORES complaints by stock exchanges and Standard Operating Procedure for non-redressal of grievances by listed companies.",https://www.sebi.gov.in/legal/circulars/oct-2020/clarification-on-sebi-circular-sebi-ho-oiae-igrd-cir-p-2020-152-dated-13-august-2020-on-investor-grievances-redressal-mechanism-handling-of-scores-complaints-by-stock-exchanges-and-standard-operati-_47953.html,https://www.sebi.gov.in/sebi_data/attachdocs/oct-2020/1603365411790.pdf,data\full_dataset\sebi\circulars\pdf\Clarification_on_SEBI_Circular_SEBI_HO_OIAE_IGRD_CIR_P_2020_152_dated_13_August__2020_on_Investor_grievances_redressal_mechanism___Handling_of_SCORES___fcd23ab5.pdf
"Oct 22, 2020","Contribution by Issuers of listed or proposed to be listed debt securities towards creation of “Recovery Expense Fund""”",https://www.sebi.gov.in/legal/circulars/oct-2020/contribution-by-issuers-of-listed-or-proposed-to-be-listed-debt-securities-towards-creation-of-recovery-expense-fund-_47939.html,,data\full_dataset\sebi\circulars\html_fallback\Contribution_by_Issuers_of_listed_or_proposed_to_be_listed_debt_securities_towards_creation_of__Recovery_Expense_Fund_.txt
"Oct 19, 2020",Utilization of Fund Created out of the Regulatory Fee Forgone by SEBI – Additional Guidelines,https://www.sebi.gov.in/legal/circulars/oct-2020/utilization-of-fund-created-out-of-the-regulatory-fee-forgone-by-sebi-additional-guidelines_47897.html,,data\full_dataset\sebi\circulars\html_fallback\Utilization_of_Fund_Created_out_of_the_Regulatory_Fee_Forgone_by_SEBI___Additional_Guidelines.txt
"Oct 13, 2020",Standardisation of procedure to be followed by Debenture Trustee(s) in case of ‘Default’ by Issuers of listed debt securities,https://www.sebi.gov.in/legal/circulars/oct-2020/standardisation-of-procedure-to-be-followed-by-debenture-trustee-s-in-case-of-default-by-issuers-of-listed-debt-securities_47855.html,,data\full_dataset\sebi\circulars\html_fallback\Standardisation_of_procedure_to_be_followed_by_Debenture_Trustee_s__in_case_of__Default__by_Issuers_of_listed_debt_securities.txt
"Oct 08, 2020",Circular on Guidelines on Inter Scheme Transfers of Securities,https://www.sebi.gov.in/legal/circulars/oct-2020/circular-on-guidelines-on-inter-scheme-transfers-of-securities_47817.html,,data\full_dataset\sebi\circulars\html_fallback\Circular_on_Guidelines_on_Inter_Scheme_Transfers_of_Securities.txt
"Oct 06, 2020","Issuance, listing and trading of Perpetual Non-Cumulative Preference Shares (PNCPS) and Innovative Perpetual Debt Instruments (IPDIs)/ Perpetual Debt Instruments (PDIs) (commonly referred to as Additional Tier 1 (AT 1) instruments)",https://www.sebi.gov.in/legal/circulars/oct-2020/issuance-listing-and-trading-of-perpetual-non-cumulative-preference-shares-pncps-and-innovative-perpetual-debt-instruments-ipdis-perpetual-debt-instruments-pdis-commonly-referred-to-as-additi-_47805.html,https://www.sebi.gov.in/sebi_data/attachdocs/aug-2022/1659349729343.pdf,data\full_dataset\sebi\circulars\pdf\Issuance__listing_and_trading_of_Perpetual_Non-Cumulative_Preference_Shares__PNCPS__and_Innovative_Perpetual_Debt_Instruments__IPDIs__Perpetual_Debt_I__8408701d.pdf
"Oct 05, 2020",Circular on Product Labeling in Mutual Fund schemes – Risk-o-meter,https://www.sebi.gov.in/legal/circulars/oct-2020/circular-on-product-labeling-in-mutual-fund-schemes-risk-o-meter_47796.html,,data\full_dataset\sebi\circulars\html_fallback\Circular_on_Product_Labeling_in_Mutual_Fund_schemes___Risk-o-meter.txt
"Oct 05, 2020",Circular on Review of Dividend option(s) / Plan(s) in case of Mutual Fund Schemes,https://www.sebi.gov.in/legal/circulars/oct-2020/circular-on-review-of-dividend-option-s-plan-s-in-case-of-mutual-fund-schemes_47795.html,,data\full_dataset\sebi\circulars\html_fallback\Circular_on_Review_of_Dividend_option_s____Plan_s__in_case_of_Mutual_Fund_Schemes.txt
"Oct 05, 2020",Standardization of timeline for listing of securities issued on a private placement basis,https://www.sebi.gov.in/legal/circulars/oct-2020/standardization-of-timeline-for-listing-of-securities-issued-on-a-private-placement-basis_47790.html,https://www.sebi.gov.in/sebi_data/attachdocs/aug-2022/1659349924325.pdf,data\full_dataset\sebi\circulars\pdf\Standardization_of_timeline_for_listing_of_securities_issued_on_a_private_placement_basis__a3a4b920.pdf
"Oct 01, 2020",Standard Operating Procedure in the cases of Trading Member / Clearing Member leading to default - Extension of timeline for submission of the Undertaking cum Indemnity bond by the Trading members (TMs) / Clearing Members (CMs) for all the bank accounts.,https://www.sebi.gov.in/legal/circulars/oct-2020/standard-operating-procedure-in-the-cases-of-trading-member-clearing-member-leading-to-default-extension-of-timeline-for-submission-of-the-undertaking-cum-indemnity-bond-by-the-trading-members-tm-_47780.html,https://www.sebi.gov.in/sebi_data/attachdocs/oct-2020/1601559692021.pdf,data\full_dataset\sebi\circulars\pdf\Standard_Operating_Procedure_in_the_cases_of_Trading_Member___Clearing_Member_leading_to_default_-_Extension_of_timeline_for_submission_of_the_Underta__e9da739a.pdf
"Oct 01, 2020",Circular on Review of provisions regarding valuation of debt and money market instruments due to the COVID - 19 pandemic,https://www.sebi.gov.in/legal/circulars/oct-2020/circular-on-review-of-provisions-regarding-valuation-of-debt-and-money-market-instruments-due-to-the-covid-19-pandemic_47779.html,,data\full_dataset\sebi\circulars\html_fallback\Circular_on_Review_of_provisions_regarding_valuation_of_debt_and_money_market_instruments_due_to_the_COVID_-_19_pandemic.txt
"Oct 01, 2020",Relaxation in timelines for compliance with regulatory requirements,https://www.sebi.gov.in/legal/circulars/oct-2020/relaxation-in-timelines-for-compliance-with-regulatory-requirements_47778.html,,data\full_dataset\sebi\circulars\html_fallback\Relaxation_in_timelines_for_compliance_with_regulatory_requirements.txt
"Oct 01, 2020",Framework for monitoring of foreign holding in Depository Receipts,https://www.sebi.gov.in/legal/circulars/oct-2020/framework-for-monitoring-of-foreign-holding-in-depository-receipts_47777.html,,data\full_dataset\sebi\circulars\html_fallback\Framework_for_monitoring_of_foreign_holding_in_Depository_Receipts.txt
"Sep 29, 2020",Relaxation with respect to Validity of SEBI Observations and Revision in issue size,https://www.sebi.gov.in/legal/circulars/sep-2020/relaxation-with-respect-to-validity-of-sebi-observations-and-revision-in-issue-size_47719.html,,data\full_dataset\sebi\circulars\html_fallback\Relaxation_with_respect_to_Validity_of_SEBI_Observations_and_Revision_in_issue_size.txt
"Sep 28, 2020",Recovery of assets of defaulter member and recovery of funds from debit balance clients of defaulter member for meeting the obligations of clients / Stock Exchange / Clearing Corporation,https://www.sebi.gov.in/legal/circulars/sep-2020/recovery-of-assets-of-defaulter-member-and-recovery-of-funds-from-debit-balance-clients-of-defaulter-member-for-meeting-the-obligations-of-clients-stock-exchange-clearing-corporation_47695.html,https://www.sebi.gov.in/sebi_data/attachdocs/sep-2020/1601291862556.pdf,data\full_dataset\sebi\circulars\pdf\Recovery_of_assets_of_defaulter_member_and_recovery_of_funds_from_debit_balance_clients_of_defaulter_member_for_meeting_the_obligations_of_clients___S__9893e0fc.pdf
"Sep 28, 2020",Operating Guidelines for Investment Advisers in International Financial Services Centre (IFSC) – Amendments,https://www.sebi.gov.in/legal/circulars/sep-2020/operating-guidelines-for-investment-advisers-in-international-financial-services-centre-ifsc-amendments_47694.html,,data\full_dataset\sebi\circulars\html_fallback\Operating_Guidelines_for_Investment_Advisers_in_International_Financial_Services_Centre__IFSC____Amendments.txt
"Sep 23, 2020",Guidelines for Investment Advisers,https://www.sebi.gov.in/legal/circulars/sep-2020/guidelines-for-investment-advisers_47640.html,,data\full_dataset\sebi\circulars\html_fallback\Guidelines_for_Investment_Advisers.txt
"Sep 23, 2020","System-Driven Disclosures (SDD) under SEBI (SAST) Regulations, 2011",https://www.sebi.gov.in/legal/circulars/sep-2020/system-driven-disclosures-sdd-under-sebi-sast-regulations-2011_47632.html,,data\full_dataset\sebi\circulars\html_fallback\System-Driven_Disclosures__SDD__under_SEBI__SAST__Regulations__2011.txt
"Sep 23, 2020",Circular on Resources for Trustees of Mutual Funds,https://www.sebi.gov.in/legal/circulars/sep-2020/circular-on-resources-for-trustees-of-mutual-funds_47630.html,,data\full_dataset\sebi\circulars\html_fallback\Circular_on_Resources_for_Trustees_of_Mutual_Funds.txt
"Sep 21, 2020",Write-off of shares held by FPIs,https://www.sebi.gov.in/legal/circulars/sep-2020/write-off-of-shares-held-by-fpis_47608.html,,data\full_dataset\sebi\circulars\html_fallback\Write-off_of_shares_held_by_FPIs.txt
"Sep 21, 2020",Alternate Risk Management Framework Applicable in case of Near Zero and Negative Prices,https://www.sebi.gov.in/legal/circulars/sep-2020/alternate-risk-management-framework-applicable-in-case-of-near-zero-and-negative-prices_47602.html,,data\full_dataset\sebi\circulars\html_fallback\Alternate_Risk_Management_Framework_Applicable_in_case_of_Near_Zero_and_Negative_Prices.txt
"Sep 17, 2020",Circular on Mutual Funds,https://www.sebi.gov.in/legal/circulars/sep-2020/circular-on-mutual-funds_47574.html,,data\full_dataset\sebi\circulars\html_fallback\Circular_on_Mutual_Funds.txt
"Sep 16, 2020",Listing and trading of units of Infrastructure Investment Trusts (InvITs) and Real Estate Investment Trusts (REITs) on recognized stock exchanges in International Financial Services Centres (IFSC),https://www.sebi.gov.in/legal/circulars/sep-2020/listing-and-trading-of-units-of-infrastructure-investment-trusts-invits-and-real-estate-investment-trusts-reits-on-recognized-stock-exchanges-in-international-financial-services-centres-ifsc-_47569.html,https://www.sebi.gov.in/sebi_data/attachdocs/sep-2020/1600257560270.pdf,data\full_dataset\sebi\circulars\pdf\Listing_and_trading_of_units_of_Infrastructure_Investment_Trusts__InvITs__and_Real_Estate_Investment_Trusts__REITs__on_recognized_stock_exchanges_in_I__018e6735.pdf
"Sep 15, 2020",Collection and Reporting of Margins by Trading Member (TM) / Clearing Member (CM) in Cash Segment - Clarification,https://www.sebi.gov.in/legal/circulars/sep-2020/collection-and-reporting-of-margins-by-trading-member-tm-clearing-member-cm-in-cash-segment-clarification_47557.html,,data\full_dataset\sebi\circulars\html_fallback\Collection_and_Reporting_of_Margins_by_Trading_Member__TM____Clearing_Member__CM__in_Cash_Segment_-_Clarification.txt
"Sep 11, 2020",Circular on Asset Allocation of Multi Cap Funds,https://www.sebi.gov.in/legal/circulars/sep-2020/circular-on-asset-allocation-of-multi-cap-funds_47542.html,,data\full_dataset\sebi\circulars\html_fallback\Circular_on_Asset_Allocation_of_Multi_Cap_Funds.txt
"Sep 09, 2020",Operating Guidelines for Portfolio Managers in International Financial Services Centre,https://www.sebi.gov.in/legal/circulars/sep-2020/operating-guidelines-for-portfolio-managers-in-international-financial-services-centre_47522.html,,data\full_dataset\sebi\circulars\html_fallback\Operating_Guidelines_for_Portfolio_Managers_in_International_Financial_Services_Centre.txt
"Sep 08, 2020",Entities permitted to undertake e-KYC Aadhaar Authentication service of UIDAI in Securities Market – Addition of NSE to the list,https://www.sebi.gov.in/legal/circulars/sep-2020/entities-permitted-to-undertake-e-kyc-aadhaar-authentication-service-of-uidai-in-securities-market-addition-of-nse-to-the-list_47502.html,,data\full_dataset\sebi\circulars\html_fallback\Entities_permitted_to_undertake_e-KYC_Aadhaar_Authentication_service_of_UIDAI_in_Securities_Market___Addition_of_NSE_to_the_list.txt
"Sep 07, 2020",Re-lodgement of Transfer Requests of shares,https://www.sebi.gov.in/legal/circulars/sep-2020/re-lodgement-of-transfer-requests-of-shares_47500.html,,data\full_dataset\sebi\circulars\html_fallback\Re-lodgement_of_Transfer_Requests_of_shares.txt
"Sep 02, 2020",Review of provision regarding segregation of portfolio due to the COVID – 19 Pandemic,https://www.sebi.gov.in/legal/circulars/sep-2020/review-of-provision-regarding-segregation-of-portfolio-due-to-the-covid-19-pandemic_47477.html,,data\full_dataset\sebi\circulars\html_fallback\Review_of_provision_regarding_segregation_of_portfolio_due_to_the_COVID___19_Pandemic.txt
"Sep 02, 2020",Disclosures on Margin obligations given by way of Pledge Re-pledge in the Depository System,https://www.sebi.gov.in/legal/circulars/sep-2020/disclosures-on-margin-obligations-given-by-way-of-pledge-re-pledge-in-the-depository-system_47476.html,,data\full_dataset\sebi\circulars\html_fallback\Disclosures_on_Margin_obligations_given_by_way_of_Pledge_Re-pledge_in_the_Depository_System.txt
"Sep 01, 2020",Review of debt and money market securities transactions disclosure,https://www.sebi.gov.in/legal/circulars/sep-2020/review-of-debt-and-money-market-securities-transactions-disclosure_47465.html,,data\full_dataset\sebi\circulars\html_fallback\Review_of_debt_and_money_market_securities_transactions_disclosure.txt
"Aug 31, 2020",Relaxation from default recognition due to restructuring of debt,https://www.sebi.gov.in/legal/circulars/aug-2020/relaxation-from-default-recognition-due-to-restructuring-of-debt_47447.html,,data\full_dataset\sebi\circulars\html_fallback\Relaxation_from_default_recognition_due_to_restructuring_of_debt.txt
"Aug 31, 2020",Temporary relaxation in processing of documents pertaining to FPIs due to COVID-19,https://www.sebi.gov.in/legal/circulars/aug-2020/temporary-relaxation-in-processing-of-documents-pertaining-to-fpis-due-to-covid-19_47446.html,,data\full_dataset\sebi\circulars\html_fallback\Temporary_relaxation_in_processing_of_documents_pertaining_to_FPIs_due_to_COVID-19.txt
"Aug 27, 2020",Execution of Power of Attorney (PoA) by the Client in favour of the Stock Broker / Stock Broker and Depository Participant,https://www.sebi.gov.in/legal/circulars/aug-2020/execution-of-power-of-attorney-poa-by-the-client-in-favour-of-the-stock-broker-stock-broker-and-depository-participant_47423.html,,data\full_dataset\sebi\circulars\html_fallback\Execution_of_Power_of_Attorney__PoA__by_the_Client_in_favour_of_the_Stock_Broker___Stock_Broker_and_Depository_Participant.txt
"Aug 27, 2020",Procedural Guidelines for Proxy Advisors’ - Extension of implementation timeline,https://www.sebi.gov.in/legal/circulars/aug-2020/procedural-guidelines-for-proxy-advisors-extension-of-implementation-timeline_47412.html,,data\full_dataset\sebi\circulars\html_fallback\Procedural_Guidelines_for_Proxy_Advisors__-_Extension_of_implementation_timeline.txt
"Aug 21, 2020","Securities and Exchange Board of India (International Financial Services Centres)  Guidelines, 2015 - Amendments",https://www.sebi.gov.in/legal/circulars/aug-2020/securities-and-exchange-board-of-india-international-financial-services-centres-guidelines-2015-amendments_47375.html,,data\full_dataset\sebi\circulars\html_fallback\Securities_and_Exchange_Board_of_India__International_Financial_Services_Centres__Guidelines__2015_-_Amendments.txt
"Aug 21, 2020","Securities and Exchange Board of India (International Financial Services Centres) Guidelines, 2015- Amendments",https://www.sebi.gov.in/legal/circulars/aug-2020/securities-and-exchange-board-of-india-international-financial-services-centres-guidelines-2015-amendments_47374.html,,data\full_dataset\sebi\circulars\html_fallback\Securities_and_Exchange_Board_of_India__International_Financial_Services_Centres__Guidelines__2015-_Amendments.txt
"Aug 18, 2020","Corrigendum to Master Circular for Depositories dated October 25, 2019 on preservation of records",https://www.sebi.gov.in/legal/circulars/aug-2020/corrigendum-to-master-circular-for-depositories-dated-october-25-2019-on-preservation-of-records_47344.html,,data\full_dataset\sebi\circulars\html_fallback\Corrigendum_to_Master_Circular_for_Depositories_dated_October_25__2019_on_preservation_of_records.txt
"Aug 13, 2020",Investor grievances redressal mechanism – Handling of SCORES complaints by stock exchanges and Standard Operating Procedure for non-redressal of grievances by listed companies,https://www.sebi.gov.in/legal/circulars/aug-2020/investor-grievances-redressal-mechanism-handling-of-scores-complaints-by-stock-exchanges-and-standard-operating-procedure-for-non-redressal-of-grievances-by-listed-companies_47325.html,,data\full_dataset\sebi\circulars\html_fallback\Investor_grievances_redressal_mechanism___Handling_of_SCORES_complaints_by_stock_exchanges_and_Standard_Operating_Procedure_for_non-redressal_of_griev.txt
"Aug 10, 2020",Resources for Trustees of Mutual Funds,https://www.sebi.gov.in/legal/circulars/aug-2020/resources-for-trustees-of-mutual-funds_47291.html,,data\full_dataset\sebi\circulars\html_fallback\Resources_for_Trustees_of_Mutual_Funds.txt
"Aug 07, 2020","SEBI (International Financial Services Centres) Guidelines, 2015 - Amendment",https://www.sebi.gov.in/legal/circulars/aug-2020/sebi-international-financial-services-centres-guidelines-2015-amendment_47281.html,,data\full_dataset\sebi\circulars\html_fallback\SEBI__International_Financial_Services_Centres__Guidelines__2015_-_Amendment.txt
"Aug 06, 2020",Administration and Supervision of Investment Advisers,https://www.sebi.gov.in/legal/circulars/aug-2020/administration-and-supervision-of-investment-advisers_47276.html,,data\full_dataset\sebi\circulars\html_fallback\Administration_and_Supervision_of_Investment_Advisers.txt
"Aug 03, 2020",Procedural Guidelines for Proxy Advisors,https://www.sebi.gov.in/legal/circulars/aug-2020/procedural-guidelines-for-proxy-advisors_47250.html,,data\full_dataset\sebi\circulars\html_fallback\Procedural_Guidelines_for_Proxy_Advisors.txt
"Jul 31, 2020",Collection and Reporting of Margins by Trading Member (TM) / Clearing Member (CM) in Cash Segment,https://www.sebi.gov.in/legal/circulars/jul-2020/collection-and-reporting-of-margins-by-trading-member-tm-clearing-member-cm-in-cash-segment_47220.html,,data\full_dataset\sebi\circulars\html_fallback\Collection_and_Reporting_of_Margins_by_Trading_Member__TM____Clearing_Member__CM__in_Cash_Segment.txt
"Jul 29, 2020",Implementation of SEBI circular on Margin obligations to be given by way of Pledge / Re-pledge in the Depository System,https://www.sebi.gov.in/legal/circulars/jul-2020/implementation-of-sebi-circular-on-margin-obligations-to-be-given-by-way-of-pledge-re-pledge-in-the-depository-system_47190.html,,data\full_dataset\sebi\circulars\html_fallback\Implementation_of_SEBI_circular_on_Margin_obligations_to_be_given_by_way_of_Pledge___Re-pledge_in_the_Depository_System.txt
"Jul 29, 2020",Relaxation in timelines for  compliance with regulatory requirements,https://www.sebi.gov.in/legal/circulars/jul-2020/relaxation-in-timelines-for-compliance-with-regulatory-requirements_47186.html,,data\full_dataset\sebi\circulars\html_fallback\Relaxation_in_timelines_for_compliance_with_regulatory_requirements.txt
"Jul 29, 2020",Relaxation in timelines for compliance with regulatory requirements,https://www.sebi.gov.in/legal/circulars/jul-2020/relaxation-in-timelines-for-compliance-with-regulatory-requirements_47185.html,,data\full_dataset\sebi\circulars\html_fallback\Relaxation_in_timelines_for_compliance_with_regulatory_requirements.txt
"Jul 27, 2020",Relaxations relating to procedural matters - Takeover and Buy-back,https://www.sebi.gov.in/legal/circulars/jul-2020/relaxations-relating-to-procedural-matters-takeover-and-buy-back_47152.html,,data\full_dataset\sebi\circulars\html_fallback\Relaxations_relating_to_procedural_matters_-_Takeover_and_Buy-back.txt
"Jul 24, 2020",Recording of all types of Encumbrances in Depository system,https://www.sebi.gov.in/legal/circulars/jul-2020/recording-of-all-types-of-encumbrances-in-depository-system_47140.html,,data\full_dataset\sebi\circulars\html_fallback\Recording_of_all_types_of_Encumbrances_in_Depository_system.txt
"Jul 24, 2020",Relaxations relating to procedural matters - Issues and Listing,https://www.sebi.gov.in/legal/circulars/jul-2020/relaxations-relating-to-procedural-matters-issues-and-listing_47135.html,,data\full_dataset\sebi\circulars\html_fallback\Relaxations_relating_to_procedural_matters_-_Issues_and_Listing.txt
"Jul 22, 2020",Circular on Transaction in Corporate Bonds/Commercial Papers through RFQ platform and enhancing transparency pertaining to debt schemes,https://www.sebi.gov.in/legal/circulars/jul-2020/circular-on-transaction-in-corporate-bonds-commercial-papers-through-rfq-platform-and-enhancing-transparency-pertaining-to-debt-schemes_47116.html,,data\full_dataset\sebi\circulars\html_fallback\Circular_on_Transaction_in_Corporate_Bonds_Commercial_Papers_through_RFQ_platform_and_enhancing_transparency_pertaining_to_debt_schemes.txt
"Jul 21, 2020",Review of Stress Testing Methodology for Positions with Early Pay-in,https://www.sebi.gov.in/legal/circulars/jul-2020/review-of-stress-testing-methodology-for-positions-with-early-pay-in_47103.html,,data\full_dataset\sebi\circulars\html_fallback\Review_of_Stress_Testing_Methodology_for_Positions_with_Early_Pay-in.txt
"Jul 20, 2020",Framework to Enable Verification of Upfront Collection of Margins from Clients in Cash and Derivatives segments,https://www.sebi.gov.in/legal/circulars/jul-2020/framework-to-enable-verification-of-upfront-collection-of-margins-from-clients-in-cash-and-derivatives-segments_47101.html,,data\full_dataset\sebi\circulars\html_fallback\Framework_to_Enable_Verification_of_Upfront_Collection_of_Margins_from_Clients_in_Cash_and_Derivatives_segments.txt
"Jul 20, 2020",Eligibility Criteria for Selection of Underlying Commodity Futures for Options on Commodity Futures,https://www.sebi.gov.in/legal/circulars/jul-2020/eligibility-criteria-for-selection-of-underlying-commodity-futures-for-options-on-commodity-futures_47100.html,,data\full_dataset\sebi\circulars\html_fallback\Eligibility_Criteria_for_Selection_of_Underlying_Commodity_Futures_for_Options_on_Commodity_Futures.txt
"Jul 15, 2020","Relaxation from compliance with provisions of the SEBI (Issue and Listing of Debt Securities) Regulations, 2008 (“ILDS Regulation”), SEBI (Non-Convertible Redeemable Preference Shares) Regulations, 2013 (“NCRPS Regulations”) and SEBI Circulars relating to Listing of Commercial Papers",https://www.sebi.gov.in/legal/circulars/jul-2020/relaxation-from-compliance-with-provisions-of-the-sebi-issue-and-listing-of-debt-securities-regulations-2008-ilds-regulation-sebi-non-convertible-redeemable-preference-shares-regulations-20-_47071.html,https://www.sebi.gov.in/sebi_data/attachdocs/jul-2020/1594812581769.pdf,data\full_dataset\sebi\circulars\pdf\Relaxation_from_compliance_with_provisions_of_the_SEBI__Issue_and_Listing_of_Debt_Securities__Regulations__2008__ILDS_Regulation__SEBI__Non-Convertibl__7cdb494d.pdf
"Jul 13, 2020",Guidelines for Issue and Listing of Structured Products/ Market Linked Debentures-Amendments,https://www.sebi.gov.in/legal/circulars/jul-2020/guidelines-for-issue-and-listing-of-structured-products-market-linked-debentures-amendments_47053.html,https://www.sebi.gov.in/sebi_data/attachdocs/aug-2022/1659350438826.pdf,data\full_dataset\sebi\circulars\pdf\Guidelines_for_Issue_and_Listing_of_Structured_Products__Market_Linked_Debentures-Amendments__228f16e1.pdf
"Jul 09, 2020","Securities and Exchange Board of India (International Financial Services Centres) Guidelines, 2015- Amendments",https://www.sebi.gov.in/legal/circulars/jul-2020/securities-and-exchange-board-of-india-international-financial-services-centres-guidelines-2015-amendments_47034.html,,data\full_dataset\sebi\circulars\html_fallback\Securities_and_Exchange_Board_of_India__International_Financial_Services_Centres__Guidelines__2015-_Amendments.txt
"Jul 07, 2020","Relaxation from compliance with certain provisions of the SEBI (Issue and Listing of Municipal Debt Securities) Regulations, 2015 (ILDM Regulations) and certain SEBI Circulars due to the CoVID -19 virus pandemic",https://www.sebi.gov.in/legal/circulars/jul-2020/relaxation-from-compliance-with-certain-provisions-of-the-sebi-issue-and-listing-of-municipal-debt-securities-regulations-2015-ildm-regulations-and-certain-sebi-circulars-due-to-the-covid-19-vir-_47015.html,https://www.sebi.gov.in/sebi_data/attachdocs/jul-2020/1594119964531.pdf,data\full_dataset\sebi\circulars\pdf\Relaxation_from_compliance_with_certain_provisions_of_the_SEBI__Issue_and_Listing_of_Municipal_Debt_Securities__Regulations__2015__ILDM_Regulations__a__2df85d13.pdf
"Jul 01, 2020",Standard Operating Procedure in the cases of Trading Member / Clearing Member leading to default,https://www.sebi.gov.in/legal/circulars/jul-2020/standard-operating-procedure-in-the-cases-of-trading-member-clearing-member-leading-to-default_46987.html,,data\full_dataset\sebi\circulars\html_fallback\Standard_Operating_Procedure_in_the_cases_of_Trading_Member___Clearing_Member_leading_to_default.txt
"Jun 30, 2020","Collection of stamp duty on issue, transfer and sale of units of AIFs",https://www.sebi.gov.in/legal/circulars/jun-2020/collection-of-stamp-duty-on-issue-transfer-and-sale-of-units-of-aifs_46983.html,,data\full_dataset\sebi\circulars\html_fallback\Collection_of_stamp_duty_on_issue__transfer_and_sale_of_units_of_AIFs.txt
"Jun 30, 2020",Relaxation in timelines for compliance with regulatory requirements,https://www.sebi.gov.in/legal/circulars/jun-2020/relaxation-in-timelines-for-compliance-with-regulatory-requirements_46967.html,,data\full_dataset\sebi\circulars\html_fallback\Relaxation_in_timelines_for_compliance_with_regulatory_requirements.txt
"Jun 29, 2020",Guidelines for Portfolio Managers - Extension of implementation timeline,https://www.sebi.gov.in/legal/circulars/jun-2020/guidelines-for-portfolio-managers-extension-of-implementation-timeline_46959.html,,data\full_dataset\sebi\circulars\html_fallback\Guidelines_for_Portfolio_Managers_-_Extension_of_implementation_timeline.txt
"Jun 24, 2020",Guidelines for Order-to-trade ratio (OTR) for Algorithmic Trading,https://www.sebi.gov.in/legal/circulars/jun-2020/guidelines-for-order-to-trade-ratio-otr-for-algorithmic-trading_46925.html,,data\full_dataset\sebi\circulars\html_fallback\Guidelines_for_Order-to-trade_ratio__OTR__for_Algorithmic_Trading.txt
"Jun 23, 2020",Temporary relaxation in processing of documents pertaining to FPIs due to COVID-19,https://www.sebi.gov.in/legal/circulars/jun-2020/temporary-relaxation-in-processing-of-documents-pertaining-to-fpis-due-to-covid-19_46915.html,,data\full_dataset\sebi\circulars\html_fallback\Temporary_relaxation_in_processing_of_documents_pertaining_to_FPIs_due_to_COVID-19.txt
"Jun 23, 2020","Operational framework for transactions in defaulted debt securities post maturity date/ redemption date under provisions of SEBI (Issue and Listing of Debt Securities) Regulations, 2008",https://www.sebi.gov.in/legal/circulars/jun-2020/operational-framework-for-transactions-in-defaulted-debt-securities-post-maturity-date-redemption-date-under-provisions-of-sebi-issue-and-listing-of-debt-securities-regulations-2008_46912.html,https://www.sebi.gov.in/sebi_data/attachdocs/aug-2022/1659350617621.pdf,data\full_dataset\sebi\circulars\pdf\Operational_framework_for_transactions_in_defaulted_debt_securities_post_maturity_date__redemption_date_under_provisions_of_SEBI__Issue_and_Listing_of__8a8cb5f5.pdf
"Jun 19, 2020",Relaxation in timelines for compliance with regulatory requirements,https://www.sebi.gov.in/legal/circulars/jun-2020/relaxation-in-timelines-for-compliance-with-regulatory-requirements_46899.html,,data\full_dataset\sebi\circulars\html_fallback\Relaxation_in_timelines_for_compliance_with_regulatory_requirements.txt
"Jun 12, 2020",Investment by the sponsor or asset management company in the scheme,https://www.sebi.gov.in/legal/circulars/jun-2020/investment-by-the-sponsor-or-asset-management-company-in-the-scheme_46848.html,,data\full_dataset\sebi\circulars\html_fallback\Investment_by_the_sponsor_or_asset_management_company_in_the_scheme.txt
"Jun 12, 2020","Clarifications with respect to Circular dated February 05, 2020 on ‘Disclosure Standards for Alternative Investment Funds (AIFs)",https://www.sebi.gov.in/legal/circulars/jun-2020/clarifications-with-respect-to-circular-dated-february-05-2020-on-disclosure-standards-for-alternative-investment-funds-aifs-_46847.html,,data\full_dataset\sebi\circulars\html_fallback\Clarifications_with_respect_to_Circular_dated_February_05__2020_on__Disclosure_Standards_for_Alternative_Investment_Funds__AIFs_.txt
"Jun 09, 2020","Relaxations from certain provisions of the SEBI (Issue of Capital and Disclosure Requirements) Regulations, 2018 in respect of Further Public Offer",https://www.sebi.gov.in/legal/circulars/jun-2020/relaxations-from-certain-provisions-of-the-sebi-issue-of-capital-and-disclosure-requirements-regulations-2018-in-respect-of-further-public-offer_46791.html,,data\full_dataset\sebi\circulars\html_fallback\Relaxations_from_certain_provisions_of_the_SEBI__Issue_of_Capital_and_Disclosure_Requirements__Regulations__2018_in_respect_of_Further_Public_Offer.txt
"Jun 08, 2020","Relaxation from compliance with certain provisions of the SEBI (Issue and Listing of Debt Securities) Regulations, 2008 and SEBI (Non-Convertible Redeemable Preference Shares) Regulations, 2013 and certain SEBI Circulars due to the COVID -19 virus pandemic",https://www.sebi.gov.in/legal/circulars/jun-2020/relaxation-from-compliance-with-certain-provisions-of-the-sebi-issue-and-listing-of-debt-securities-regulations-2008-and-sebi-non-convertible-redeemable-preference-shares-regulations-2013-and-ce-_46788.html,https://www.sebi.gov.in/sebi_data/attachdocs/jun-2020/1591612355628.pdf,data\full_dataset\sebi\circulars\pdf\Relaxation_from_compliance_with_certain_provisions_of_the_SEBI__Issue_and_Listing_of_Debt_Securities__Regulations__2008_and_SEBI__Non-Convertible_Rede__db6285c7.pdf
"Jun 05, 2020",Participation of Mutual Funds in Commodity Derivatives Market in India,https://www.sebi.gov.in/legal/circulars/jun-2020/participation-of-mutual-funds-in-commodity-derivatives-market-in-india_46782.html,,data\full_dataset\sebi\circulars\html_fallback\Participation_of_Mutual_Funds_in_Commodity_Derivatives_Market_in_India.txt
"Jun 05, 2020",Framework for Regulatory Sandbox,https://www.sebi.gov.in/legal/circulars/jun-2020/framework-for-regulatory-sandbox_46778.html,,data\full_dataset\sebi\circulars\html_fallback\Framework_for_Regulatory_Sandbox.txt
"Jun 04, 2020",Relaxation in compliance with requirements pertaining to AIFs and VCFs,https://www.sebi.gov.in/legal/circulars/jun-2020/relaxation-in-compliance-with-requirements-pertaining-to-aifs-and-vcfs_46771.html,,data\full_dataset\sebi\circulars\html_fallback\Relaxation_in_compliance_with_requirements_pertaining_to_AIFs_and_VCFs.txt
"May 29, 2020","Implementation of provision regarding Power of Attorney in circular dated February 25, 2020 – Extension",https://www.sebi.gov.in/legal/circulars/may-2020/implementation-of-provision-regarding-power-of-attorney-in-circular-dated-february-25-2020-extension_46739.html,,data\full_dataset\sebi\circulars\html_fallback\Implementation_of_provision_regarding_Power_of_Attorney_in_circular_dated_February_25__2020___Extension.txt
"May 26, 2020",Guidelines for identification and selection of location as a delivery centre(s) for commodity derivatives contract,https://www.sebi.gov.in/legal/circulars/may-2020/guidelines-for-identification-and-selection-of-location-as-a-delivery-centre-s-for-commodity-derivatives-contract_46709.html,,data\full_dataset\sebi\circulars\html_fallback\Guidelines_for_identification_and_selection_of_location_as_a_delivery_centre_s__for_commodity_derivatives_contract.txt
"May 25, 2020",Implementation of Circular on ‘Margin obligations to be given by way of Pledge / Re-pledge in the Depository System’ - Extension,https://www.sebi.gov.in/legal/circulars/may-2020/implementation-of-circular-on-margin-obligations-to-be-given-by-way-of-pledge-re-pledge-in-the-depository-system-extension_46705.html,,data\full_dataset\sebi\circulars\html_fallback\Implementation_of_Circular_on__Margin_obligations_to_be_given_by_way_of_Pledge___Re-pledge_in_the_Depository_System__-_Extension.txt
"May 20, 2020",Circular on Listing of Mutual Fund schemes that are in the process of winding up,https://www.sebi.gov.in/legal/circulars/may-2020/circular-on-listing-of-mutual-fund-schemes-that-are-in-the-process-of-winding-up_46689.html,,data\full_dataset\sebi\circulars\html_fallback\Circular_on_Listing_of_Mutual_Fund_schemes_that_are_in_the_process_of_winding_up.txt
"May 15, 2020",Relaxation in timelines for compliance with regulatory requirements,https://www.sebi.gov.in/legal/circulars/may-2020/relaxation-in-timelines-for-compliance-with-regulatory-requirements_46674.html,,data\full_dataset\sebi\circulars\html_fallback\Relaxation_in_timelines_for_compliance_with_regulatory_requirements.txt
"May 14, 2020",Relaxations relating to procedural matters – Takeovers and Buy-back,https://www.sebi.gov.in/legal/circulars/may-2020/relaxations-relating-to-procedural-matters-takeovers-and-buy-back_46672.html,,data\full_dataset\sebi\circulars\html_fallback\Relaxations_relating_to_procedural_matters___Takeovers_and_Buy-back.txt
"May 12, 2020",Entities permitted to undertake e-KYC Aadhaar Authentication service of UIDAI in Securities Market,https://www.sebi.gov.in/legal/circulars/may-2020/entities-permitted-to-undertake-e-kyc-aadhaar-authentication-service-of-uidai-in-securities-market_46665.html,,data\full_dataset\sebi\circulars\html_fallback\Entities_permitted_to_undertake_e-KYC_Aadhaar_Authentication_service_of_UIDAI_in_Securities_Market.txt
"May 06, 2020",Relaxations relating to procedural matters – Issues and Listing,https://www.sebi.gov.in/legal/circulars/may-2020/relaxations-relating-to-procedural-matters-issues-and-listing_46652.html,,data\full_dataset\sebi\circulars\html_fallback\Relaxations_relating_to_procedural_matters___Issues_and_Listing.txt
"May 03, 2020","SEBI Notification on COVID-19 dated May 03, 2020",https://www.sebi.gov.in/legal/circulars/may-2020/sebi-notification-on-covid-19-dated-may-03-2020_46636.html,,data\full_dataset\sebi\circulars\html_fallback\SEBI_Notification_on_COVID-19_dated_May_03__2020.txt
"Apr 30, 2020",Circular on relaxation in compliance with requirements pertaining to Mutual Funds,https://www.sebi.gov.in/legal/circulars/apr-2020/circular-on-relaxation-in-compliance-with-requirements-pertaining-to-mutual-funds_46624.html,,data\full_dataset\sebi\circulars\html_fallback\Circular_on_relaxation_in_compliance_with_requirements_pertaining_to_Mutual_Funds.txt
"Apr 28, 2020",Existing grandfathered unlisted NCDs,https://www.sebi.gov.in/legal/circulars/apr-2020/existing-grandfathered-unlisted-ncds_46593.html,,data\full_dataset\sebi\circulars\html_fallback\Existing_grandfathered_unlisted_NCDs.txt
"Apr 27, 2020",Extension of implementation date of Circular on ‘Review of Margin Framework for Cash and Derivatives segments (except for Commodity Derivatives Segment)’,https://www.sebi.gov.in/legal/circulars/apr-2020/extension-of-implementation-date-of-circular-on-review-of-margin-framework-for-cash-and-derivatives-segments-except-for-commodity-derivatives-segment-_46575.html,,data\full_dataset\sebi\circulars\html_fallback\Extension_of_implementation_date_of_Circular_on__Review_of_Margin_Framework_for_Cash_and_Derivatives_segments__except_for_Commodity_Derivatives_Segmen.txt
"Apr 24, 2020",Clarification on Know Your Client (KYC) Process and Use of Technology for KYC,https://www.sebi.gov.in/legal/circulars/apr-2020/clarification-on-know-your-client-kyc-process-and-use-of-technology-for-kyc_46565.html,,data\full_dataset\sebi\circulars\html_fallback\Clarification_on_Know_Your_Client__KYC__Process_and_Use_of_Technology_for_KYC.txt
"Apr 24, 2020",Relaxation in timelines for compliance with regulatory requirements by Depository and depository participants.,https://www.sebi.gov.in/legal/circulars/apr-2020/relaxation-in-timelines-for-compliance-with-regulatory-requirements-by-depository-and-depository-participants-_46557.html,,data\full_dataset\sebi\circulars\html_fallback\Relaxation_in_timelines_for_compliance_with_regulatory_requirements_by_Depository_and_depository_participants.txt
"Apr 23, 2020","Review of provisions of the circular dated September 24, 2019 issued under SEBI (Mutual Funds) Regulations, 1996 due to the COVID - 19 pandemic and moratorium permitted by RBI",https://www.sebi.gov.in/legal/circulars/apr-2020/review-of-provisions-of-the-circular-dated-september-24-2019-issued-under-sebi-mutual-funds-regulations-1996-due-to-the-covid-19-pandemic-and-moratorium-permitted-by-rbi_46549.html,,data\full_dataset\sebi\circulars\html_fallback\Review_of_provisions_of_the_circular_dated_September_24__2019_issued_under_SEBI__Mutual_Funds__Regulations__1996_due_to_the_COVID_-_19_pandemic_and_mo.txt
"Apr 23, 2020","Relaxation in Regulation 24(i)(f) of the SEBI (Buy-back of Securities) Regulations, 2018 due to the COVID 19 pandemic",https://www.sebi.gov.in/legal/circulars/apr-2020/relaxation-in-regulation-24-i-f-of-the-sebi-buy-back-of-securities-regulations-2018-due-to-the-covid-19-pandemic_46547.html,,data\full_dataset\sebi\circulars\html_fallback\Relaxation_in_Regulation_24_i_f__of_the_SEBI__Buy-back_of_Securities__Regulations__2018_due_to_the_COVID_19_pandemic.txt
"Apr 21, 2020",Relaxation in timelines for compliance with regulatory requirements by trading members / clearing members,https://www.sebi.gov.in/legal/circulars/apr-2020/relaxation-in-timelines-for-compliance-with-regulatory-requirements-by-trading-members-clearing-members_46539.html,,data\full_dataset\sebi\circulars\html_fallback\Relaxation_in_timelines_for_compliance_with_regulatory_requirements_by_trading_members___clearing_members.txt
"Apr 21, 2020","Relaxations from certain provisions of the SEBI (Issue of Capital and Disclosure Requirements) Regulations, 2018 in respect of Rights Issue",https://www.sebi.gov.in/legal/circulars/apr-2020/relaxations-from-certain-provisions-of-the-sebi-issue-of-capital-and-disclosure-requirements-regulations-2018-in-respect-of-rights-issue_46537.html,,data\full_dataset\sebi\circulars\html_fallback\Relaxations_from_certain_provisions_of_the_SEBI__Issue_of_Capital_and_Disclosure_Requirements__Regulations__2018_in_respect_of_Rights_Issue.txt
"Apr 21, 2020",One-time relaxation with respect to validity of SEBI Observations,https://www.sebi.gov.in/legal/circulars/apr-2020/one-time-relaxation-with-respect-to-validity-of-sebi-observations_46536.html,,data\full_dataset\sebi\circulars\html_fallback\One-time_relaxation_with_respect_to_validity_of_SEBI_Observations.txt
"Apr 16, 2020","Relaxation in time period for certain activities carried out by depository participants, RTAs / issuers, KRAs, stock brokers",https://www.sebi.gov.in/legal/circulars/apr-2020/relaxation-in-time-period-for-certain-activities-carried-out-by-depository-participants-rtas-issuers-kras-stock-brokers_46524.html,,data\full_dataset\sebi\circulars\html_fallback\Relaxation_in_time_period_for_certain_activities_carried_out_by_depository_participants__RTAs___issuers__KRAs__stock_brokers.txt
"Apr 16, 2020",Relaxation in timelines for compliance with regulatory requirements by trading members / clearing members,https://www.sebi.gov.in/legal/circulars/apr-2020/relaxation-in-timelines-for-compliance-with-regulatory-requirements-by-trading-members-clearing-members_46523.html,,data\full_dataset\sebi\circulars\html_fallback\Relaxation_in_timelines_for_compliance_with_regulatory_requirements_by_trading_members___clearing_members.txt
"Apr 15, 2020",SEBI Notification on COVID 19,https://www.sebi.gov.in/legal/circulars/apr-2020/sebi-notification-on-covid-19_46516.html,,data\full_dataset\sebi\circulars\html_fallback\SEBI_Notification_on_COVID_19.txt
"Apr 13, 2020",Relaxation in adherence to prescribed timelines issued by SEBI due to Covid 19,https://www.sebi.gov.in/legal/circulars/apr-2020/relaxation-in-adherence-to-prescribed-timelines-issued-by-sebi-due-to-covid-19_46511.html,,data\full_dataset\sebi\circulars\html_fallback\Relaxation_in_adherence_to_prescribed_timelines_issued_by_SEBI_due_to_Covid_19.txt
"Mar 30, 2020",Relaxation in compliance with requirements pertaining to AIFs and VCFs,https://www.sebi.gov.in/legal/circulars/mar-2020/relaxation-in-compliance-with-requirements-pertaining-to-aifs-and-vcfs_46462.html,,data\full_dataset\sebi\circulars\html_fallback\Relaxation_in_compliance_with_requirements_pertaining_to_AIFs_and_VCFs.txt
"Mar 30, 2020",Relaxation in compliance with requirements pertaining to Portfolio Managers,https://www.sebi.gov.in/legal/circulars/mar-2020/relaxation-in-compliance-with-requirements-pertaining-to-portfolio-managers_46460.html,,data\full_dataset\sebi\circulars\html_fallback\Relaxation_in_compliance_with_requirements_pertaining_to_Portfolio_Managers.txt
"Mar 30, 2020",Temporary relaxation in processing of documents pertaining to FPIs due to COVID-19,https://www.sebi.gov.in/legal/circulars/mar-2020/temporary-relaxation-in-processing-of-documents-pertaining-to-fpis-due-to-covid-19_46455.html,,data\full_dataset\sebi\circulars\html_fallback\Temporary_relaxation_in_processing_of_documents_pertaining_to_FPIs_due_to_COVID-19.txt
"Mar 30, 2020",Continuation of Phase II of UPI with ASBA due to Covid-19 virus pandemic,https://www.sebi.gov.in/legal/circulars/mar-2020/continuation-of-phase-ii-of-upi-with-asba-due-to-covid-19-virus-pandemic_46452.html,,data\full_dataset\sebi\circulars\html_fallback\Continuation_of_Phase_II_of_UPI_with_ASBA_due_to_Covid-19_virus_pandemic.txt
"Mar 30, 2020",Extension of deadline for implementation of the circular on Stewardship Code for all Mutual Funds and all categories of AIFs due to the CoVID-19 pandemic,https://www.sebi.gov.in/legal/circulars/mar-2020/extension-of-deadline-for-implementation-of-the-circular-on-stewardship-code-for-all-mutual-funds-and-all-categories-of-aifs-due-to-the-covid-19-pandemic_46451.html,,data\full_dataset\sebi\circulars\html_fallback\Extension_of_deadline_for_implementation_of_the_circular_on_Stewardship_Code_for_all_Mutual_Funds_and_all_categories_of_AIFs_due_to_the_CoVID-19_pande.txt
"Mar 30, 2020","Relaxation from compliance with certain provisions of the circulars issued under SEBI (Credit Rating Agencies) Regulations, 1999 due to the COVID-19 pandemic and moratorium permitted by RBI.",https://www.sebi.gov.in/legal/circulars/mar-2020/relaxation-from-compliance-with-certain-provisions-of-the-circulars-issued-under-sebi-credit-rating-agencies-regulations-1999-due-to-the-covid-19-pandemic-and-moratorium-permitted-by-rbi-_46449.html,https://www.sebi.gov.in/sebi_data/attachdocs/mar-2020/1585558030057.pdf,data\full_dataset\sebi\circulars\pdf\Relaxation_from_compliance_with_certain_provisions_of_the_circulars_issued_under_SEBI__Credit_Rating_Agencies__Regulations__1999_due_to_the_COVID-19_p__af2a6927.pdf
"Mar 27, 2020","Relaxation from compliance with certain provisions of the SAST Regulations, 2011 due to the COVID-19 pandemic",https://www.sebi.gov.in/legal/circulars/mar-2020/relaxation-from-compliance-with-certain-provisions-of-the-sast-regulations-2011-due-to-the-covid-19-pandemic_46442.html,,data\full_dataset\sebi\circulars\html_fallback\Relaxation_from_compliance_with_certain_provisions_of_the_SAST_Regulations__2011_due_to_the_COVID-19_pandemic.txt
"Mar 24, 2020",SEBI Notification COVID 19,https://www.sebi.gov.in/legal/circulars/mar-2020/sebi-notification-covid-19_46425.html,,data\full_dataset\sebi\circulars\html_fallback\SEBI_Notification_COVID_19.txt
"Mar 23, 2020",Relaxation in compliance with requirements pertaining to Mutual Funds,https://www.sebi.gov.in/legal/circulars/mar-2020/relaxation-in-compliance-with-requirements-pertaining-to-mutual-funds_46419.html,,data\full_dataset\sebi\circulars\html_fallback\Relaxation_in_compliance_with_requirements_pertaining_to_Mutual_Funds.txt
"Mar 23, 2020",Interoperability among Clearing Corporations: Revision of criteria for entering the risk-reduction Mode,https://www.sebi.gov.in/legal/circulars/mar-2020/interoperability-among-clearing-corporations-revision-of-criteria-for-entering-the-risk-reduction-mode_46412.html,,data\full_dataset\sebi\circulars\html_fallback\Interoperability_among_Clearing_Corporations__Revision_of_criteria_for_entering_the_risk-reduction_Mode.txt
"Mar 23, 2020","Relaxation from compliance with certain provisions of the SEBI (Listing Obligations and Disclosure Requirements) Regulations, 2015 and certain SEBI Circulars due to the CoVID -19 virus pandemic – continuation",https://www.sebi.gov.in/legal/circulars/mar-2020/relaxation-from-compliance-with-certain-provisions-of-the-sebi-listing-obligations-and-disclosure-requirements-regulations-2015-and-certain-sebi-circulars-due-to-the-covid-19-virus-pandemic-cont-_46395.html,https://www.sebi.gov.in/sebi_data/attachdocs/mar-2020/1584955961862.pdf,data\full_dataset\sebi\circulars\pdf\Relaxation_from_compliance_with_certain_provisions_of_the_SEBI__Listing_Obligations_and_Disclosure_Requirements__Regulations__2015_and_certain_SEBI_Ci__d008a288.pdf
"Mar 17, 2020",General Information Document,https://www.sebi.gov.in/legal/circulars/mar-2020/general-information-document_46341.html,,data\full_dataset\sebi\circulars\html_fallback\General_Information_Document.txt
"Mar 11, 2020","Amendment in ‘Rights and Obligations of Members, Authorized Persons and Clients’ of FMC Circular No. FMC/COMPL/IV/KRA-05/11/14 dated February 26, 2015.",https://www.sebi.gov.in/legal/circulars/mar-2020/amendment-in-rights-and-obligations-of-members-authorized-persons-and-clients-of-fmc-circular-no-fmc-compl-iv-kra-05-11-14-dated-february-26-2015-_46284.html,,data\full_dataset\sebi\circulars\html_fallback\Amendment_in__Rights_and_Obligations_of_Members__Authorized_Persons_and_Clients__of_FMC_Circular_No._FMC_COMPL_IV_KRA-05_11_14_dated_February_26__2015.txt
"Mar 03, 2020",Review of Norms regarding Regaining Matched Book for Commodity Derivatives Segment,https://www.sebi.gov.in/legal/circulars/mar-2020/review-of-norms-regarding-regaining-matched-book-for-commodity-derivatives-segment_46179.html,,data\full_dataset\sebi\circulars\html_fallback\Review_of_Norms_regarding_Regaining_Matched_Book_for_Commodity_Derivatives_Segment.txt
"Feb 28, 2020",Operating Guidelines for Investment Advisers in International Financial Services Centre (IFSC) – Clarifications,https://www.sebi.gov.in/legal/circulars/feb-2020/operating-guidelines-for-investment-advisers-in-international-financial-services-centre-ifsc-clarifications_46137.html,,data\full_dataset\sebi\circulars\html_fallback\Operating_Guidelines_for_Investment_Advisers_in_International_Financial_Services_Centre__IFSC____Clarifications.txt
"Feb 27, 2020","Securities and Exchange Board of India (International Financial Services Centres) Guidelines, 2015- Amendments",https://www.sebi.gov.in/legal/circulars/feb-2020/securities-and-exchange-board-of-india-international-financial-services-centres-guidelines-2015-amendments_46099.html,,data\full_dataset\sebi\circulars\html_fallback\Securities_and_Exchange_Board_of_India__International_Financial_Services_Centres__Guidelines__2015-_Amendments.txt
"Feb 26, 2020",Facilitating transaction in Mutual Fund schemes through the Stock Exchange Infrastructure,https://www.sebi.gov.in/legal/circulars/feb-2020/facilitating-transaction-in-mutual-fund-schemes-through-the-stock-exchange-infrastructure_46093.html,,data\full_dataset\sebi\circulars\html_fallback\Facilitating_transaction_in_Mutual_Fund_schemes_through_the_Stock_Exchange_Infrastructure.txt
"Feb 25, 2020",Margin obligations to be given by way of Pledge/ Re-pledge in the Depository System,https://www.sebi.gov.in/legal/circulars/feb-2020/margin-obligations-to-be-given-by-way-of-pledge-re-pledge-in-the-depository-system_46082.html,,data\full_dataset\sebi\circulars\html_fallback\Margin_obligations_to_be_given_by_way_of_Pledge__Re-pledge_in_the_Depository_System.txt
"Feb 24, 2020",Review of Margin Framework for Cash and Derivatives segments (except for Commodity Derivatives segment),https://www.sebi.gov.in/legal/circulars/feb-2020/review-of-margin-framework-for-cash-and-derivatives-segments-except-for-commodity-derivatives-segment-_46058.html,,data\full_dataset\sebi\circulars\html_fallback\Review_of_Margin_Framework_for_Cash_and_Derivatives_segments__except_for_Commodity_Derivatives_segment_.txt
"Feb 13, 2020",Guidelines for Portfolio Managers,https://www.sebi.gov.in/legal/circulars/feb-2020/guidelines-for-portfolio-managers_45981.html,,data\full_dataset\sebi\circulars\html_fallback\Guidelines_for_Portfolio_Managers.txt
"Feb 05, 2020",Disclosure Standards for Alternative Investment Funds (AIFs),https://www.sebi.gov.in/legal/circulars/feb-2020/disclosure-standards-for-alternative-investment-funds-aifs-_45919.html,,data\full_dataset\sebi\circulars\html_fallback\Disclosure_Standards_for_Alternative_Investment_Funds__AIFs_.txt
"Feb 04, 2020",Common Application Form for Foreign Portfolio Investors,https://www.sebi.gov.in/legal/circulars/feb-2020/common-application-form-for-foreign-portfolio-investors_45899.html,,data\full_dataset\sebi\circulars\html_fallback\Common_Application_Form_for_Foreign_Portfolio_Investors.txt
"Feb 04, 2020",Performance review of the commodity derivatives contracts,https://www.sebi.gov.in/legal/circulars/feb-2020/performance-review-of-the-commodity-derivatives-contracts_45897.html,,data\full_dataset\sebi\circulars\html_fallback\Performance_review_of_the_commodity_derivatives_contracts.txt
"Feb 03, 2020",Currency Future and Options Contracts (involving Indian Rupee) on Exchanges in International Financial Services Centres (IFSC),https://www.sebi.gov.in/legal/circulars/feb-2020/currency-future-and-options-contracts-involving-indian-rupee-on-exchanges-in-international-financial-services-centres-ifsc-_45886.html,,data\full_dataset\sebi\circulars\html_fallback\Currency_Future_and_Options_Contracts__involving_Indian_Rupee__on_Exchanges_in_International_Financial_Services_Centres__IFSC_.txt
"Jan 28, 2020",IPF Trust and Committees at Market Infrastructure Institutions (MIIs),https://www.sebi.gov.in/legal/circulars/jan-2020/ipf-trust-and-committees-at-market-infrastructure-institutions-miis-_45823.html,,data\full_dataset\sebi\circulars\html_fallback\IPF_Trust_and_Committees_at_Market_Infrastructure_Institutions__MIIs_.txt
"Jan 27, 2020",Review of Margin Framework for Commodity Derivatives Segment,https://www.sebi.gov.in/legal/circulars/jan-2020/review-of-margin-framework-for-commodity-derivatives-segment_45803.html,,data\full_dataset\sebi\circulars\html_fallback\Review_of_Margin_Framework_for_Commodity_Derivatives_Segment.txt
"Jan 22, 2020",Streamlining the process of Rights Issue,https://www.sebi.gov.in/legal/circulars/jan-2020/streamlining-the-process-of-rights-issue_45753.html,,data\full_dataset\sebi\circulars\html_fallback\Streamlining_the_process_of_Rights_Issue.txt
"Jan 17, 2020",Format for Statement indicating Deviation or Variation in the use of proceeds of issue of listed non-convertible debt securities or listed non-convertible redeemable preference shares (NCRPs),https://www.sebi.gov.in/legal/circulars/jan-2020/format-for-statement-indicating-deviation-or-variation-in-the-use-of-proceeds-of-issue-of-listed-non-convertible-debt-securities-or-listed-non-convertible-redeemable-preference-shares-ncrps-_45710.html,https://www.sebi.gov.in/sebi_data/attachdocs/aug-2022/1659414663220.pdf,data\full_dataset\sebi\circulars\pdf\Format_for_Statement_indicating_Deviation_or_Variation_in_the_use_of_proceeds_of_issue_of_listed_non-convertible_debt_securities_or_listed_non-convert__a39cfa38.pdf
"Jan 16, 2020",Exemption from clubbing of investment limit for foreign Government agencies and its related entities,https://www.sebi.gov.in/legal/circulars/jan-2020/exemption-from-clubbing-of-investment-limit-for-foreign-government-agencies-and-its-related-entities_45697.html,,data\full_dataset\sebi\circulars\html_fallback\Exemption_from_clubbing_of_investment_limit_for_foreign_Government_agencies_and_its_related_entities.txt
"Jan 16, 2020",Options in Goods - Product Design and Risk Management Framework,https://www.sebi.gov.in/legal/circulars/jan-2020/options-in-goods-product-design-and-risk-management-framework_45692.html,,data\full_dataset\sebi\circulars\html_fallback\Options_in_Goods_-_Product_Design_and_Risk_Management_Framework.txt
"Jan 09, 2020",Operating Guidelines for Investment Advisers in International Financial Services Centre,https://www.sebi.gov.in/legal/circulars/jan-2020/operating-guidelines-for-investment-advisers-in-international-financial-services-centre_45620.html,,data\full_dataset\sebi\circulars\html_fallback\Operating_Guidelines_for_Investment_Advisers_in_International_Financial_Services_Centre.txt
"Jan 07, 2020",Annual System Audit of Market Infrastructure Institutions,https://www.sebi.gov.in/legal/circulars/jan-2020/annual-system-audit-of-market-infrastructure-institutions_45573.html,,data\full_dataset\sebi\circulars\html_fallback\Annual_System_Audit_of_Market_Infrastructure_Institutions.txt
"Jan 03, 2020",Contribution by a non-defaulting member in the Default waterfall of Clearing Corporations,https://www.sebi.gov.in/legal/circulars/jan-2020/contribution-by-a-non-defaulting-member-in-the-default-waterfall-of-clearing-corporations_45544.html,,data\full_dataset\sebi\circulars\html_fallback\Contribution_by_a_non-defaulting_member_in_the_Default_waterfall_of_Clearing_Corporations.txt
"Dec 27, 2019",Measures to strengthen the conduct of Investment Advisers (IA).,https://www.sebi.gov.in/legal/circulars/dec-2019/measures-to-strengthen-the-conduct-of-investment-advisers-ia-_45490.html,,data\full_dataset\sebi\circulars\html_fallback\Measures_to_strengthen_the_conduct_of_Investment_Advisers__IA_.txt
"Dec 24, 2019",Circular on Investment in units of Mutual Funds in the name of minor through guardian and ease of process for transmission of units,https://www.sebi.gov.in/legal/circulars/dec-2019/circular-on-investment-in-units-of-mutual-funds-in-the-name-of-minor-through-guardian-and-ease-of-process-for-transmission-of-units_45457.html,,data\full_dataset\sebi\circulars\html_fallback\Circular_on_Investment_in_units_of_Mutual_Funds_in_the_name_of_minor_through_guardian_and_ease_of_process_for_transmission_of_units.txt
"Dec 24, 2019","Stewardship Code for all Mutual Funds and all categories of AIFs, in relation to their investment in listed equities",https://www.sebi.gov.in/legal/circulars/dec-2019/stewardship-code-for-all-mutual-funds-and-all-categories-of-aifs-in-relation-to-their-investment-in-listed-equities_45451.html,,data\full_dataset\sebi\circulars\html_fallback\Stewardship_Code_for_all_Mutual_Funds_and_all_categories_of_AIFs__in_relation_to_their_investment_in_listed_equities.txt
"Dec 24, 2019",Framework for listing of Commercial Paper-Amendments,https://www.sebi.gov.in/legal/circulars/dec-2019/framework-for-listing-of-commercial-paper-amendments_45448.html,https://www.sebi.gov.in/sebi_data/attachdocs/aug-2022/1659350744513.pdf,data\full_dataset\sebi\circulars\pdf\Framework_for_listing_of_Commercial_Paper-Amendments__4ea7c745.pdf
"Dec 16, 2019",Management and advisory services by AMCs to Foreign Portfolio Investors,https://www.sebi.gov.in/legal/circulars/dec-2019/management-and-advisory-services-by-amcs-to-foreign-portfolio-investors_45333.html,,data\full_dataset\sebi\circulars\html_fallback\Management_and_advisory_services_by_AMCs_to_Foreign_Portfolio_Investors.txt
"Dec 11, 2019","Filing of Offer Documents under Securities and Exchange Board of India (Issue of Capital and Disclosure Requirements) Regulations, 2018.",https://www.sebi.gov.in/legal/circulars/dec-2019/filing-of-offer-documents-under-securities-and-exchange-board-of-india-issue-of-capital-and-disclosure-requirements-regulations-2018-_45272.html,,data\full_dataset\sebi\circulars\html_fallback\Filing_of_Offer_Documents_under_Securities_and_Exchange_Board_of_India__Issue_of_Capital_and_Disclosure_Requirements__Regulations__2018.txt
"Dec 10, 2019",Review of investment norms for mutual funds for investment in Debt and Money Market Instruments,https://www.sebi.gov.in/legal/circulars/dec-2019/review-of-investment-norms-for-mutual-funds-for-investment-in-debt-and-money-market-instruments_45266.html,,data\full_dataset\sebi\circulars\html_fallback\Review_of_investment_norms_for_mutual_funds_for_investment_in_Debt_and_Money_Market_Instruments.txt
"Nov 29, 2019",Norms for Debt Exchange Traded Funds (ETFs)/Index Funds,https://www.sebi.gov.in/legal/circulars/nov-2019/norms-for-debt-exchange-traded-funds-etfs-index-funds_45146.html,,data\full_dataset\sebi\circulars\html_fallback\Norms_for_Debt_Exchange_Traded_Funds__ETFs_Index_Funds.txt
"Nov 29, 2019",Cut-off Time for Determining Minimum Threshold of Margins to be Collected from Clients,https://www.sebi.gov.in/legal/circulars/nov-2019/cut-off-time-for-determining-minimum-threshold-of-margins-to-be-collected-from-clients_45144.html,,data\full_dataset\sebi\circulars\html_fallback\Cut-off_Time_for_Determining_Minimum_Threshold_of_Margins_to_be_Collected_from_Clients.txt
"Nov 28, 2019",Framework for issue of Depository Receipts,https://www.sebi.gov.in/legal/circulars/nov-2019/framework-for-issue-of-depository-receipts_45110.html,,data\full_dataset\sebi\circulars\html_fallback\Framework_for_issue_of_Depository_Receipts.txt
"Nov 28, 2019",Investment Policy of Clearing Corporations,https://www.sebi.gov.in/legal/circulars/nov-2019/investment-policy-of-clearing-corporations_45109.html,,data\full_dataset\sebi\circulars\html_fallback\Investment_Policy_of_Clearing_Corporations.txt
"Nov 19, 2019",Collection and reporting of margins by Trading Member (TM) /Clearing Member (CM) in Cash Segment,https://www.sebi.gov.in/legal/circulars/nov-2019/collection-and-reporting-of-margins-by-trading-member-tm-clearing-member-cm-in-cash-segment_45011.html,,data\full_dataset\sebi\circulars\html_fallback\Collection_and_reporting_of_margins_by_Trading_Member__TM___Clearing_Member__CM__in_Cash_Segment.txt
"Nov 15, 2019",Mapping of Unique Client Code (UCC) with demat account of the clients,https://www.sebi.gov.in/legal/circulars/nov-2019/mapping-of-unique-client-code-ucc-with-demat-account-of-the-clients_44983.html,,data\full_dataset\sebi\circulars\html_fallback\Mapping_of_Unique_Client_Code__UCC__with_demat_account_of_the_clients.txt
"Nov 14, 2019",Modifications in the contract specifications of commodity derivatives contracts,https://www.sebi.gov.in/legal/circulars/nov-2019/modifications-in-the-contract-specifications-of-commodity-derivatives-contracts_44951.html,,data\full_dataset\sebi\circulars\html_fallback\Modifications_in_the_contract_specifications_of_commodity_derivatives_contracts.txt
"Nov 13, 2019","Continuous disclosures and compliances by listed entities under SEBI (Issue and Listing of Municipal Debt Securities) Regulations, 2015",https://www.sebi.gov.in/legal/circulars/nov-2019/continuous-disclosures-and-compliances-by-listed-entities-under-sebi-issue-and-listing-of-municipal-debt-securities-regulations-2015_44942.html,https://www.sebi.gov.in/sebi_data/attachdocs/nov-2019/1573642999608.pdf,data\full_dataset\sebi\circulars\pdf\Continuous_disclosures_and_compliances_by_listed_entities_under_SEBI__Issue_and_Listing_of_Municipal_Debt_Securities__Regulations__2015__0e654cf2.pdf
"Nov 08, 2019",Streamlining the Process of Public Issue of Equity Shares and convertibles- Extension of time lime for implementation of Phase II of Unified Payments Interface with Application Supported by Blocked Amount,https://www.sebi.gov.in/legal/circulars/nov-2019/streamlining-the-process-of-public-issue-of-equity-shares-and-convertibles-extension-of-time-lime-for-implementation-of-phase-ii-of-unified-payments-interface-with-application-supported-by-blocked-am-_44906.html,https://www.sebi.gov.in/sebi_data/attachdocs/nov-2019/1573212489625.pdf,data\full_dataset\sebi\circulars\pdf\Streamlining_the_Process_of_Public_Issue_of_Equity_Shares_and_convertibles-_Extension_of_time_lime_for_implementation_of_Phase_II_of_Unified_Payments___65d5c307.pdf
"Nov 08, 2019",Introduction of Cross-Margining facility in respect of offsetting positions in corelated equity Indices,https://www.sebi.gov.in/legal/circulars/nov-2019/introduction-of-cross-margining-facility-in-respect-of-offsetting-positions-in-corelated-equity-indices_44896.html,,data\full_dataset\sebi\circulars\html_fallback\Introduction_of_Cross-Margining_facility_in_respect_of_offsetting_positions_in_corelated_equity_Indices.txt
"Nov 07, 2019",Creation of segregated portfolio in mutual fund schemes,https://www.sebi.gov.in/legal/circulars/nov-2019/creation-of-segregated-portfolio-in-mutual-fund-schemes_44889.html,,data\full_dataset\sebi\circulars\html_fallback\Creation_of_segregated_portfolio_in_mutual_fund_schemes.txt
"Nov 06, 2019",Reporting of changes in terms of investment,https://www.sebi.gov.in/legal/circulars/nov-2019/reporting-of-changes-in-terms-of-investment_44888.html,,data\full_dataset\sebi\circulars\html_fallback\Reporting_of_changes_in_terms_of_investment.txt
"Nov 05, 2019","Operational Guidelines for FPIs & DDPs under SEBI (Foreign Portfolio Investors), Regulations 2019 and for Eligible Foreign Investors",https://www.sebi.gov.in/legal/circulars/nov-2019/operational-guidelines-for-fpis-and-ddps-under-sebi-foreign-portfolio-investors-regulations-2019-and-for-eligible-foreign-investors_44870.html,,data\full_dataset\sebi\circulars\html_fallback\Operational_Guidelines_for_FPIs___DDPs_under_SEBI__Foreign_Portfolio_Investors__Regulations_2019_and_for_Eligible_Foreign_Investors.txt
"Nov 05, 2019","e-KYC Authentication facility under section 11A of the Prevention of Money Laundering Act, 2002 by Entities in the securities market for Resident Investors",https://www.sebi.gov.in/legal/circulars/nov-2019/e-kyc-authentication-facility-under-section-11a-of-the-prevention-of-money-laundering-act-2002-by-entities-in-the-securities-market-for-resident-investors_44864.html,,data\full_dataset\sebi\circulars\html_fallback\e-KYC_Authentication_facility_under_section_11A_of_the_Prevention_of_Money_Laundering_Act__2002_by_Entities_in_the_securities_market_for_Resident_Inve.txt
"Nov 05, 2019",Enhanced Due Diligence for Dematerialization of Physical Securities,https://www.sebi.gov.in/legal/circulars/nov-2019/enhanced-due-diligence-for-dematerialization-of-physical-securities_44863.html,,data\full_dataset\sebi\circulars\html_fallback\Enhanced_Due_Diligence_for_Dematerialization_of_Physical_Securities.txt
"Oct 22, 2019",Framework for listing of Commercial Paper,https://www.sebi.gov.in/legal/circulars/oct-2019/framework-for-listing-of-commercial-paper_44715.html,https://www.sebi.gov.in/sebi_data/attachdocs/aug-2022/1659350902452.pdf,data\full_dataset\sebi\circulars\pdf\Framework_for_listing_of_Commercial_Paper__a053c36e.pdf
"Oct 15, 2019",Cyber Security & Cyber Resilience framework for Stock Brokers / Depository Participants - Clarifications,https://www.sebi.gov.in/legal/circulars/oct-2019/cyber-security-and-cyber-resilience-framework-for-stock-brokers-depository-participants-clarifications_44662.html,,data\full_dataset\sebi\circulars\html_fallback\Cyber_Security___Cyber_Resilience_framework_for_Stock_Brokers___Depository_Participants_-_Clarifications.txt
"Oct 15, 2019",Cyber Security & Cyber Resilience framework for KYC Registration Agencies,https://www.sebi.gov.in/legal/circulars/oct-2019/cyber-security-and-cyber-resilience-framework-for-kyc-registration-agencies_44661.html,,data\full_dataset\sebi\circulars\html_fallback\Cyber_Security___Cyber_Resilience_framework_for_KYC_Registration_Agencies.txt
"Oct 15, 2019",Cyber Security & Cyber Resilience framework for Qualified Registrars to an Issue / Share Transfer Agents,https://www.sebi.gov.in/legal/circulars/oct-2019/cyber-security-and-cyber-resilience-framework-for-qualified-registrars-to-an-issue-share-transfer-agents_44660.html,,data\full_dataset\sebi\circulars\html_fallback\Cyber_Security___Cyber_Resilience_framework_for_Qualified_Registrars_to_an_Issue___Share_Transfer_Agents.txt
"Oct 10, 2019",Framework for issue of Depository Receipts,https://www.sebi.gov.in/legal/circulars/oct-2019/framework-for-issue-of-depository-receipts_44609.html,,data\full_dataset\sebi\circulars\html_fallback\Framework_for_issue_of_Depository_Receipts.txt
"Oct 01, 2019",Review of investment norms for mutual funds for investment in Debt and Money Market Instruments,https://www.sebi.gov.in/legal/circulars/oct-2019/review-of-investment-norms-for-mutual-funds-for-investment-in-debt-and-money-market-instruments_44556.html,,data\full_dataset\sebi\circulars\html_fallback\Review_of_investment_norms_for_mutual_funds_for_investment_in_Debt_and_Money_Market_Instruments.txt
"Sep 26, 2019",Position limits in Interest Rate Derivatives,https://www.sebi.gov.in/legal/circulars/sep-2019/position-limits-in-interest-rate-derivatives_44465.html,,data\full_dataset\sebi\circulars\html_fallback\Position_limits_in_Interest_Rate_Derivatives.txt
"Sep 24, 2019",Valuation of money market and debt securities,https://www.sebi.gov.in/legal/circulars/sep-2019/valuation-of-money-market-and-debt-securities_44383.html,,data\full_dataset\sebi\circulars\html_fallback\Valuation_of_money_market_and_debt_securities.txt
"Sep 20, 2019",Risk management framework for liquid and overnight funds and norms governing investment in short term deposits,https://www.sebi.gov.in/legal/circulars/sep-2019/risk-management-framework-for-liquid-and-overnight-funds-and-norms-governing-investment-in-short-term-deposits_44328.html,,data\full_dataset\sebi\circulars\html_fallback\Risk_management_framework_for_liquid_and_overnight_funds_and_norms_governing_investment_in_short_term_deposits.txt
"Sep 13, 2019",Additional commodities as Eligible Liquid Assets for Commodity Derivatives Segment,https://www.sebi.gov.in/legal/circulars/sep-2019/additional-commodities-as-eligible-liquid-assets-for-commodity-derivatives-segment_44219.html,,data\full_dataset\sebi\circulars\html_fallback\Additional_commodities_as_Eligible_Liquid_Assets_for_Commodity_Derivatives_Segment.txt
"Sep 12, 2019","Schemes of Arrangement by Listed Entities and (ii) Relaxation under Sub-rule (7) of rule 19 of the Securities Contracts (Regulation) Rules, 1957",https://www.sebi.gov.in/legal/circulars/sep-2019/schemes-of-arrangement-by-listed-entities-and-ii-relaxation-under-sub-rule-7-of-rule-19-of-the-securities-contracts-regulation-rules-1957_44209.html,,data\full_dataset\sebi\circulars\html_fallback\Schemes_of_Arrangement_by_Listed_Entities_and__ii__Relaxation_under_Sub-rule__7__of_rule_19_of_the_Securities_Contracts__Regulation__Rules__1957.txt
"Aug 29, 2019",Handling of Clients’ Securities by Trading Members/Clearing Members,https://www.sebi.gov.in/legal/circulars/aug-2019/handling-of-clients-securities-by-trading-members-clearing-members_44077.html,,data\full_dataset\sebi\circulars\html_fallback\Handling_of_Clients__Securities_by_Trading_Members_Clearing_Members.txt
"Aug 19, 2019","Non-compliance with certain provisions of SEBI (Issue of Capital and Disclosure Requirements) Regulations, 2018 (“ICDR Regulations”)",https://www.sebi.gov.in/legal/circulars/aug-2019/non-compliance-with-certain-provisions-of-sebi-issue-of-capital-and-disclosure-requirements-regulations-2018-icdr-regulations-_43941.html,,data\full_dataset\sebi\circulars\html_fallback\Non-compliance_with_certain_provisions_of_SEBI__Issue_of_Capital_and_Disclosure_Requirements__Regulations__2018__ICDR_Regulations_.txt
"Aug 16, 2019",Parking of Funds in Short Term Deposits of Scheduled Commercial Banks by Mutual Funds – Pending deployment,https://www.sebi.gov.in/legal/circulars/aug-2019/parking-of-funds-in-short-term-deposits-of-scheduled-commercial-banks-by-mutual-funds-pending-deployment_43923.html,,data\full_dataset\sebi\circulars\html_fallback\Parking_of_Funds_in_Short_Term_Deposits_of_Scheduled_Commercial_Banks_by_Mutual_Funds___Pending_deployment.txt
"Aug 09, 2019","Securities and Exchange Board of India (International Financial Services Centres) Guidelines, 2015-Permissible investments by Alternative Investment Funds operating in IFSC",https://www.sebi.gov.in/legal/circulars/aug-2019/securities-and-exchange-board-of-india-international-financial-services-centres-guidelines-2015-permissible-investments-by-alternative-investment-funds-operating-in-ifsc_43867.html,,data\full_dataset\sebi\circulars\html_fallback\Securities_and_Exchange_Board_of_India__International_Financial_Services_Centres__Guidelines__2015-Permissible_investments_by_Alternative_Investment_F.txt
"Aug 07, 2019",Product Advisory Committee,https://www.sebi.gov.in/legal/circulars/aug-2019/product-advisory-committee_43834.html,,data\full_dataset\sebi\circulars\html_fallback\Product_Advisory_Committee.txt
"Aug 02, 2019",Streamlining issuance of SCORES Authentication for SEBI registered intermediaries,https://www.sebi.gov.in/legal/circulars/aug-2019/streamlining-issuance-of-scores-authentication-for-sebi-registered-intermediaries_43783.html,,data\full_dataset\sebi\circulars\html_fallback\Streamlining_issuance_of_SCORES_Authentication_for_SEBI_registered_intermediaries.txt
"Aug 01, 2019",Database for Distinctive Number (DN) of Shares - Action against non-compliant companies,https://www.sebi.gov.in/legal/circulars/aug-2019/database-for-distinctive-number-dn-of-shares-action-against-non-compliant-companies_43776.html,,data\full_dataset\sebi\circulars\html_fallback\Database_for_Distinctive_Number__DN__of_Shares_-_Action_against_non-compliant_companies.txt
"Aug 01, 2019",Rationalization of imposition of fines for false/incorrect reporting of margins or non-reporting of margins by Trading Member/Clearing Member in all segments,https://www.sebi.gov.in/legal/circulars/aug-2019/rationalization-of-imposition-of-fines-for-false-incorrect-reporting-of-margins-or-non-reporting-of-margins-by-trading-member-clearing-member-in-all-segments_43775.html,,data\full_dataset\sebi\circulars\html_fallback\Rationalization_of_imposition_of_fines_for_false_incorrect_reporting_of_margins_or_non-reporting_of_margins_by_Trading_Member_Clearing_Member_in_all_s.txt
"Jul 26, 2019",Streamlining the Process of Public Issue of Equity Shares and convertibles- Implementation of Phase II of Unified Payments Interface with Application Supported by Block Amount,https://www.sebi.gov.in/legal/circulars/jul-2019/streamlining-the-process-of-public-issue-of-equity-shares-and-convertibles-implementation-of-phase-ii-of-unified-payments-interface-with-application-supported-by-block-amount_43703.html,,data\full_dataset\sebi\circulars\html_fallback\Streamlining_the_Process_of_Public_Issue_of_Equity_Shares_and_convertibles-_Implementation_of_Phase_II_of_Unified_Payments_Interface_with_Application_.txt
"Jul 26, 2019",Staggered Delivery Period in Commodity futures contracts,https://www.sebi.gov.in/legal/circulars/jul-2019/staggered-delivery-period-in-commodity-futures-contracts_43702.html,,data\full_dataset\sebi\circulars\html_fallback\Staggered_Delivery_Period_in_Commodity_futures_contracts.txt
"Jul 26, 2019",Guidelines for Liquidity Enhancement Scheme (LES) in Commodity Derivatives Contracts,https://www.sebi.gov.in/legal/circulars/jul-2019/guidelines-for-liquidity-enhancement-scheme-les-in-commodity-derivatives-contracts_43699.html,,data\full_dataset\sebi\circulars\html_fallback\Guidelines_for_Liquidity_Enhancement_Scheme__LES__in_Commodity_Derivatives_Contracts.txt
"Jun 28, 2019",Streamlining the Process of Public Issue of Equity Shares and convertibles- Implementation of Phase II of Unified Payments Interface with Application Supported by Blocked Amount,https://www.sebi.gov.in/legal/circulars/jun-2019/streamlining-the-process-of-public-issue-of-equity-shares-and-convertibles-implementation-of-phase-ii-of-unified-payments-interface-with-application-supported-by-blocked-amount_43429.html,,data\full_dataset\sebi\circulars\html_fallback\Streamlining_the_Process_of_Public_Issue_of_Equity_Shares_and_convertibles-_Implementation_of_Phase_II_of_Unified_Payments_Interface_with_Application_.txt
"Jun 20, 2019",Credit of Penalty for short-collection/non-collection of Margins on Commodity Derivatives Segments to Core SGF,https://www.sebi.gov.in/legal/circulars/jun-2019/credit-of-penalty-for-short-collection-non-collection-of-margins-on-commodity-derivatives-segments-to-core-sgf_43350.html,,data\full_dataset\sebi\circulars\html_fallback\Credit_of_Penalty_for_short-collection_non-collection_of_Margins_on_Commodity_Derivatives_Segments_to_Core_SGF.txt
"Jun 20, 2019",Handling of Clients’ Securities by Trading Members/Clearing Members,https://www.sebi.gov.in/legal/circulars/jun-2019/handling-of-clients-securities-by-trading-members-clearing-members_43347.html,,data\full_dataset\sebi\circulars\html_fallback\Handling_of_Clients__Securities_by_Trading_Members_Clearing_Members.txt
"Jun 18, 2019","Factors for assuring confidentiality in a settlement application filed under Chapter IX of the SEBI (Settlement Proceedings) Regulations, 2018.",https://www.sebi.gov.in/legal/circulars/jun-2019/factors-for-assuring-confidentiality-in-a-settlement-application-filed-under-chapter-ix-of-the-sebi-settlement-proceedings-regulations-2018-_43325.html,,data\full_dataset\sebi\circulars\html_fallback\Factors_for_assuring_confidentiality_in_a_settlement_application_filed_under_Chapter_IX_of_the_SEBI__Settlement_Proceedings__Regulations__2018.txt
"Jun 18, 2019",Design of Commodity Indices and Product Design for Futures on Commodity Indices,https://www.sebi.gov.in/legal/circulars/jun-2019/design-of-commodity-indices-and-product-design-for-futures-on-commodity-indices_43320.html,,data\full_dataset\sebi\circulars\html_fallback\Design_of_Commodity_Indices_and_Product_Design_for_Futures_on_Commodity_Indices.txt
"May 28, 2019","Combating Financing of Terrorism (CFT) under Unlawful Activities (Prevention) Act, 1967 –Directions to stock exchanges, depositories and all registered intermediaries",https://www.sebi.gov.in/legal/circulars/may-2019/combating-financing-of-terrorism-cft-under-unlawful-activities-prevention-act-1967-directions-to-stock-exchanges-depositories-and-all-registered-intermediaries_43130.html,,data\full_dataset\sebi\circulars\html_fallback\Combating_Financing_of_Terrorism__CFT__under_Unlawful_Activities__Prevention__Act__1967__Directions_to_stock_exchanges__depositories_and_all_registere.txt
"May 27, 2019",Enhanced disclosure in case of listed debt securities,https://www.sebi.gov.in/legal/circulars/may-2019/enhanced-disclosure-in-case-of-listed-debt-securities_43118.html,,data\full_dataset\sebi\circulars\html_fallback\Enhanced_disclosure_in_case_of_listed_debt_securities.txt
"May 22, 2019",Participation of Portfolio Managers in Commodity Derivatives Market in India,https://www.sebi.gov.in/legal/circulars/may-2019/participation-of-portfolio-managers-in-commodity-derivatives-market-in-india_43058.html,,data\full_dataset\sebi\circulars\html_fallback\Participation_of_Portfolio_Managers_in_Commodity_Derivatives_Market_in_India.txt
"May 22, 2019",Framework for the process of accreditation of investors for the purpose of Innovators Growth Platform,https://www.sebi.gov.in/legal/circulars/may-2019/framework-for-the-process-of-accreditation-of-investors-for-the-purpose-of-innovators-growth-platform_43056.html,,data\full_dataset\sebi\circulars\html_fallback\Framework_for_the_process_of_accreditation_of_investors_for_the_purpose_of_Innovators_Growth_Platform.txt
"May 21, 2019",Participation of Mutual Funds in Commodity Derivatives Market in India,https://www.sebi.gov.in/legal/circulars/may-2019/participation-of-mutual-funds-in-commodity-derivatives-market-in-india_43046.html,,data\full_dataset\sebi\circulars\html_fallback\Participation_of_Mutual_Funds_in_Commodity_Derivatives_Market_in_India.txt
"May 20, 2019",Framework for Innovation Sandbox,https://www.sebi.gov.in/legal/circulars/may-2019/framework-for-innovation-sandbox_43027.html,,data\full_dataset\sebi\circulars\html_fallback\Framework_for_Innovation_Sandbox.txt
"May 09, 2019",Reporting for Artificial Intelligence (AI) and Machine Learning (ML) applications and systems offered and used by Mutual Funds,https://www.sebi.gov.in/legal/circulars/may-2019/reporting-for-artificial-intelligence-ai-and-machine-learning-ml-applications-and-systems-offered-and-used-by-mutual-funds_42932.html,,data\full_dataset\sebi\circulars\html_fallback\Reporting_for_Artificial_Intelligence__AI__and_Machine_Learning__ML__applications_and_systems_offered_and_used_by_Mutual_Funds.txt
"May 08, 2019",Permitting Foreign Portfolio Investors (FPI) to invest in Municipal Bonds,https://www.sebi.gov.in/legal/circulars/may-2019/permitting-foreign-portfolio-investors-fpi-to-invest-in-municipal-bonds_42927.html,https://www.sebi.gov.in/sebi_data/attachdocs/may-2019/1557308313102.pdf,data\full_dataset\sebi\circulars\pdf\Permitting_Foreign_Portfolio_Investors__FPI__to_invest_in_Municipal_Bonds__7654cfb1.pdf
"Apr 26, 2019",Net worth Requirements for Clearing Corporations in International Financial Services Centre (IFSC),https://www.sebi.gov.in/legal/circulars/apr-2019/net-worth-requirements-for-clearing-corporations-in-international-financial-services-centre-ifsc-_42849.html,,data\full_dataset\sebi\circulars\html_fallback\Net_worth_Requirements_for_Clearing_Corporations_in_International_Financial_Services_Centre__IFSC_.txt
"Apr 11, 2019",Technology Committee for Mutual Funds / Asset Management Companies (AMCs),https://www.sebi.gov.in/legal/circulars/apr-2019/technology-committee-for-mutual-funds-asset-management-companies-amcs-_42692.html,,data\full_dataset\sebi\circulars\html_fallback\Technology_Committee_for_Mutual_Funds___Asset_Management_Companies__AMCs_.txt
"Apr 11, 2019",System Audit  framework for Mutual Funds / Asset Management Companies (AMCs) ”,https://www.sebi.gov.in/legal/circulars/apr-2019/system-audit-framework-for-mutual-funds-asset-management-companies-amcs-_42691.html,,data\full_dataset\sebi\circulars\html_fallback\System_Audit_framework_for_Mutual_Funds___Asset_Management_Companies__AMCs___.txt
"Apr 10, 2019","Risk-based capital and net worth requirements for Clearing Corporations under Securities Contracts (Regulation) (Stock Exchanges and Clearing Corporations) Regulations, 2018",https://www.sebi.gov.in/legal/circulars/apr-2019/risk-based-capital-and-net-worth-requirements-for-clearing-corporations-under-securities-contracts-regulation-stock-exchanges-and-clearing-corporations-regulations-2018_42675.html,,data\full_dataset\sebi\circulars\html_fallback\Risk-based_capital_and_net_worth_requirements_for_Clearing_Corporations_under_Securities_Contracts__Regulation___Stock_Exchanges_and_Clearing_Corporat.txt
"Apr 10, 2019",Separate BSDA limit for Debt Securities,https://www.sebi.gov.in/legal/circulars/apr-2019/separate-bsda-limit-for-debt-securities_42667.html,,data\full_dataset\sebi\circulars\html_fallback\Separate_BSDA_limit_for_Debt_Securities.txt
"Apr 04, 2019",Issue of Certified copies of Orders and Circulars,https://www.sebi.gov.in/legal/circulars/apr-2019/issue-of-certified-copies-of-orders-and-circulars_42633.html,https://www.sebi.gov.in/sebi_data/attachdocs/aug-2023/1691753391021.pdf,data\full_dataset\sebi\circulars\pdf\Issue_of_Certified_copies_of_Orders_and_Circulars__e43ffe07.pdf
"Apr 03, 2019",Streamlining the Process of Public Issue of Equity Shares and convertibles- Extension of time lime for implementation of Phase I of Unified Payments Interface with Application Supported by Block Amount,https://www.sebi.gov.in/legal/circulars/apr-2019/streamlining-the-process-of-public-issue-of-equity-shares-and-convertibles-extension-of-time-lime-for-implementation-of-phase-i-of-unified-payments-interface-with-application-supported-by-block-amoun-_42597.html,https://www.sebi.gov.in/sebi_data/attachdocs/apr-2019/1554289395854.pdf,data\full_dataset\sebi\circulars\pdf\Streamlining_the_Process_of_Public_Issue_of_Equity_Shares_and_convertibles-_Extension_of_time_lime_for_implementation_of_Phase_I_of_Unified_Payments_I__6071389c.pdf
"Apr 02, 2019","Empanelment of Insolvency Professionals (IPs) to be appointed as Administrator, remuneration and other incidental and connected matters under the Securities and Exchange Board of India (Appointment of Administrator and Procedure for Refunding to the Investors) Regulations, 2018.",https://www.sebi.gov.in/legal/circulars/apr-2019/empanelment-of-insolvency-professionals-ips-to-be-appointed-as-administrator-remuneration-and-other-incidental-and-connected-matters-under-the-securities-and-exchange-board-of-india-appointment-of-_42592.html,https://www.sebi.gov.in/sebi_data/attachdocs/apr-2019/1554206671617.pdf,data\full_dataset\sebi\circulars\pdf\Empanelment_of_Insolvency_Professionals__IPs__to_be_appointed_as_Administrator__remuneration_and_other_incidental_and_connected_matters_under_the_Secu__2edf5014.pdf
"Mar 26, 2019",Guidelines for Business Continuity Plan (BCP) and Disaster Recovery (DR) of Market Infrastructure Institutions (MIIs),https://www.sebi.gov.in/legal/circulars/mar-2019/guidelines-for-business-continuity-plan-bcp-and-disaster-recovery-dr-of-market-infrastructure-institutions-miis-_42482.html,,data\full_dataset\sebi\circulars\html_fallback\Guidelines_for_Business_Continuity_Plan__BCP__and_Disaster_Recovery__DR__of_Market_Infrastructure_Institutions__MIIs_.txt
"Mar 25, 2019","Review of Commission, Expenses, Disclosure norms etc. - Mutual Fund",https://www.sebi.gov.in/legal/circulars/mar-2019/review-of-commission-expenses-disclosure-norms-etc-mutual-fund_42468.html,,data\full_dataset\sebi\circulars\html_fallback\Review_of_Commission__Expenses__Disclosure_norms_etc._-_Mutual_Fund.txt
"Mar 22, 2019",Valuation of money market and debt securities,https://www.sebi.gov.in/legal/circulars/mar-2019/valuation-of-money-market-and-debt-securities_42458.html,,data\full_dataset\sebi\circulars\html_fallback\Valuation_of_money_market_and_debt_securities.txt
"Mar 20, 2019",Framework for Utilization of Regulatory Fee Foregone by SEBI,https://www.sebi.gov.in/legal/circulars/mar-2019/framework-for-utilization-of-regulatory-fee-foregone-by-sebi_42427.html,,data\full_dataset\sebi\circulars\html_fallback\Framework_for_Utilization_of_Regulatory_Fee_Foregone_by_SEBI.txt
"Mar 18, 2019",Clarification on participation of Eligible Foreign Investors (EFIs) in Commodity Derivatives in IFSC,https://www.sebi.gov.in/legal/circulars/mar-2019/clarification-on-participation-of-eligible-foreign-investors-efis-in-commodity-derivatives-in-ifsc_42389.html,,data\full_dataset\sebi\circulars\html_fallback\Clarification_on_participation_of_Eligible_Foreign_Investors__EFIs__in_Commodity_Derivatives_in_IFSC.txt
"Mar 15, 2019",Clarification on Cyber Security & Cyber Resilience Circular,https://www.sebi.gov.in/legal/circulars/mar-2019/clarification-on-cyber-security-and-cyber-resilience-circular_42374.html,,data\full_dataset\sebi\circulars\html_fallback\Clarification_on_Cyber_Security___Cyber_Resilience_Circular.txt
"Mar 13, 2019","SEBI (Delisting of Equity Shares) Regulations, 2015 - Timelines for Counter Offer",https://www.sebi.gov.in/legal/circulars/mar-2019/sebi-delisting-of-equity-shares-regulations-2015-timelines-for-counter-offer_42342.html,,data\full_dataset\sebi\circulars\html_fallback\SEBI__Delisting_of_Equity_Shares__Regulations__2015_-_Timelines_for_Counter_Offer.txt
"Mar 12, 2019",Review of Investment by Foreign Portfolio Investors (FPI) in Debt Securities,https://www.sebi.gov.in/legal/circulars/mar-2019/review-of-investment-by-foreign-portfolio-investors-fpi-in-debt-securities_42326.html,,data\full_dataset\sebi\circulars\html_fallback\Review_of_Investment_by_Foreign_Portfolio_Investors__FPI__in_Debt_Securities.txt
"Mar 08, 2019","Circular on Filing of Advertisements under SEBI (Mutual Funds) Regulations, 1996",https://www.sebi.gov.in/legal/circulars/mar-2019/circular-on-filing-of-advertisements-under-sebi-mutual-funds-regulations-1996_42301.html,,data\full_dataset\sebi\circulars\html_fallback\Circular_on_Filing_of_Advertisements_under_SEBI__Mutual_Funds__Regulations__1996.txt
"Feb 21, 2019",Revision in Haircut on Central Government Securities (G-Sec) accepted as Collateral,https://www.sebi.gov.in/legal/circulars/feb-2019/revision-in-haircut-on-central-government-securities-g-sec-accepted-as-collateral_42112.html,,data\full_dataset\sebi\circulars\html_fallback\Revision_in_Haircut_on_Central_Government_Securities__G-Sec__accepted_as_Collateral.txt
"Feb 15, 2019",Advisory Committee at Market Infrastructure Institutions (MIIs),https://www.sebi.gov.in/legal/circulars/feb-2019/advisory-committee-at-market-infrastructure-institutions-miis-_42077.html,,data\full_dataset\sebi\circulars\html_fallback\Advisory_Committee_at_Market_Infrastructure_Institutions__MIIs_.txt
"Feb 11, 2019",Relaxation from requirement to furnish a copy of PAN for transfer of equity shares of listed entities executed by non-residents,https://www.sebi.gov.in/legal/circulars/feb-2019/relaxation-from-requirement-to-furnish-a-copy-of-pan-for-transfer-of-equity-shares-of-listed-entities-executed-by-non-residents_42043.html,,data\full_dataset\sebi\circulars\html_fallback\Relaxation_from_requirement_to_furnish_a_copy_of_PAN_for_transfer_of_equity_shares_of_listed_entities_executed_by_non-residents.txt
"Feb 11, 2019",Framework for utilization of Financial Security Deposit (FSD),https://www.sebi.gov.in/legal/circulars/feb-2019/framework-for-utilization-of-financial-security-deposit-fsd-_42040.html,,data\full_dataset\sebi\circulars\html_fallback\Framework_for_utilization_of_Financial_Security_Deposit__FSD_.txt
"Feb 08, 2019",Physical settlement of stock derivatives,https://www.sebi.gov.in/legal/circulars/feb-2019/physical-settlement-of-stock-derivatives_42021.html,,data\full_dataset\sebi\circulars\html_fallback\Physical_settlement_of_stock_derivatives.txt
"Feb 05, 2019",Performance review of Public Interest Directors (PIDs),https://www.sebi.gov.in/legal/circulars/feb-2019/performance-review-of-public-interest-directors-pids-_41978.html,,data\full_dataset\sebi\circulars\html_fallback\Performance_review_of_Public_Interest_Directors__PIDs_.txt
"Jan 31, 2019",Reporting for Artificial Intelligence (AI) and Machine Learning (ML) applications and systems offered and used by Market Infrastructure Institutions (MIIs),https://www.sebi.gov.in/legal/circulars/jan-2019/reporting-for-artificial-intelligence-ai-and-machine-learning-ml-applications-and-systems-offered-and-used-by-market-infrastructure-institutions-miis-_41927.html,,data\full_dataset\sebi\circulars\html_fallback\Reporting_for_Artificial_Intelligence__AI__and_Machine_Learning__ML__applications_and_systems_offered_and_used_by_Market_Infrastructure_Institutions__.txt
"Jan 23, 2019",Alignment of Trading Lot and Delivery Lot size,https://www.sebi.gov.in/legal/circulars/jan-2019/alignment-of-trading-lot-and-delivery-lot-size_41804.html,,data\full_dataset\sebi\circulars\html_fallback\Alignment_of_Trading_Lot_and_Delivery_Lot_size.txt
"Jan 23, 2019","Clarifications in SEBI (Depositories and Participants) Regulations, 2018",https://www.sebi.gov.in/legal/circulars/jan-2019/clarifications-in-sebi-depositories-and-participants-regulations-2018_41798.html,,data\full_dataset\sebi\circulars\html_fallback\Clarifications_in_SEBI__Depositories_and_Participants__Regulations__2018.txt
"Jan 22, 2019",Revised Monthly Cumulative Report (MCR),https://www.sebi.gov.in/legal/circulars/jan-2019/revised-monthly-cumulative-report-mcr-_41759.html,,data\full_dataset\sebi\circulars\html_fallback\Revised_Monthly_Cumulative_Report__MCR_.txt
"Jan 16, 2019",Norms for investment and disclosure by mutual funds in derivatives,https://www.sebi.gov.in/legal/circulars/jan-2019/norms-for-investment-and-disclosure-by-mutual-funds-in-derivatives_41670.html,,data\full_dataset\sebi\circulars\html_fallback\Norms_for_investment_and_disclosure_by_mutual_funds_in_derivatives.txt
"Jan 11, 2019",Uniform membership structure across segments,https://www.sebi.gov.in/legal/circulars/jan-2019/uniform-membership-structure-across-segments_41617.html,,data\full_dataset\sebi\circulars\html_fallback\Uniform_membership_structure_across_segments.txt
