id,instrument_id,issue_date,title,pdf_url,local_pdf_path
13715,RBI/2026-27/271 DOR.AML.REC.234/14.06.001/2026-27,"September 29, 2026",QDe.168 Name:,https://rbidocs.rbi.org.in/rdocs/Notification/PDFs/NOTI2713C3AD0FCF88D4E0682D80BD7FC932BF9.PDF,data\full_dataset\rbi\pdf\RBI_2026-27_271_DOR.AML.REC.234_14.06.001_2026-27__a72b0c02.pdf
13714,,"September 22, 2026","Foreign Exchange Management (Export and Import of Goods and Services) (Amendment) Regulations, 2026",https://rbidocs.rbi.org.in/rdocs/Notification/PDFs/FEMA23R2509202677C08DEDE2694B528FF6025930BF49F9.PDF,data\full_dataset\rbi\pdf\Foreign_Exchange_Management__Export_and_Import_of_Goods_and_Services___Amendment__Regulations__2026__d6b5a891.pdf
13713,RBI/2026-2027/270 DOR.AML.REC.233/14.06.001/2026-27,"September 24, 2026","Designation of terrorist organisation under clause (a) of sub-section (1) of section 35 of the Unlawful Activities (Prevention) Act, 1967 and listed in the First Schedule of the Act",https://rbidocs.rbi.org.in/rdocs/Notification/PDFs/NOTI27024092026B5163644F687458B97DB7E5AF0FF4FDD.PDF,data\full_dataset\rbi\pdf\RBI_2026-2027_270_DOR.AML.REC.233_14.06.001_2026-27__93c94462.pdf
13712,RBI/2026-2027/269 A.P. (DIR Series) Circular No. 22,"September 23, 2026",,https://rbidocs.rbi.org.in/rdocs/Notification/PDFs/NT269D2CF6DE13687460D8CFB6E8AD0CDEF4E.PDF,data\full_dataset\rbi\pdf\RBI_2026-2027_269_A.P.__DIR_Series__Circular_No._22__88c8f50c.pdf
13711,RBI/2026-27/268 DOR.MRG.REC.No.232/00-00-017/2026-27,"September 22, 2026","Reserve Bank of India (All India Financial Institutions - Classification, Valuation, and Operation of Investment Portfolio) Amendment Directions, 2026",https://rbidocs.rbi.org.in/rdocs/Notification/PDFs/NT26840D3650D40D2475CB0378668FD8B8EC1.PDF,data\full_dataset\rbi\pdf\RBI_2026-27_268_DOR.MRG.REC.No.232_00-00-017_2026-27__4de478a2.pdf
13710,RBI/2026-27/267 DOR.MRG.REC.No.231/00-00-001/2026-27,"September 22, 2026","Reserve Bank of India (Payments Banks - Classification, Valuation, and Operation of Investment Portfolio) Second Amendment Directions, 2026",https://rbidocs.rbi.org.in/rdocs/Notification/PDFs/NT267F885FEF645D54E6DAC327AE684434E56.PDF,data\full_dataset\rbi\pdf\RBI_2026-27_267_DOR.MRG.REC.No.231_00-00-001_2026-27__fbbc46dd.pdf
13709,RBI/2026-27/266 DOR.MRG.REC.No.230/00-00-001/2026-27,"September 22, 2026","Reserve Bank of India (Small Finance Banks - Classification, Valuation, and Operation of Investment Portfolio) Second Amendment Directions, 2026",https://rbidocs.rbi.org.in/rdocs/Notification/PDFs/NT2663B9D47D9B0A147A5A2F0574A11554B97.PDF,data\full_dataset\rbi\pdf\RBI_2026-27_266_DOR.MRG.REC.No.230_00-00-001_2026-27__85c91dbc.pdf
13708,RBI/2026-27/265 DOR.MRG.REC.No.229/00-00-001/2026-27,"September 22, 2026","Reserve Bank of India (Local Area Banks - Classification, Valuation, and Operation of Investment Portfolio) Second Amendment Directions, 2026",https://rbidocs.rbi.org.in/rdocs/Notification/PDFs/NT265E0CD6C792E7548DD945E004BEA0C948C.PDF,data\full_dataset\rbi\pdf\RBI_2026-27_265_DOR.MRG.REC.No.229_00-00-001_2026-27__aa33f74c.pdf
13707,RBI/2026-27/264 DOR.MRG.REC.No.228/00-00-001/2026-27,"September 22, 2026","Reserve Bank of India (Commercial Banks - Classification, Valuation, and Operation of Investment Portfolio) Third Amendment Directions, 2026",https://rbidocs.rbi.org.in/rdocs/Notification/PDFs/NT26408EF9CCC46424A929E01BF357BC7936C.PDF,data\full_dataset\rbi\pdf\RBI_2026-27_264_DOR.MRG.REC.No.228_00-00-001_2026-27__758ca34d.pdf
13706,RBI/2026-27/263 FMRD.DIRD.No.04/14.03.066/2026-27,"September 22, 2026",Novation of OTC Derivative Contracts,https://rbidocs.rbi.org.in/rdocs/Notification/PDFs/NT263695FF625A09A48248840B53359D48063.PDF,data\full_dataset\rbi\pdf\RBI_2026-27_263_FMRD.DIRD.No.04_14.03.066_2026-27__8bcf2513.pdf
13705,,"September 21, 2026","Reserve Bank of India (Commercial Banks - Minimum Capital Requirements for Market Risk) Directions, 2026",https://rbidocs.rbi.org.in/rdocs/Notification/PDFs/472MDACBA450D67234F52BA2983DA6AED9DFC.PDF,data\full_dataset\rbi\pdf\Reserve_Bank_of_India__Commercial_Banks_-_Minimum_Capital_Requirements_for_Market_Risk__Directions__2026__913cec20.pdf
13704,RBI/2026-27/262 DOR.AML.REC.223/14.01.005/2026-27,"September 18, 2026","Reserve Bank of India (Rural Co-operative Banks – Know Your Customer) Amendment Directions, 2026",https://rbidocs.rbi.org.in/rdocs/Notification/PDFs/NT2621136F543AAF54E3C83DC6E3100941596.PDF,data\full_dataset\rbi\pdf\RBI_2026-27_262_DOR.AML.REC.223_14.01.005_2026-27__20a3978e.pdf
13703,RBI/2026-27/261 DOR.AML.REC.225/14.01.006/2026-27,"September 18, 2026","Reserve Bank of India (Urban Co-operative Banks – Know Your Customer) Amendment Directions, 2026",https://rbidocs.rbi.org.in/rdocs/Notification/PDFs/NT26189BF34E0B0D049A89BA39ADB1EB863A1.PDF,data\full_dataset\rbi\pdf\RBI_2026-27_261_DOR.AML.REC.225_14.01.006_2026-27__d0211d51.pdf
13702,RBI/2026-27/260 DOR.AML.REC.222/14.01.004/2026-27,"September 18, 2026","Reserve Bank of India (Regional Rural Banks – Know Your Customer) Amendment Directions, 2026",https://rbidocs.rbi.org.in/rdocs/Notification/PDFs/NT2604569F184BDB641ED92EA1B7B04FE91A9.PDF,data\full_dataset\rbi\pdf\RBI_2026-27_260_DOR.AML.REC.222_14.01.004_2026-27__091a4a3b.pdf
13701,RBI/2026-27/259 DOR.AML.REC.221/14.01.008/2026-27,"September 18, 2026","Reserve Bank of India (Local Area Banks – Know Your Customer) Amendment Directions, 2026",https://rbidocs.rbi.org.in/rdocs/Notification/PDFs/NT259D9547EEA18C0474490DBC9CADDF191B4.PDF,data\full_dataset\rbi\pdf\RBI_2026-27_259_DOR.AML.REC.221_14.01.008_2026-27__2a9eec63.pdf
13700,RBI/2026-27/258 DOR.AML.REC.224/14.01.007/2026-27,"September 18, 2026","Reserve Bank of India (Small Finance Banks – Know Your Customer) Amendment Directions, 2026",https://rbidocs.rbi.org.in/rdocs/Notification/PDFs/NT2588DAD76B149414739967E7D273D94EADF.PDF,data\full_dataset\rbi\pdf\RBI_2026-27_258_DOR.AML.REC.224_14.01.007_2026-27__b2f2812b.pdf
13699,RBI/2026-27/257 DOR.AML.REC.226/14.01.002/2026-27,"September 18, 2026","Reserve Bank of India (Commercial Banks – Know Your Customer) Amendment Directions, 2026",https://rbidocs.rbi.org.in/rdocs/Notification/PDFs/NT25759AB959133674677945F7C4E392FD010.PDF,data\full_dataset\rbi\pdf\RBI_2026-27_257_DOR.AML.REC.226_14.01.002_2026-27__c918c41a.pdf
13698,RBI/2026-27/256 FIDD.CO.PSD.BC.No.10/04.09.001/2026-27,"September 11, 2026","Reserve Bank of India (Priority Sector Lending – Targets and Classification) Third Amendment Directions, 2026",https://rbidocs.rbi.org.in/rdocs/Notification/PDFs/256NT69E7AC0A815E49618C2CB8CED5F6E5C6.PDF,data\full_dataset\rbi\pdf\RBI_2026-27_256_FIDD.CO.PSD.BC.No.10_04.09.001_2026-27__3f158d7b.pdf
13697,RBI/2026-27/255 DOR.RET.REC.220/12.01.001/2026-27,"September 11, 2026","Reserve Bank of India (Local Area Banks – Cash Reserve Ratio and Statutory Liquidity Ratio) Second Amendment Directions, 2026",https://rbidocs.rbi.org.in/rdocs/Notification/PDFs/NOT2555AA6FB63E154403D95A54E43A0716C1A.PDF,data\full_dataset\rbi\pdf\RBI_2026-27_255_DOR.RET.REC.220_12.01.001_2026-27__dbe61ce4.pdf
13696,RBI/2026-27/254 A.P. (DIR Series) Circular No. 21,"September 08, 2026","Review of Circulars issued under Foreign Exchange Management Act, 1999 (FEMA)",https://rbidocs.rbi.org.in/rdocs/Notification/PDFs/NT254F42FDC8A07F849ED856846F96E6FE308.PDF,data\full_dataset\rbi\pdf\RBI_2026-27_254_A.P.__DIR_Series__Circular_No._21__3c471e11.pdf
13695,RBI/2026-27/253 DOR.AML.REC.219/14.06.001/2026-27,"September 07, 2026",A. Individuals,https://rbidocs.rbi.org.in/rdocs/Notification/PDFs/NOTI253D6DE1AFC21184AA09B9ACA048C17E8C4.PDF,data\full_dataset\rbi\pdf\RBI_2026-27_253_DOR.AML.REC.219_14.06.001_2026-27__930a6fd8.pdf
13694,RBI/2026-27/252 DOR.AML.REC.218/14.06.001/2026-27,"September 07, 2026",TAi.027 Name:,https://rbidocs.rbi.org.in/rdocs/Notification/PDFs/NT2520A4B72AA6EC442B7909321109623981C.PDF,data\full_dataset\rbi\pdf\RBI_2026-27_252_DOR.AML.REC.218_14.06.001_2026-27__45b804c0.pdf
13693,RBI/2026-27/251 A.P. (DIR Series) Circular No. 20,"September 02, 2026",Deposits and Accounts – Accounts of Non-resident banks,https://rbidocs.rbi.org.in/rdocs/Notification/PDFs/251NT85B7339E9B824E5EB17C055D795CE095.PDF,data\full_dataset\rbi\pdf\RBI_2026-27_251_A.P.__DIR_Series__Circular_No._20__bb09402e.pdf
13692,RBI/2026-27/250 CO.FIDD.FSD.No.S544/05-10-001/2026-27,"September 02, 2026",Relief Measures in Areas Affected by Natural Calamities - Reporting through Centralised Information Management System (CIMS) Portal - Introduction of Half-Yearly Return,https://rbidocs.rbi.org.in/rdocs/Notification/PDFs/NT25078C7CF5A327F4156953274A52F7DB8AE.PDF,data\full_dataset\rbi\pdf\RBI_2026-27_250_CO.FIDD.FSD.No.S544_05-10-001_2026-27__3711b46a.pdf
13691,RBI/2026-27/249 DOR.MRG.REC.No.217/00-00-011/2026-27,"September 2, 2026","Reserve Bank of India (Urban Co-operative Banks – Classification, Valuation, and Operation of Investment Portfolio) Second Amendment Directions, 2026",https://rbidocs.rbi.org.in/rdocs/Notification/PDFs/NOTI2490377E8BE75524494AA21A321A0675EAE.PDF,data\full_dataset\rbi\pdf\RBI_2026-27_249_DOR.MRG.REC.No.217_00-00-011_2026-27__27acddaa.pdf
13690,RBI/2026-27/248 DOR.SOG(SPE).REC.214/13.03.00/2026-27,"August 25, 2026","Reserve Bank of India (Rural Co-operative Banks – Interest Rate on Deposits) Second Amendment Directions, 2026",https://rbidocs.rbi.org.in/rdocs/Notification/PDFs/248NT8DDD6A72A6C84370B94BB0E99F102933.PDF,data\full_dataset\rbi\pdf\RBI_2026-27_248_DOR.SOG_SPE_.REC.214_13.03.00_2026-27__c48762bd.pdf
13689,RBI/2026-27/247 DOR.SOG(SPE).REC.216/13.03.00/2026-27,"August 25, 2026","Reserve Bank of India (Urban Co-operative Banks – Interest Rate on Deposits) Third Amendment Directions, 2026",https://rbidocs.rbi.org.in/rdocs/Notification/PDFs/247NTCB2A00D83FED47A7B3985F87DB378B9E.PDF,data\full_dataset\rbi\pdf\RBI_2026-27_247_DOR.SOG_SPE_.REC.216_13.03.00_2026-27__094d80f3.pdf
13688,RBI/2026-27/246 DOR.SOG(SPE).REC.213/13.03.00/2026-27,"August 25, 2026","Reserve Bank of India (Regional Rural Banks – Interest Rate on Deposits) Third Amendment Directions, 2026",https://rbidocs.rbi.org.in/rdocs/Notification/PDFs/246NT3C0EEC17676B48EAA37FB6D88C6E2032.PDF,data\full_dataset\rbi\pdf\RBI_2026-27_246_DOR.SOG_SPE_.REC.213_13.03.00_2026-27__ba91859b.pdf
13687,RBI/2026-27/245 DOR.SOG(SPE).REC.215/13.03.00/2026-27,"August 25, 2026","Reserve Bank of India (Local Area Banks – Interest Rate on Deposits) Third Amendment Directions, 2026",https://rbidocs.rbi.org.in/rdocs/Notification/PDFs/NT2459761406F857D4303BBAA454C7C6A3FB4.PDF,data\full_dataset\rbi\pdf\RBI_2026-27_245_DOR.SOG_SPE_.REC.215_13.03.00_2026-27__d5a1b3d8.pdf
13686,RBI/2026-27/244 DOR.SOG(SPE).REC.212/13.03.00/2026-27,"August 25, 2026","Reserve Bank of India (Small Finance Banks – Interest Rate on Deposits) Third Amendment Directions, 2026",https://rbidocs.rbi.org.in/rdocs/Notification/PDFs/NT244CC7547DD66A14E4485EB6DD3AEE296FA.PDF,data\full_dataset\rbi\pdf\RBI_2026-27_244_DOR.SOG_SPE_.REC.212_13.03.00_2026-27__4bb899ed.pdf
13685,RBI/2026-27/243 DOR.SOG(SPE).REC.211/13.03.00/2026-27,"August 25, 2026","Reserve Bank of India (Commercial Banks – Interest Rate on Deposits) Third Amendment Directions, 2026",https://rbidocs.rbi.org.in/rdocs/Notification/PDFs/NT243E6FCB6CC3F204053BD2E8F6FA1CE7A56.PDF,data\full_dataset\rbi\pdf\RBI_2026-27_243_DOR.SOG_SPE_.REC.211_13.03.00_2026-27__42dc19a4.pdf
13684,RBI/2026-27/242 DOR.RET.REC.209/12.01.001/2026-27,"August 25, 2026","Reserve Bank of India (Rural Co-operative Banks – Cash Reserve Ratio and Statutory Liquidity Ratio) Fourth Amendment Directions, 2026",https://rbidocs.rbi.org.in/rdocs/Notification/PDFs/NT24235AB34A633E1462EB5A2C1CD01994663.PDF,data\full_dataset\rbi\pdf\RBI_2026-27_242_DOR.RET.REC.209_12.01.001_2026-27__da1a9776.pdf
13683,RBI/2026-27/241 DOR.RET.REC.208/12.01.001/2026-27,"August 25, 2026","Reserve Bank of India (Urban Co-operative Banks – Cash Reserve Ratio and Statutory Liquidity Ratio) Fourth Amendment Directions, 2026",https://rbidocs.rbi.org.in/rdocs/Notification/PDFs/NT241CA5C983B376F4739A778B6944149B88B.PDF,data\full_dataset\rbi\pdf\RBI_2026-27_241_DOR.RET.REC.208_12.01.001_2026-27__3852d340.pdf
13682,RBI/2026-27/240 DOR.RET.REC.207/12.01.001/2026-27,"August 25, 2026","Reserve Bank of India (Regional Rural Banks – Cash Reserve Ratio and Statutory Liquidity Ratio) Fourth Amendment Directions, 2026",https://rbidocs.rbi.org.in/rdocs/Notification/PDFs/NT240C8CC7FD6F992477DBEA01132E3C44444.PDF,data\full_dataset\rbi\pdf\RBI_2026-27_240_DOR.RET.REC.207_12.01.001_2026-27__d269e03b.pdf
13681,RBI/2026-27/239 DOR.RET.REC.206/12.01.001/2026-27,"August 25, 2026","Reserve Bank of India (Small Finance Banks – Cash Reserve Ratio and Statutory Liquidity Ratio) Fourth Amendment Directions, 2026",https://rbidocs.rbi.org.in/rdocs/Notification/PDFs/NT239B0CFAD26A5444D0D901B21618B2F6213.PDF,data\full_dataset\rbi\pdf\RBI_2026-27_239_DOR.RET.REC.206_12.01.001_2026-27__37db1e7f.pdf
13680,RBI/2026-27/238 DOR.RET.REC.205/12.01.001/2026-27,"August 25, 2026","Reserve Bank of India (Commercial Banks – Cash Reserve Ratio and Statutory Liquidity Ratio) Fourth Amendment Directions, 2026",https://rbidocs.rbi.org.in/rdocs/Notification/PDFs/NT23815ADAC26488C404E8C691ABFE0080326.PDF,data\full_dataset\rbi\pdf\RBI_2026-27_238_DOR.RET.REC.205_12.01.001_2026-27__dcfaa778.pdf
13679,RBI/2026-27/237 DOR.CRE.REC.210/07-03-008/2026-27,"August 25, 2026","Reserve Bank of India (Non-Banking Financial Companies – Concentration Risk Management) Fourth Amendment Directions, 2026",https://rbidocs.rbi.org.in/rdocs/Notification/PDFs/NT23780AF472D8C5F49009133ED2265BD663A.PDF,data\full_dataset\rbi\pdf\RBI_2026-27_237_DOR.CRE.REC.210_07-03-008_2026-27__818be885.pdf
13678,RBI/2026-27/236 DOR.AML.REC.204/14.06.001/2026-27,"August 19, 2026","Implementation of Section 51A of UAPA, 1967: Updates to UNSC’s 1267/ 1989 ISIL (Da'esh) & Al-Qaida Sanctions List: Amendment of 21 Entries",https://rbidocs.rbi.org.in/rdocs/Notification/PDFs/236NT48287D55E7B846B283FE9DD0875AD70A.PDF,data\full_dataset\rbi\pdf\RBI_2026-27_236_DOR.AML.REC.204_14.06.001_2026-27__090bb70d.pdf
13677,RBI/2026-27/235 DOR.AML.REC.203/14.06.001/2026-27,"August 18, 2026",A. Individuals,https://rbidocs.rbi.org.in/rdocs/Notification/PDFs/NT23571C006A712574952B2413E8D37A4A7A9.PDF,data\full_dataset\rbi\pdf\RBI_2026-27_235_DOR.AML.REC.203_14.06.001_2026-27__e2ef091f.pdf
13676,RBI/2026-27/234 DOR.AML.REC.202/14.06.001/2026-27,"August 18, 2026",A. Individuals,https://rbidocs.rbi.org.in/rdocs/Notification/PDFs/NOTI234D1B504FD061F4B23AC1F5DB206BDD8DE.PDF,data\full_dataset\rbi\pdf\RBI_2026-27_234_DOR.AML.REC.202_14.06.001_2026-27__122f068e.pdf
13675,RBI/2026-27/233 FIDD.CO.LBS.BC.No.09/02.08.001/2026-27,"August 10, 2026",Formation of new districts in the Union Territory of Ladakh – Assignment of Lead Bank Responsibility,https://rbidocs.rbi.org.in/rdocs/Notification/PDFs/NOT2334EAC2F82B084424A83115F1941151F29.PDF,data\full_dataset\rbi\pdf\RBI_2026-27_233_FIDD.CO.LBS.BC.No.09_02.08.001_2026-27__701851e7.pdf
13674,RBI/2026-27/232 FIDD.CO.PSD.BC.No.08/04.09.001/2026-27,"August 07, 2026","Reserve Bank of India (Priority Sector Lending – Targets and Classification) Second Amendment Directions, 2026",https://rbidocs.rbi.org.in/rdocs/Notification/PDFs/NT232EB06EBC84FC84481A5D70B6FD75574E6.PDF,data\full_dataset\rbi\pdf\RBI_2026-27_232_FIDD.CO.PSD.BC.No.08_04.09.001_2026-27__0e06210f.pdf
13673,RBI/2026-2027/231 DOR.MCS.REC.No.201/01-01-039/2026-27,"August 6, 2026","Reserve Bank of India (Housing Finance Companies) Third Amendment Directions, 2026",https://rbidocs.rbi.org.in/rdocs/Notification/PDFs/NOT2315B337B00ED2C4FBD965C32C170DE52A6.PDF,data\full_dataset\rbi\pdf\RBI_2026-2027_231_DOR.MCS.REC.No.201_01-01-039_2026-27__c25394f3.pdf
13672,RBI/2026-27/230 DOR.MCS.REC.No.199/01-01-039/2026-27,"August 6, 2026","Reserve Bank of India (Non-Banking Financial Companies - Responsible Business Conduct) Third Amendment Directions, 2026",https://rbidocs.rbi.org.in/rdocs/Notification/PDFs/NT230A919C5A725694DD78C1C3640B455C4E9.PDF,data\full_dataset\rbi\pdf\RBI_2026-27_230_DOR.MCS.REC.No.199_01-01-039_2026-27__65e695f1.pdf
13671,RBI/2026-27/229 DOR.MCS.REC.No.200/01-01-040/2026-27,"August 6, 2026","Reserve Bank of India (All India Financial Institutions - Responsible Business Conduct) Third Amendment Directions, 2026",https://rbidocs.rbi.org.in/rdocs/Notification/PDFs/NT229A19B0E3435284F00831B68A9482B6ABD.PDF,data\full_dataset\rbi\pdf\RBI_2026-27_229_DOR.MCS.REC.No.200_01-01-040_2026-27__3451d4a6.pdf
13670,RBI/2026-2027/228 DOR.MCS.REC.No.198/01-01-038/2026-27,"August 6, 2026","Reserve Bank of India (Rural Co-operative Banks - Responsible Business Conduct) Fourth Amendment Directions, 2026",https://rbidocs.rbi.org.in/rdocs/Notification/PDFs/NOT2288A0D38AEE93D4305B418F4B5B5D6BFFA.PDF,data\full_dataset\rbi\pdf\RBI_2026-2027_228_DOR.MCS.REC.No.198_01-01-038_2026-27__8d4ba99f.pdf
13669,RBI/2026-27/227 DOR.MCS.REC.No.197/01-01-037/2026-27,"August 6, 2026","Reserve Bank of India (Urban Co-operative Banks - Responsible Business Conduct) Fourth Amendment Directions, 2026",https://rbidocs.rbi.org.in/rdocs/Notification/PDFs/NT227A4F449BA57C145F5A309C0A8B3BBB54D.PDF,data\full_dataset\rbi\pdf\RBI_2026-27_227_DOR.MCS.REC.No.197_01-01-037_2026-27__8afe31d5.pdf
13668,RBI/2026-2027/226 DOR.MCS.REC.No.196/01-01-036/2026-27,"August 6, 2026","Reserve Bank of India (Regional Rural Banks - Responsible Business Conduct) Fourth Amendment Directions, 2026",https://rbidocs.rbi.org.in/rdocs/Notification/PDFs/NOT22685A29E921DAE48C8ACE94172CE0321DD.PDF,data\full_dataset\rbi\pdf\RBI_2026-2027_226_DOR.MCS.REC.No.196_01-01-036_2026-27__87b9ba12.pdf
13667,RBI/2026-27/225 DOR.MCS.REC.No.195/01-01-035/2026-27,"August 6, 2026","Reserve Bank of India (Local Area Banks - Responsible Business Conduct) Fourth Amendment Directions, 2026",https://rbidocs.rbi.org.in/rdocs/Notification/PDFs/NT2251569FE38CE904CF28DFB58D0335766B1.PDF,data\full_dataset\rbi\pdf\RBI_2026-27_225_DOR.MCS.REC.No.195_01-01-035_2026-27__39ed9340.pdf
13666,RBI/2026-2027/224 DOR.MCS.REC.No.194/01-01-033/2026-27,"August 6, 2026","Reserve Bank of India (Small Finance Banks - Responsible Business Conduct) Fourth Amendment Directions, 2026",https://rbidocs.rbi.org.in/rdocs/Notification/PDFs/NOT22486FBFB44C3A74875B9304BABF4EC2607.PDF,data\full_dataset\rbi\pdf\RBI_2026-2027_224_DOR.MCS.REC.No.194_01-01-033_2026-27__e00e678c.pdf
13665,RBI/2026-27/223 DOR.MCS.REC.No.193/01-01-032/2026-27,"August 6, 2026","Reserve Bank of India (Commercial Banks - Responsible Business Conduct) Fourth Amendment Directions, 2026",https://rbidocs.rbi.org.in/rdocs/Notification/PDFs/NT2231ED57C3AA5F1493BA85E48591D755A18.PDF,data\full_dataset\rbi\pdf\RBI_2026-27_223_DOR.MCS.REC.No.193_01-01-032_2026-27__a79677d3.pdf
13664,RBI/2026-27/222 DOR.AML.REC.192/14.06.001/2026-27,"July 31, 2026",,https://rbidocs.rbi.org.in/rdocs/Notification/PDFs/NT222A6F1CE99F47E4043B7DBFE7B11B96548.PDF,data\full_dataset\rbi\pdf\RBI_2026-27_222_DOR.AML.REC.192_14.06.001_2026-27__54a1d9ff.pdf
13663,,"July 31, 2026",Consolidation of Supervisory Instructions – Repeal of Circulars,https://rbidocs.rbi.org.in/rdocs/Notification/PDFs/NT221FE0A4B324CB7415EAFFA02710AC67A48.PDF,data\full_dataset\rbi\pdf\Consolidation_of_Supervisory_Instructions___Repeal_of_Circulars__6ca3565b.pdf
13662,RBI/2026-27/220 DCM (FNVD) No.S1335/16.01.05/2026-27,"July 31, 2026","Fake Indian Currency Notes (FICNs)-Detection, Reporting and Monitoring",https://rbidocs.rbi.org.in/rdocs/Notification/PDFs/NT22031600C31BC5F403AA3CD3FF99E8410E4.PDF,data\full_dataset\rbi\pdf\RBI_2026-27_220_DCM__FNVD__No.S1335_16.01.05_2026-27__3e726b8f.pdf
13661,RBI/2026-27/219 DOR.SOG(SPE).REC.181/13.03.00/2026-27,"July 30, 2026","Reserve Bank of India (Urban Co-operative Banks – Interest Rate on Deposits) Second Amendment Directions, 2026",https://rbidocs.rbi.org.in/rdocs/Notification/PDFs/NT21905948F408D284D128AA9853033D2298F.PDF,data\full_dataset\rbi\pdf\RBI_2026-27_219_DOR.SOG_SPE_.REC.181_13.03.00_2026-27__720c7368.pdf
13660,RBI/2026-27/218 DOR.SOG(SPE).REC.177/13.03.00/2026-27,"July 30, 2026","Reserve Bank of India (Local Area Banks – Interest Rate on Deposits) Second Amendment Directions, 2026",https://rbidocs.rbi.org.in/rdocs/Notification/PDFs/NT2184F10BEFE10E747ECB300CA3A9C53050D.PDF,data\full_dataset\rbi\pdf\RBI_2026-27_218_DOR.SOG_SPE_.REC.177_13.03.00_2026-27__a0fc37cc.pdf
13659,RBI/2026-27/217 DOR.SOG(SPE).REC.179/13.03.00/2026-27,"July 30, 2026","Reserve Bank of India (Payments Banks – Interest Rate on Deposits) Amendment Directions, 2026",https://rbidocs.rbi.org.in/rdocs/Notification/PDFs/NT2177579A8428814410087D1D9930631D732.PDF,data\full_dataset\rbi\pdf\RBI_2026-27_217_DOR.SOG_SPE_.REC.179_13.03.00_2026-27__d0aa9ff1.pdf
13658,RBI/2026-27/216 DOR.SOG(SPE).REC.180/13.03.00/2026-27,"July 30, 2026","Reserve Bank of India (Regional Rural Banks – Interest Rate on Deposits) Second Amendment Directions, 2026",https://rbidocs.rbi.org.in/rdocs/Notification/PDFs/NT216F2E56A6B19F14E11AB9126CBC94C1D8A.PDF,data\full_dataset\rbi\pdf\RBI_2026-27_216_DOR.SOG_SPE_.REC.180_13.03.00_2026-27__82c9ad94.pdf
13657,RBI/2026-27/215 DOR.SOG(SPE).REC.178/13.03.00/2026-27,"July 30, 2026","Reserve Bank of India (Small Finance Banks – Interest Rate on Deposits) Second Amendment Directions, 2026",https://rbidocs.rbi.org.in/rdocs/Notification/PDFs/NT2153539C98C29F4493D8F5993437D46E192.PDF,data\full_dataset\rbi\pdf\RBI_2026-27_215_DOR.SOG_SPE_.REC.178_13.03.00_2026-27__b0da0b22.pdf
13656,RBI/2026-27/214 DOR.SOG(SPE).REC.176/13.03.00/2026-27,"July 30, 2026","Reserve Bank of India (Commercial Banks – Interest Rate on Deposits) Second Amendment Directions, 2026",https://rbidocs.rbi.org.in/rdocs/Notification/PDFs/NT214007577711839463B9DF08E80F7DBCB6F.PDF,data\full_dataset\rbi\pdf\RBI_2026-27_214_DOR.SOG_SPE_.REC.176_13.03.00_2026-27__e49848a3.pdf
13655,,"July 30, 2026","Reserve Bank of India (Small Finance Banks – Financial Statements: Presentation and Disclosures) Fourth Amendment Directions, 2026",https://rbidocs.rbi.org.in/rdocs/Notification/PDFs/NT2135B94D09619AB4E57A4EC564FA03B610E.PDF,data\full_dataset\rbi\pdf\Reserve_Bank_of_India__Small_Finance_Banks___Financial_Statements__Presentation_and_Disclosures__Fourth_Amendment_Directions__2026__5aa91cd3.pdf
13654,,"July 30, 2026","Reserve Bank of India (Small Finance Banks – Governance) Third Amendment Directions, 2026",https://rbidocs.rbi.org.in/rdocs/Notification/PDFs/NT212F2A934710D6A4CDC9E71067C94DC170F.PDF,data\full_dataset\rbi\pdf\Reserve_Bank_of_India__Small_Finance_Banks___Governance__Third_Amendment_Directions__2026__bc7c6b2d.pdf
13653,,"July 30, 2026","Reserve Bank of India (Small Finance Banks – Asset Liability Management) Amendment Directions, 2026",https://rbidocs.rbi.org.in/rdocs/Notification/PDFs/NT2119F4396DD846F40AD93EC8730D34E1DB7.PDF,data\full_dataset\rbi\pdf\Reserve_Bank_of_India__Small_Finance_Banks___Asset_Liability_Management__Amendment_Directions__2026__448738c9.pdf
13652,RBI/2026-27/210 DOR.ACC.REC.No.191/21-01-002/2026-27,"July 30, 2026","Reserve Bank of India (Small Finance Banks – Prudential Norms on Capital Adequacy) Fifth Amendment Directions, 2026",https://rbidocs.rbi.org.in/rdocs/Notification/PDFs/NT2108270FCCB27CD41269C97AB89050D0582.PDF,data\full_dataset\rbi\pdf\RBI_2026-27_210_DOR.ACC.REC.No.191_21-01-002_2026-27__efc8a5db.pdf
13651,,"July 30, 2026","Reserve Bank of India (Payments Banks – Financial Statements: Presentation and Disclosures) Second Amendment Directions, 2026",https://rbidocs.rbi.org.in/rdocs/Notification/PDFs/NT209501B8A8B556F4EE89F16F2F264541B63.PDF,data\full_dataset\rbi\pdf\Reserve_Bank_of_India__Payments_Banks___Financial_Statements__Presentation_and_Disclosures__Second_Amendment_Directions__2026__e97849e1.pdf
13650,,"July 30, 2026","Reserve Bank of India (Payments Banks – Governance) Third Amendment Directions, 2026",https://rbidocs.rbi.org.in/rdocs/Notification/PDFs/NT208FE629C7305784109BDA42B6A7F68C3A9.PDF,data\full_dataset\rbi\pdf\Reserve_Bank_of_India__Payments_Banks___Governance__Third_Amendment_Directions__2026__9da60ce4.pdf
13649,,"July 30, 2026","Reserve Bank of India (Commercial Banks – Financial Statements: Presentation and Disclosures) Eighth Amendment Directions, 2026",https://rbidocs.rbi.org.in/rdocs/Notification/PDFs/NT2071F359D24074A4BAFB39B3ECF2E2E8B8F.PDF,data\full_dataset\rbi\pdf\Reserve_Bank_of_India__Commercial_Banks___Financial_Statements__Presentation_and_Disclosures__Eighth_Amendment_Directions__2026__477e0d35.pdf
13648,,"July 30, 2026","Reserve Bank of India (Commercial Banks – Governance) Third Amendment Directions, 2026",https://rbidocs.rbi.org.in/rdocs/Notification/PDFs/NT206EDD247C9421440388A3EAF0677317C85.PDF,data\full_dataset\rbi\pdf\Reserve_Bank_of_India__Commercial_Banks___Governance__Third_Amendment_Directions__2026__864805ce.pdf
13647,,"July 30, 2026","Reserve Bank of India (Commercial Banks – Asset Liability Management) Second Amendment Directions, 2026",https://rbidocs.rbi.org.in/rdocs/Notification/PDFs/NT205D4E4EF0D80D447CFBFF57992629DC375.PDF,data\full_dataset\rbi\pdf\Reserve_Bank_of_India__Commercial_Banks___Asset_Liability_Management__Second_Amendment_Directions__2026__bf4bf000.pdf
13646,RBI/2026-27/204 DOR.ACC.REC.No.185/21-02-002/2026-27,"July 30, 2026","Reserve Bank of India (Commercial Banks – Prudential Norms on Capital Adequacy) Seventh Amendment Directions, 2026",https://rbidocs.rbi.org.in/rdocs/Notification/PDFs/NT2043855583C178849C8B1D76ED91C4F6229.PDF,data\full_dataset\rbi\pdf\RBI_2026-27_204_DOR.ACC.REC.No.185_21-02-002_2026-27__5a02c3db.pdf
13645,,"July 31, 2026","Reserve Bank of India (Commercial Banks - Compliance Function) Directions, 2026",https://rbidocs.rbi.org.in/rdocs/Notification/PDFs/408MD83CAFF1305FB4180A6C3B4E68C88ED09.PDF,data\full_dataset\rbi\pdf\Reserve_Bank_of_India__Commercial_Banks_-_Compliance_Function__Directions__2026__8add83ff.pdf
13644,,"July 31, 2026","Reserve Bank of India (Commercial Banks – Concurrent Audit) Directions, 2026",https://rbidocs.rbi.org.in/rdocs/Notification/PDFs/409MD13EB09368FC543A2BEDF3B9E8F2C9A6A.PDF,data\full_dataset\rbi\pdf\Reserve_Bank_of_India__Commercial_Banks___Concurrent_Audit__Directions__2026__5e045948.pdf
13643,,"July 31, 2026","Reserve Bank of India (Commercial Banks – Cybersecurity, Technology: Risk, Resilience and Assurance Framework) Directions, 2026",https://rbidocs.rbi.org.in/rdocs/Notification/PDFs/410MD1C1DD4C43C9C49ED9033D64902636D9C.PDF,data\full_dataset\rbi\pdf\Reserve_Bank_of_India__Commercial_Banks___Cybersecurity__Technology__Risk__Resilience_and_Assurance_Framework__Directions__2026__93b71d78.pdf
13642,"RBI/2020-21/21 DPSS.CO.PD No.116/02.12.004/2020-21 dated August 6, 2020 on","July 31, 2026","Reserve Bank of India (Commercial Banks – Digital Payment Security Controls) Directions, 2026",https://rbidocs.rbi.org.in/rdocs/Notification/PDFs/411MD1918998D1AD74F159D57664FB10E053F.PDF,data\full_dataset\rbi\pdf\RBI_2020-21_21_DPSS.CO.PD_No.116_02.12.004_2020-21_dated_August_6__2020_on__9ed7827a.pdf
13641,,"July 31, 2026","Reserve Bank of India (Commercial Banks – Fraud Risk Management) Directions, 2026",https://rbidocs.rbi.org.in/rdocs/Notification/PDFs/412MD5B6CA712E156413BACDEA9DD5CF5D1EF.PDF,data\full_dataset\rbi\pdf\Reserve_Bank_of_India__Commercial_Banks___Fraud_Risk_Management__Directions__2026__cc99949f.pdf
13640,,"July 31, 2026","Reserve Bank of India (Commercial Banks - Internal Audit Function) Directions, 2026",https://rbidocs.rbi.org.in/rdocs/Notification/PDFs/413MD4F9FF319B5954ED1998D65025BDCBFDA.PDF,data\full_dataset\rbi\pdf\Reserve_Bank_of_India__Commercial_Banks_-_Internal_Audit_Function__Directions__2026__226fead0.pdf
13639,,"July 31, 2026","Reserve Bank of India (Commercial Banks – Statutory Audit) Directions, 2026",https://rbidocs.rbi.org.in/rdocs/Notification/PDFs/414MDEB929BD427B7443C98B182F2A13E1396.PDF,data\full_dataset\rbi\pdf\Reserve_Bank_of_India__Commercial_Banks___Statutory_Audit__Directions__2026__a0692512.pdf
13638,,"July 31, 2026","Reserve Bank of India (Commercial Banks – Supervisory Returns) Directions, 2026",https://rbidocs.rbi.org.in/rdocs/Notification/PDFs/415MD17AD8787C68848D58600F61E35468861.PDF,data\full_dataset\rbi\pdf\Reserve_Bank_of_India__Commercial_Banks___Supervisory_Returns__Directions__2026__ca25c808.pdf
13637,,"July 31, 2026","Reserve Bank of India (Commercial Banks – Miscellaneous) Supervisory Directions, 2026",https://rbidocs.rbi.org.in/rdocs/Notification/PDFs/416MD53D6A6765E6649B6AAABB58C0E4C7EFB.PDF,data\full_dataset\rbi\pdf\Reserve_Bank_of_India__Commercial_Banks___Miscellaneous__Supervisory_Directions__2026__861821ae.pdf
13636,,"July 31, 2026","Reserve Bank of India (Small Finance Banks - Compliance Function) Directions, 2026",https://rbidocs.rbi.org.in/rdocs/Notification/PDFs/417MDBF2FB62647A34F518725C7419A522A1A.PDF,data\full_dataset\rbi\pdf\Reserve_Bank_of_India__Small_Finance_Banks_-_Compliance_Function__Directions__2026__60935e45.pdf
13635,,"July 31, 2026","Reserve Bank of India (Small Finance Banks – Concurrent Audit) Directions, 2026",https://rbidocs.rbi.org.in/rdocs/Notification/PDFs/418MD59AF663B94CE4CA4AED6B0F320D63F27.PDF,data\full_dataset\rbi\pdf\Reserve_Bank_of_India__Small_Finance_Banks___Concurrent_Audit__Directions__2026__b07cb83c.pdf
13634,,"July 31, 2026","Reserve Bank of India (Small Finance Banks - Cybersecurity, Technology: Risk, Resilience and Assurance Framework) Directions, 2026",https://rbidocs.rbi.org.in/rdocs/Notification/PDFs/419MD2FBDBDE1A8C948B79579A76A9BC83E21.PDF,data\full_dataset\rbi\pdf\Reserve_Bank_of_India__Small_Finance_Banks_-_Cybersecurity__Technology__Risk__Resilience_and_Assurance_Framework__Directions__2026__a3c27ccd.pdf
13633,"RBI/2020-21/21 DPSS.CO.PD No.116/02.12.004/2020-21 dated August 6, 2020 on","July 31, 2026","Reserve Bank of India (Small Finance Banks – Digital Payment Security Controls) Directions, 2026",https://rbidocs.rbi.org.in/rdocs/Notification/PDFs/420MD29384D707EBB4C938067734D3B24D278.PDF,data\full_dataset\rbi\pdf\RBI_2020-21_21_DPSS.CO.PD_No.116_02.12.004_2020-21_dated_August_6__2020_on__8d3bdb46.pdf
13632,,"July 31, 2026",Development of EWS System:,https://rbidocs.rbi.org.in/rdocs/Notification/PDFs/421MD045AAA3F34354D88B80AB52E2EFBBBA1.PDF,data\full_dataset\rbi\pdf\Development_of_EWS_System___203f74b2.pdf
13631,,"July 31, 2026","Reserve Bank of India (Small Finance Banks - Internal Audit Function) Directions, 2026",https://rbidocs.rbi.org.in/rdocs/Notification/PDFs/422MD40D63D4AC3564816952B97A16E1AFABD.PDF,data\full_dataset\rbi\pdf\Reserve_Bank_of_India__Small_Finance_Banks_-_Internal_Audit_Function__Directions__2026__902b5be5.pdf
13630,,"July 31, 2026","Reserve Bank of India (Small Finance Banks – Statutory Audit) Directions, 2026",https://rbidocs.rbi.org.in/rdocs/Notification/PDFs/423MD425FF643D83E4234949863E6681E0BC3.PDF,data\full_dataset\rbi\pdf\Reserve_Bank_of_India__Small_Finance_Banks___Statutory_Audit__Directions__2026__f496ea42.pdf
13629,,"July 31, 2026","Reserve Bank of India (Small Finance Banks - Supervisory Returns) Directions, 2026",https://rbidocs.rbi.org.in/rdocs/Notification/PDFs/424MD2CF5C97A54FA4C2883108496BBEF2D80.PDF,data\full_dataset\rbi\pdf\Reserve_Bank_of_India__Small_Finance_Banks_-_Supervisory_Returns__Directions__2026__076a2f6c.pdf
13628,,"July 31, 2026","Reserve Bank of India (Small Finance Banks – Miscellaneous) Supervisory Directions, 2026",https://rbidocs.rbi.org.in/rdocs/Notification/PDFs/425MD0436481B095C48CD89101DA2ACCD152E.PDF,data\full_dataset\rbi\pdf\Reserve_Bank_of_India__Small_Finance_Banks___Miscellaneous__Supervisory_Directions__2026__aa63d440.pdf
13627,,"July 31, 2026","Reserve Bank of India (Payments Banks - Compliance Function) Directions, 2026",https://rbidocs.rbi.org.in/rdocs/Notification/PDFs/426MDAC33102EE3FA40DA842AAF54921D76DD.PDF,data\full_dataset\rbi\pdf\Reserve_Bank_of_India__Payments_Banks_-_Compliance_Function__Directions__2026__a5f1044f.pdf
13626,,"July 31, 2026","Reserve Bank of India (Payments Banks – Concurrent Audit) Directions, 2026",https://rbidocs.rbi.org.in/rdocs/Notification/PDFs/427MD7FCE1B261A9043DC9F6B526DAC24BCF3.PDF,data\full_dataset\rbi\pdf\Reserve_Bank_of_India__Payments_Banks___Concurrent_Audit__Directions__2026__c21c7493.pdf
13625,,"July 31, 2026","Reserve Bank of India (Payments Banks - Cybersecurity, Technology: Risk, Resilience and Assurance Framework) Directions, 2026",https://rbidocs.rbi.org.in/rdocs/Notification/PDFs/428MD47757204F5E54CE99FB1E19E8C458655.PDF,data\full_dataset\rbi\pdf\Reserve_Bank_of_India__Payments_Banks_-_Cybersecurity__Technology__Risk__Resilience_and_Assurance_Framework__Directions__2026__82df77bd.pdf
13624,"RBI/2020-21/21 DPSS.CO.PD No.116/02.12.004/2020-21 dated August 6, 2020 on","July 31, 2026","Reserve Bank of India (Payments Banks – Digital Payment Security Controls) Directions, 2026",https://rbidocs.rbi.org.in/rdocs/Notification/PDFs/429MD335484C7D27C4AC58720D636CA735A25.PDF,data\full_dataset\rbi\pdf\RBI_2020-21_21_DPSS.CO.PD_No.116_02.12.004_2020-21_dated_August_6__2020_on__e89e478d.pdf
13623,,"July 31, 2026","Reserve Bank of India (Payments Banks – Fraud Risk Management) Directions, 2026",https://rbidocs.rbi.org.in/rdocs/Notification/PDFs/430MD8AFE9055BACE46968BC6E8CB3112471B.PDF,data\full_dataset\rbi\pdf\Reserve_Bank_of_India__Payments_Banks___Fraud_Risk_Management__Directions__2026__45d4a633.pdf
13622,,"July 31, 2026",Table of Contents,https://rbidocs.rbi.org.in/rdocs/Notification/PDFs/431MDACE5BE38F43D4579B03E9DF6F96DA7B7.PDF,data\full_dataset\rbi\pdf\Table_of_Contents__a50e6cf0.pdf
13621,,"July 31, 2026","Reserve Bank of India (Payments Banks – Statutory Audit) Directions, 2026",https://rbidocs.rbi.org.in/rdocs/Notification/PDFs/432MD02061AE612F1453BAD8A821EBECC8F58.PDF,data\full_dataset\rbi\pdf\Reserve_Bank_of_India__Payments_Banks___Statutory_Audit__Directions__2026__e5849a1f.pdf
13620,,"July 31, 2026","Reserve Bank of India (Payments Banks - Supervisory Returns) Directions, 2026",https://rbidocs.rbi.org.in/rdocs/Notification/PDFs/433MD144CFE8D6C744FDABF82F09A06E54704.PDF,data\full_dataset\rbi\pdf\Reserve_Bank_of_India__Payments_Banks_-_Supervisory_Returns__Directions__2026__3ea0b283.pdf
13619,,"July 31, 2026","Reserve Bank of India (Payments Banks – Miscellaneous) Supervisory Directions, 2026",https://rbidocs.rbi.org.in/rdocs/Notification/PDFs/434MDB0864F4A89F445818734DA5107794020.PDF,data\full_dataset\rbi\pdf\Reserve_Bank_of_India__Payments_Banks___Miscellaneous__Supervisory_Directions__2026__cc6b16f1.pdf
13618,,"July 31, 2026","Reserve Bank of India (Urban Co-operative Banks - Compliance Function) Directions, 2026",https://rbidocs.rbi.org.in/rdocs/Notification/PDFs/435MD3E78BD10EF6B4B0D8E7A686F5515990E.PDF,data\full_dataset\rbi\pdf\Reserve_Bank_of_India__Urban_Co-operative_Banks_-_Compliance_Function__Directions__2026__cdba47fe.pdf
13617,,"July 31, 2026","Reserve Bank of India (Urban Co-operative Banks – Concurrent Audit) Directions, 2026",https://rbidocs.rbi.org.in/rdocs/Notification/PDFs/436MD1749C7AECBD84DA589A814082520A61A.PDF,data\full_dataset\rbi\pdf\Reserve_Bank_of_India__Urban_Co-operative_Banks___Concurrent_Audit__Directions__2026__e58d091f.pdf
13616,,"July 31, 2026","Reserve Bank of India (Urban Co-operative Banks – Cybersecurity, Technology: Risk, Resilience and Assurance Framework) Directions, 2026",https://rbidocs.rbi.org.in/rdocs/Notification/PDFs/437MDA9AD9C6F79B74CC8ABD98AAB32B1CD7D.PDF,data\full_dataset\rbi\pdf\Reserve_Bank_of_India__Urban_Co-operative_Banks___Cybersecurity__Technology__Risk__Resilience_and_Assurance_Framework__Directions__2026__c0225a9b.pdf
13615,"RBI/2020-21/21 DPSS.CO.PD No.116/02.12.004/2020-21 dated August 6, 2020 on","July 31, 2026","Reserve Bank of India (Urban Co-operative Banks – Digital Payment Security Controls) Directions, 2026",https://rbidocs.rbi.org.in/rdocs/Notification/PDFs/438MDD999C3E155F8479AA7075B10FAF82870.PDF,data\full_dataset\rbi\pdf\RBI_2020-21_21_DPSS.CO.PD_No.116_02.12.004_2020-21_dated_August_6__2020_on__427728c0.pdf
13614,,"July 31, 2026","Reserve Bank of India (Urban Co-operative Banks – Fraud Risk Management) Directions, 2026",https://rbidocs.rbi.org.in/rdocs/Notification/PDFs/439MD31E8DC47A27C4FE6B43005D22E4F6CB7.PDF,data\full_dataset\rbi\pdf\Reserve_Bank_of_India__Urban_Co-operative_Banks___Fraud_Risk_Management__Directions__2026__71ae25ca.pdf
13613,,"July 31, 2026","Reserve Bank of India (Urban Co-operative Banks - Internal Audit Function) Directions, 2026",https://rbidocs.rbi.org.in/rdocs/Notification/PDFs/440MDAD4DA76A732549728DFC3DC643051CA0.PDF,data\full_dataset\rbi\pdf\Reserve_Bank_of_India__Urban_Co-operative_Banks_-_Internal_Audit_Function__Directions__2026__a137fda9.pdf
13612,,"July 31, 2026","Reserve Bank of India (Urban Co-operative Banks - Statutory Audit) Directions, 2026",https://rbidocs.rbi.org.in/rdocs/Notification/PDFs/441MD53753CC8209F499E84242D70BF5AAB9F.PDF,data\full_dataset\rbi\pdf\Reserve_Bank_of_India__Urban_Co-operative_Banks_-_Statutory_Audit__Directions__2026__07afdbf3.pdf
13611,,"July 31, 2026","Reserve Bank of India (Urban Co-operative Banks - Supervisory Returns) Directions, 2026",https://rbidocs.rbi.org.in/rdocs/Notification/PDFs/442MD0BA25C6023EF4C10A10B90D638D6B00D.PDF,data\full_dataset\rbi\pdf\Reserve_Bank_of_India__Urban_Co-operative_Banks_-_Supervisory_Returns__Directions__2026__ee01bbcc.pdf
13610,,"July 31, 2026","Reserve Bank of India (Urban Co-operative Banks - Miscellaneous) Supervisory Directions, 2026",https://rbidocs.rbi.org.in/rdocs/Notification/PDFs/443MD40CA627030B44C78A2B73D3CE3BE4E98.PDF,data\full_dataset\rbi\pdf\Reserve_Bank_of_India__Urban_Co-operative_Banks_-_Miscellaneous__Supervisory_Directions__2026__a23d07ff.pdf
13609,,"July 31, 2026","Reserve Bank of India (Local Area Banks - Compliance Function) Directions, 2026",https://rbidocs.rbi.org.in/rdocs/Notification/PDFs/444MDF1F447E6FD10463DAEDCAA55AEBC11ED.PDF,data\full_dataset\rbi\pdf\Reserve_Bank_of_India__Local_Area_Banks_-_Compliance_Function__Directions__2026__4a81d60b.pdf
13608,,"July 31, 2026","Reserve Bank of India (Local Area Banks – Concurrent Audit) Directions, 2026",https://rbidocs.rbi.org.in/rdocs/Notification/PDFs/445MD0C4C20C6998646ABAC1E8634D932999D.PDF,data\full_dataset\rbi\pdf\Reserve_Bank_of_India__Local_Area_Banks___Concurrent_Audit__Directions__2026__b793beb7.pdf
13607,,"July 31, 2026","Reserve Bank of India (Local Area Banks – Fraud Risk Management) Directions, 2026",https://rbidocs.rbi.org.in/rdocs/Notification/PDFs/446MDF0DB1395806B4600842005FCA98583BE.PDF,data\full_dataset\rbi\pdf\Reserve_Bank_of_India__Local_Area_Banks___Fraud_Risk_Management__Directions__2026__caaf5512.pdf
13606,,"July 31, 2026","Reserve Bank of India (Local Area Banks - Internal Audit Function) Directions, 2026",https://rbidocs.rbi.org.in/rdocs/Notification/PDFs/447MDBF165A2602F944F79E739038F8807402.PDF,data\full_dataset\rbi\pdf\Reserve_Bank_of_India__Local_Area_Banks_-_Internal_Audit_Function__Directions__2026__5b7f2bf1.pdf
13605,,"July 31, 2026","Reserve Bank of India (Local Area Banks – Statutory Audit) Directions, 2026",https://rbidocs.rbi.org.in/rdocs/Notification/PDFs/448MDEB239D081FB94715A7DA64D5F34CC51D.PDF,data\full_dataset\rbi\pdf\Reserve_Bank_of_India__Local_Area_Banks___Statutory_Audit__Directions__2026__e09adf65.pdf
13604,,"July 31, 2026","Reserve Bank of India (Local Area Banks - Supervisory Returns) Directions, 2026",https://rbidocs.rbi.org.in/rdocs/Notification/PDFs/449MD116AEA06D1C141EDA717FDD5B72BB988.PDF,data\full_dataset\rbi\pdf\Reserve_Bank_of_India__Local_Area_Banks_-_Supervisory_Returns__Directions__2026__4a20f3e2.pdf
13603,,"July 31, 2026","Reserve Bank of India (Local Area Banks – Miscellaneous) Supervisory Directions, 2026",https://rbidocs.rbi.org.in/rdocs/Notification/PDFs/450MD9EEAB01F633148768CC03DEEA746654E.PDF,data\full_dataset\rbi\pdf\Reserve_Bank_of_India__Local_Area_Banks___Miscellaneous__Supervisory_Directions__2026__c2a62c03.pdf
13602,,"July 31, 2026","Reserve Bank of India (Rural Co-operative Banks – Fraud Risk Management) Directions, 2026",https://rbidocs.rbi.org.in/rdocs/Notification/PDFs/451MD722AF863DDEA43F29EA4828F2038670D.PDF,data\full_dataset\rbi\pdf\Reserve_Bank_of_India__Rural_Co-operative_Banks___Fraud_Risk_Management__Directions__2026__29d68f3c.pdf
13601,,"July 31, 2026","Reserve Bank of India (Rural Co-operative Banks - Statutory Audit) Directions, 2026",https://rbidocs.rbi.org.in/rdocs/Notification/PDFs/452MD687C391BD41D4A4BA803192EC00E5334.PDF,data\full_dataset\rbi\pdf\Reserve_Bank_of_India__Rural_Co-operative_Banks_-_Statutory_Audit__Directions__2026__e25ac5c6.pdf
13600,,"July 31, 2026","Reserve Bank of India (Rural Co-operative Banks - Miscellaneous) Supervisory Directions, 2026",https://rbidocs.rbi.org.in/rdocs/Notification/PDFs/453MD62DE2F74F5754FF89FCE75096ADFA2AF.PDF,data\full_dataset\rbi\pdf\Reserve_Bank_of_India__Rural_Co-operative_Banks_-_Miscellaneous__Supervisory_Directions__2026__5c23cd43.pdf
13599,,"July 31, 2026","Reserve Bank of India (Regional Rural Banks – Fraud Risk Management) Directions, 2026",https://rbidocs.rbi.org.in/rdocs/Notification/PDFs/454MD3627FA91C182430CB1E49367CA5A9896.PDF,data\full_dataset\rbi\pdf\Reserve_Bank_of_India__Regional_Rural_Banks___Fraud_Risk_Management__Directions__2026__2e135e61.pdf
13598,,"July 31, 2026","Reserve Bank of India (Regional Rural Banks - Miscellaneous) Supervisory Directions, 2026",https://rbidocs.rbi.org.in/rdocs/Notification/PDFs/455MDC05EBF7DB224411BA9BCFB752F1AA5C3.PDF,data\full_dataset\rbi\pdf\Reserve_Bank_of_India__Regional_Rural_Banks_-_Miscellaneous__Supervisory_Directions__2026__8258366d.pdf
13597,,"July 31, 2026","Reserve Bank of India (All India Financial Institutions – Cybersecurity, Technology: Risk, Resilience and Assurance Framework) Directions, 2026",https://rbidocs.rbi.org.in/rdocs/Notification/PDFs/456MDC4C94C45185348009970C11F344F27C4.PDF,data\full_dataset\rbi\pdf\Reserve_Bank_of_India__All_India_Financial_Institutions___Cybersecurity__Technology__Risk__Resilience_and_Assurance_Framework__Directions__2026__9658157f.pdf
13596,,"July 31, 2026","Reserve Bank of India (All India Financial Institutions – Fraud Risk Management) Directions, 2026",https://rbidocs.rbi.org.in/rdocs/Notification/PDFs/457MDAC203EBBDF604A81958E02BB2C4BB1B1.PDF,data\full_dataset\rbi\pdf\Reserve_Bank_of_India__All_India_Financial_Institutions___Fraud_Risk_Management__Directions__2026__cebde1b8.pdf
13595,,"July 31, 2026","Reserve Bank of India (All India Financial Institutions - Supervisory Returns) Directions, 2026",https://rbidocs.rbi.org.in/rdocs/Notification/PDFs/458MD364EFCA1964B4A9D88DBC6F0D774C920.PDF,data\full_dataset\rbi\pdf\Reserve_Bank_of_India__All_India_Financial_Institutions_-_Supervisory_Returns__Directions__2026__14e22f10.pdf
13594,,"July 31, 2026","Reserve Bank of India (All India Financial Institutions - Miscellaneous) Supervisory Directions, 2026",https://rbidocs.rbi.org.in/rdocs/Notification/PDFs/459MD246DBC64D787490CA734181844D21432.PDF,data\full_dataset\rbi\pdf\Reserve_Bank_of_India__All_India_Financial_Institutions_-_Miscellaneous__Supervisory_Directions__2026__814e7f25.pdf
13593,,"July 31, 2026","Reserve Bank of India (Non-Banking Financial Companies - Compliance Function) Directions, 2026",https://rbidocs.rbi.org.in/rdocs/Notification/PDFs/460MD930686EC27D04B4AA9DF4A3481CDD465.PDF,data\full_dataset\rbi\pdf\Reserve_Bank_of_India__Non-Banking_Financial_Companies_-_Compliance_Function__Directions__2026__0086830d.pdf
13592,,"July 31, 2026","Reserve Bank of India (Non-Banking Financial Companies – Cybersecurity, Technology: Risk, Resilience and Assurance Framework) Directions, 2026",https://rbidocs.rbi.org.in/rdocs/Notification/PDFs/461MD9FAF2CD7550844EE9A70C884DBE4A8A6.PDF,data\full_dataset\rbi\pdf\Reserve_Bank_of_India__Non-Banking_Financial_Companies___Cybersecurity__Technology__Risk__Resilience_and_Assurance_Framework__Directions__2026__5b2432e5.pdf
13591,"RBI/2020-21/21 DPSS.CO.PD No.116/02.12.004/2020-21 dated August 6, 2020 on","July 31, 2026","Reserve Bank of India (Non-Banking Financial Companies – Digital Payment Security Controls) Directions, 2026",https://rbidocs.rbi.org.in/rdocs/Notification/PDFs/462MD7323FF342D124FAF9BC3B3F7E4F837A5.PDF,data\full_dataset\rbi\pdf\RBI_2020-21_21_DPSS.CO.PD_No.116_02.12.004_2020-21_dated_August_6__2020_on__d198ab37.pdf
13590,,"July 31, 2026","Reserve Bank of India (Non-Banking Financial Companies – Fraud Risk Management) Directions, 2026",https://rbidocs.rbi.org.in/rdocs/Notification/PDFs/463MDC5167A28A3B24A2B856804E201261635.PDF,data\full_dataset\rbi\pdf\Reserve_Bank_of_India__Non-Banking_Financial_Companies___Fraud_Risk_Management__Directions__2026__c1a3f72f.pdf
13589,,"July 31, 2026","Reserve Bank of India (Non-Banking Financial Companies - Internal Audit Function) Directions, 2026",https://rbidocs.rbi.org.in/rdocs/Notification/PDFs/464MD4F5E2EE83BB848DFB6B3475F8B91F45B.PDF,data\full_dataset\rbi\pdf\Reserve_Bank_of_India__Non-Banking_Financial_Companies_-_Internal_Audit_Function__Directions__2026__a010e5cc.pdf
13588,,"July 31, 2026","Reserve Bank of India (Non-Banking Financial Companies - Statutory Audit) Directions, 2026",https://rbidocs.rbi.org.in/rdocs/Notification/PDFs/465MD03A0FCE0832642DDAAE82DB2FBC920C8.PDF,data\full_dataset\rbi\pdf\Reserve_Bank_of_India__Non-Banking_Financial_Companies_-_Statutory_Audit__Directions__2026__aea37e87.pdf
13587,,"July 31, 2026","Reserve Bank of India (Non-Banking Financial Companies - Supervisory Returns) Directions, 2026",https://rbidocs.rbi.org.in/rdocs/Notification/PDFs/466MD8895831DD9DF4F4ABD6342045EB4509C.PDF,data\full_dataset\rbi\pdf\Reserve_Bank_of_India__Non-Banking_Financial_Companies_-_Supervisory_Returns__Directions__2026__2471a55f.pdf
13586,,"July 31, 2026","Reserve Bank of India (Non-Banking Financial Companies – Miscellaneous) Supervisory Directions, 2026",https://rbidocs.rbi.org.in/rdocs/Notification/PDFs/467MD9CF8CD4ED6364DEEAB5E2638BC39ABA8.PDF,data\full_dataset\rbi\pdf\Reserve_Bank_of_India__Non-Banking_Financial_Companies___Miscellaneous__Supervisory_Directions__2026__032027b9.pdf
13585,,"July 31, 2026","Reserve Bank of India (Non-Banking Financial Companies - Auditor’s Report) Directions, 2026",https://rbidocs.rbi.org.in/rdocs/Notification/PDFs/468MDF194492AB28E4600BEA9DFBF8D32CC13.PDF,data\full_dataset\rbi\pdf\Reserve_Bank_of_India__Non-Banking_Financial_Companies_-_Auditor_s_Report__Directions__2026__ec42ab06.pdf
13584,,"July 31, 2026","Reserve Bank of India (Asset Reconstruction Companies - Supervisory Returns) Directions, 2026",https://rbidocs.rbi.org.in/rdocs/Notification/PDFs/469MDD14C26A537384DFA85C27DFF81A91765.PDF,data\full_dataset\rbi\pdf\Reserve_Bank_of_India__Asset_Reconstruction_Companies_-_Supervisory_Returns__Directions__2026__a884c592.pdf
13583,,"July 31, 2026","Reserve Bank of India (Credit Information Companies – Cybersecurity, Technology: Risk, Resilience and Assurance Framework) Directions, 2026",https://rbidocs.rbi.org.in/rdocs/Notification/PDFs/470MD9D03D4E25E864955B59B7A17DA164DB9.PDF,data\full_dataset\rbi\pdf\Reserve_Bank_of_India__Credit_Information_Companies___Cybersecurity__Technology__Risk__Resilience_and_Assurance_Framework__Directions__2026__f2030693.pdf
13582,,"July 31, 2026","Reserve Bank of India (Credit Information Companies - Miscellaneous) Supervisory Directions, 2026",https://rbidocs.rbi.org.in/rdocs/Notification/PDFs/471MD76C394F39ABC4C0998D865E923481A06.PDF,data\full_dataset\rbi\pdf\Reserve_Bank_of_India__Credit_Information_Companies_-_Miscellaneous__Supervisory_Directions__2026__d940903a.pdf
13581,RBI/2026-27/203 A.P. (DIR Series) Circular No.19,"July 17, 2026",Special Rupee Vostro Accounts (SRVAs),https://rbidocs.rbi.org.in/rdocs/Notification/PDFs/NOTI2033D4B28F9A3A54B548FF6B13A8E8F5355.PDF,data\full_dataset\rbi\pdf\RBI_2026-27_203_A.P.__DIR_Series__Circular_No.19__09f1adf5.pdf
13580,RBI/2026-27/202 DOR.STR.REC.167/21-04-048/2026-27,"July 16, 2026","Reserve Bank of India (Local Area Banks – Income Recognition, Asset Classification and Provisioning) Second Amendment Directions, 2026",https://rbidocs.rbi.org.in/rdocs/Notification/PDFs/NT202C175F4B078794171A4C0373CBEA2EB78.PDF,data\full_dataset\rbi\pdf\RBI_2026-27_202_DOR.STR.REC.167_21-04-048_2026-27__348f0983.pdf
13579,RBI/2026-27/201 DOR.STR.REC.166/21-04-048/2026-27,"July 16, 2026","Reserve Bank of India (Regional Rural Banks – Income Recognition, Asset Classification and Provisioning) Second Amendment Directions, 2026",https://rbidocs.rbi.org.in/rdocs/Notification/PDFs/NT2017A51C1C911F74F959899F6F29D5BE66C.PDF,data\full_dataset\rbi\pdf\RBI_2026-27_201_DOR.STR.REC.166_21-04-048_2026-27__4299e1bc.pdf
13578,RBI/2026-27/200 DOR.STR.REC.165/21-04-048/2026-27,"July 16, 2026","Reserve Bank of India (Rural Co-operative Banks – Income Recognition, Asset Classification and Provisioning) Third Amendment Directions, 2026",https://rbidocs.rbi.org.in/rdocs/Notification/PDFs/NT200854D69DFD8154AC2B98D26E4A461808D.PDF,data\full_dataset\rbi\pdf\RBI_2026-27_200_DOR.STR.REC.165_21-04-048_2026-27__eb4e9794.pdf
13577,RBI/2026-27/199 DOR.STR.REC.164/21-04-048/2026-27,"July 16, 2026","Reserve Bank of India (Urban Cooperative Banks – Income Recognition, Asset Classification and Provisioning) Second Amendment Directions, 2026",https://rbidocs.rbi.org.in/rdocs/Notification/PDFs/NT19989F883C694BB4C2E8ABD8BA49F20A3C4.PDF,data\full_dataset\rbi\pdf\RBI_2026-27_199_DOR.STR.REC.164_21-04-048_2026-27__fdab7b40.pdf
13576,RBI/2026-27/198 DOR.STR.REC.163/21-04-048/2026-27,"July 16, 2026","Reserve Bank of India (All India Financial Institutions – Income Recognition, Asset Classification and Provisioning) Second Amendment Directions, 2026",https://rbidocs.rbi.org.in/rdocs/Notification/PDFs/NT198087D594FD4634A978595D260D80270BF.PDF,data\full_dataset\rbi\pdf\RBI_2026-27_198_DOR.STR.REC.163_21-04-048_2026-27__33370469.pdf
13575,RBI/2026-27/197 DOR.STR.REC.162/21-04-048/2026-27,"July 16, 2026","Reserve Bank of India (Non-Banking Financial Companies Income Recognition, Asset Classification and Provisioning) Third Amendment Directions, 2026",https://rbidocs.rbi.org.in/rdocs/Notification/PDFs/NT1971DF66377C8CD4547B9B1A1DF6C209B58.PDF,data\full_dataset\rbi\pdf\RBI_2026-27_197_DOR.STR.REC.162_21-04-048_2026-27__d91e1344.pdf
13574,RBI/2026-27/196 DOR.STR.REC.161/21-04-048/2026-27,"July 16, 2026","Reserve Bank of India (Small Finance Banks – Income Recognition, Asset Classification and Provisioning) Second Amendment Directions, 2026",https://rbidocs.rbi.org.in/rdocs/Notification/PDFs/NT196D3CCC06F1B4A44579C87D29949CAF152.PDF,data\full_dataset\rbi\pdf\RBI_2026-27_196_DOR.STR.REC.161_21-04-048_2026-27__a58fde1b.pdf
13573,RBI/2026-27/195 DOR.STR.REC.160/21-04-048/2026-27,"July 16, 2026","Reserve Bank of India (Commercial Banks – Income Recognition, Asset Classification and Provisioning) Second Amendment Directions, 2026",https://rbidocs.rbi.org.in/rdocs/Notification/PDFs/NT19531097A99C4354D2E9DAAB1FD63111217.PDF,data\full_dataset\rbi\pdf\RBI_2026-27_195_DOR.STR.REC.160_21-04-048_2026-27__145b6227.pdf
13572,RBI/2026-27/194 DOR.STR.REC.175/21-04-048/2026-27,"July 16, 2026","Reserve Bank of India (Local Area Banks – Resolution of Stressed Assets) Second Amendment Directions, 2026",https://rbidocs.rbi.org.in/rdocs/Notification/PDFs/NT1943A84A8F8590C4526836504B313DF5299.PDF,data\full_dataset\rbi\pdf\RBI_2026-27_194_DOR.STR.REC.175_21-04-048_2026-27__edc7e4bc.pdf
13571,RBI/2026-27/193 DOR.STR.REC.174/21-04-048/2026-27,"July 16, 2026","Reserve Bank of India (Regional Rural Banks – Resolution of Stressed Assets) Second Amendment Directions, 2026",https://rbidocs.rbi.org.in/rdocs/Notification/PDFs/NT193DBC7BF27AF084E1A9F82B480600F94D4.PDF,data\full_dataset\rbi\pdf\RBI_2026-27_193_DOR.STR.REC.174_21-04-048_2026-27__8eb4ee20.pdf
13570,RBI/2026-27/192 DOR.STR.REC.173/21-04-048/2026-27,"July 16, 2026","Reserve Bank of India (Rural Co-operative Banks – Resolution of Stressed Assets) Second Amendment Directions, 2026",https://rbidocs.rbi.org.in/rdocs/Notification/PDFs/NT1923576BC765E92462A9CD777037BD2FFAB.PDF,data\full_dataset\rbi\pdf\RBI_2026-27_192_DOR.STR.REC.173_21-04-048_2026-27__d1b01c90.pdf
13569,RBI/2026-27/191 DOR.STR.REC.172/21-04-048/2026-27,"July 16, 2026","Reserve Bank of India (Urban Co-operative Banks – Resolution of Stressed Assets) Third Amendment Directions, 2026",https://rbidocs.rbi.org.in/rdocs/Notification/PDFs/NT1916038B50A1B9B40C59E86CD6F5206BD2F.PDF,data\full_dataset\rbi\pdf\RBI_2026-27_191_DOR.STR.REC.172_21-04-048_2026-27__000da496.pdf
13568,RBI/2026-27/190 DOR.STR.REC.171/21-04-048/2026-27,"July 16, 2026","Reserve Bank of India (All India Financial Institutions – Resolution of Stressed Assets) Second Amendment Directions, 2026",https://rbidocs.rbi.org.in/rdocs/Notification/PDFs/NT190D49E5E42441746B49EE816FACB628266.PDF,data\full_dataset\rbi\pdf\RBI_2026-27_190_DOR.STR.REC.171_21-04-048_2026-27__64af661b.pdf
13567,RBI/2026-27/189 DOR.STR.REC.170/21-04-048/2026-27,"July 16, 2026","Reserve Bank of India (Non-Banking Financial Companies – Resolution of Stressed Assets) Second Amendment Directions, 2026",https://rbidocs.rbi.org.in/rdocs/Notification/PDFs/NT189F56B9B7E49D84F56A9446AB9B978B2EB.PDF,data\full_dataset\rbi\pdf\RBI_2026-27_189_DOR.STR.REC.170_21-04-048_2026-27__a3f056dc.pdf
13566,RBI/2026-27/188 DOR.STR.REC.169/21-04-048/2026-27,"July 16, 2026","Reserve Bank of India (Small Finance Banks – Resolution of Stressed Assets) Second Amendment Directions, 2026",https://rbidocs.rbi.org.in/rdocs/Notification/PDFs/NT188015E72362709478EB406ABE81ED79F00.PDF,data\full_dataset\rbi\pdf\RBI_2026-27_188_DOR.STR.REC.169_21-04-048_2026-27__5e3f6f66.pdf
13565,RBI/2026-27/187 DOR.STR.REC.168/21-04-048/2026-27,"July 16, 2026","Reserve Bank of India (Commercial Banks – Resolution of Stressed Assets) Third Amendment Directions, 2026",https://rbidocs.rbi.org.in/rdocs/Notification/PDFs/NT187A63B1C730CB2466A816A3468F005A157.PDF,data\full_dataset\rbi\pdf\RBI_2026-27_187_DOR.STR.REC.168_21-04-048_2026-27__7ccf8619.pdf
13564,RBI/2026-27/186 DOR.AML.REC.159/14.06.001/2026-27,"July 15, 2026","Designation of 23 individuals under clause (a) of sub-section (1) and sub-section (2) of section 35 of the Unlawful Activities (Prevention) Act, 1967 and listed in the Fourth Schedule of the Act",https://rbidocs.rbi.org.in/rdocs/Notification/PDFs/NT186814ABE7F5C23416AAC1C57C5EE9DBF15.PDF,data\full_dataset\rbi\pdf\RBI_2026-27_186_DOR.AML.REC.159_14.06.001_2026-27__e078e3ec.pdf
13563,RBI/2026-27/185 DOR.STR.REC.158/21-04-048/2026-27,"July 15, 2026","Reserve Bank of India (Urban Cooperative Banks – Credit Facilities) Second Amendment Directions, 2026",https://rbidocs.rbi.org.in/rdocs/Notification/PDFs/185UCB15072026075484AC2C784C5FB2A0CF49E88B5724.PDF,data\full_dataset\rbi\pdf\RBI_2026-27_185_DOR.STR.REC.158_21-04-048_2026-27__05c3cb46.pdf
13562,RBI/2026-27/184 DOR.STR.REC.157/21-04-048/2026-27,"July 15, 2026","Reserve Bank of India (All India Financial Institutions – Credit Facilities) Second Amendment Directions, 2026",https://rbidocs.rbi.org.in/rdocs/Notification/PDFs/NOTI184F3C3FFDBE4D643398B94B5564A5ADF0C.PDF,data\full_dataset\rbi\pdf\RBI_2026-27_184_DOR.STR.REC.157_21-04-048_2026-27__7b1d9cd4.pdf
13561,RBI/2026-27/183 DOR.STR.REC.156/21-04-048/2026-27,"July 15, 2026","Reserve Bank of India (Non-Banking Financial Companies – Credit Facilities) Second Amendment Directions, 2026",https://rbidocs.rbi.org.in/rdocs/Notification/PDFs/NOTI183EA7400834F5C439AA39944FD0DB7669C.PDF,data\full_dataset\rbi\pdf\RBI_2026-27_183_DOR.STR.REC.156_21-04-048_2026-27__7eacbe6e.pdf
13560,RBI/2026-27/182 DOR.STR.REC.155/21-04-048/2026-27,"July 15, 2026","Reserve Bank of India (Small Finance Banks – Credit Facilities) Fourth Amendment Directions, 2026",https://rbidocs.rbi.org.in/rdocs/Notification/PDFs/182NTF1B117AAC2BE4EBCA4D6A16253A7D5D9.PDF,data\full_dataset\rbi\pdf\RBI_2026-27_182_DOR.STR.REC.155_21-04-048_2026-27__136b8f58.pdf
13559,RBI/2026-27/181 DOR.STR.REC.154/21-04-048/2026-27,"July 15, 2026","Reserve Bank of India (Commercial Banks – Credit Facilities) Fifth Amendment Directions, 2026",https://rbidocs.rbi.org.in/rdocs/Notification/PDFs/NT1814DA7B50C04B94179A16A0E9C5FF82E35.PDF,data\full_dataset\rbi\pdf\RBI_2026-27_181_DOR.STR.REC.154_21-04-048_2026-27__ed14ea26.pdf
13558,RBI/2026-27/179 DOR.HGG.GOV.152/29.67.001/2026-27,"July 14, 2026","Reserve Bank of India (Payments Banks – Governance) Amendment Directions, 2026",https://rbidocs.rbi.org.in/rdocs/Notification/PDFs/179PBSE4E3266D1B704F37A1C3C5805B81DAD3.PDF,data\full_dataset\rbi\pdf\RBI_2026-27_179_DOR.HGG.GOV.152_29.67.001_2026-27__e253468d.pdf
13557,RBI/2026-27/180 DOR.HGG.GOV.153/29.67.001/2026-27,"July 14, 2026","Reserve Bank of India (Local Area Banks – Governance) Amendment Directions, 2026",https://rbidocs.rbi.org.in/rdocs/Notification/PDFs/NT180575ECB229A4644A8ABA4A327C1D9E471.PDF,data\full_dataset\rbi\pdf\RBI_2026-27_180_DOR.HGG.GOV.153_29.67.001_2026-27__ff1303be.pdf
13556,RBI/2026-27/178 DOR.HGG.GOV.151/29.67.001/2026-27,"July 14, 2026","Reserve Bank of India (Small Finance Banks – Governance) Amendment Directions, 2026",https://rbidocs.rbi.org.in/rdocs/Notification/PDFs/NT1780C5CD16BB4DA4A5E9C38D44A7A24E4FC.PDF,data\full_dataset\rbi\pdf\RBI_2026-27_178_DOR.HGG.GOV.151_29.67.001_2026-27__38bd3bfe.pdf
13555,RBI/2026-27/177 DOR.HGG.GOV.150/29.67.001/2026-27,"July 14, 2026","Reserve Bank of India (Commercial Banks – Governance) Amendment Directions, 2026",https://rbidocs.rbi.org.in/rdocs/Notification/PDFs/NT1772C9F82D1FE8E4ADF8864A476A7523BA9.PDF,data\full_dataset\rbi\pdf\RBI_2026-27_177_DOR.HGG.GOV.150_29.67.001_2026-27__80c60d68.pdf
13554,RBI/2026-27/176 DOR.AML.REC.149/14.06.001/2026-27,"July 09, 2026",QDi.439 Name:,https://rbidocs.rbi.org.in/rdocs/Notification/PDFs/176NTFFD72D303B8F40D993EC9F70BC059075.PDF,data\full_dataset\rbi\pdf\RBI_2026-27_176_DOR.AML.REC.149_14.06.001_2026-27__5179c5cc.pdf
13553,,"June 18, 2026","Foreign Exchange Management (Deposit) (Sixth Amendment) Regulations, 2026",https://rbidocs.rbi.org.in/rdocs/Notification/PDFs/EFEMA5R29062026E3BFC156720D4B4A8E338E7CAFEE6D1B.PDF,data\full_dataset\rbi\pdf\Foreign_Exchange_Management__Deposit___Sixth_Amendment__Regulations__2026__e7dbfc75.pdf
13552,,"September 22, 2026","Master Direction – Reserve Bank of India (Credit Derivatives) Directions, 2026 (Updated as on September 22, 2026)",https://rbidocs.rbi.org.in/rdocs/Notification/PDFs/407MD23637C77AC6742318BC8906ED8B98BEC.PDF,data\full_dataset\rbi\pdf\Master_Direction___Reserve_Bank_of_India__Credit_Derivatives__Directions__2026__Updated_as_on_September_22__2026___33010149.pdf
13551,RBI/2026-27/175 A.P. (DIR Series) Circular No. 18,"June 24, 2026","Review of Circulars issued under Foreign Exchange Management Act, 1999 (FEMA)",https://rbidocs.rbi.org.in/rdocs/Notification/PDFs/NOTI175F6B054B1ED504FC9884DC0F4460A7934.PDF,data\full_dataset\rbi\pdf\RBI_2026-27_175_A.P.__DIR_Series__Circular_No._18__9430b189.pdf
13550,RBI/2026-27/174 A.P. (DIR Series) Circular No.17,"June 24, 2026","Modification of Returns / Reporting requirements under FEMA, 1999",https://rbidocs.rbi.org.in/rdocs/Notification/PDFs/NOT174861384D42127405E96F021116C60778E.PDF,data\full_dataset\rbi\pdf\RBI_2026-27_174_A.P.__DIR_Series__Circular_No.17__e0fc87c9.pdf
13549,RBI/2026-27/173 DOR.MCS.REC.No.136/01-01-038/2026-27,"June 24, 2026","Reserve Bank of India (Rural Co-operative Banks - Responsible Business Conduct) Third Amendment Directions, 2026",https://rbidocs.rbi.org.in/rdocs/Notification/PDFs/NT173B7B85DF08236469590207FFC7545E6B8.PDF,data\full_dataset\rbi\pdf\RBI_2026-27_173_DOR.MCS.REC.No.136_01-01-038_2026-27__0ed46b91.pdf
13548,RBI/2026-27/172 DOR.MCS.REC.No.135/01-01-037/2026-27,"June 24, 2026",_______________,https://rbidocs.rbi.org.in/rdocs/Notification/PDFs/NOTI172128354C5300F4FF685888EABF96789F8.PDF,data\full_dataset\rbi\pdf\RBI_2026-27_172_DOR.MCS.REC.No.135_01-01-037_2026-27__71a75a18.pdf
13547,RBI/2026-27/171 DOR.MCS.REC.No.134/01-01-036/2026-27,"June 24, 2026","Reserve Bank of India (Regional Rural Banks - Responsible Business Conduct) Third Amendment Directions, 2026",https://rbidocs.rbi.org.in/rdocs/Notification/PDFs/NOTI17127907CE7AC8846139741F91BC8E9348E.PDF,data\full_dataset\rbi\pdf\RBI_2026-27_171_DOR.MCS.REC.No.134_01-01-036_2026-27__e3de01d6.pdf
13546,RBI/2026-27/170 DOR.MCS.REC.No.133/01-01-035/2026-27,"June 24, 2026",_______________,https://rbidocs.rbi.org.in/rdocs/Notification/PDFs/NT1701E6036FCC7454622B637861979437362.PDF,data\full_dataset\rbi\pdf\RBI_2026-27_170_DOR.MCS.REC.No.133_01-01-035_2026-27__d2f6b834.pdf
13545,RBI/2026-27/169 DOR.MCS.REC.No.132/01-01-034/2026-27,"June 24, 2026",_______________,https://rbidocs.rbi.org.in/rdocs/Notification/PDFs/NOTI169043F03F8D9074E56A2ADBD9C350E7B13.PDF,data\full_dataset\rbi\pdf\RBI_2026-27_169_DOR.MCS.REC.No.132_01-01-034_2026-27__bd7cb86e.pdf
13544,RBI/2026-27/168 DOR.MCS.REC.No.131/01-01-033/2026-27,"June 24, 2026","Reserve Bank of India (Small Finance Banks - Responsible Business Conduct) Third Amendment Directions, 2026",https://rbidocs.rbi.org.in/rdocs/Notification/PDFs/NOTI16893D80C3F0D274A3CA1102BFC081F922C.PDF,data\full_dataset\rbi\pdf\RBI_2026-27_168_DOR.MCS.REC.No.131_01-01-033_2026-27__caff9fde.pdf
13543,RBI/2026-27/167 DOR.MCS.REC.No.130/01-01-032/2026-27,"June 24, 2026","Reserve Bank of India (Commercial Banks - Responsible Business Conduct) Third Amendment Directions, 2026",https://rbidocs.rbi.org.in/rdocs/Notification/PDFs/NT16738E653AADCEC4217BEFFA92C050F69AD.PDF,data\full_dataset\rbi\pdf\RBI_2026-27_167_DOR.MCS.REC.No.130_01-01-032_2026-27__3bad502c.pdf
13542,RBI/2026-27/166 DOR.FIN.REC.No.140/03.10.001/2026-27,"June 24, 2026","Reserve Bank of India (Non-Banking Financial Companies – Financial Statements: Presentation and Disclosures) Second Amendment Directions, 2026",https://rbidocs.rbi.org.in/rdocs/Notification/PDFs/NT166582730AAA08B4B05B7E9EE3D8C80D1F5.PDF,data\full_dataset\rbi\pdf\RBI_2026-27_166_DOR.FIN.REC.No.140_03.10.001_2026-27__beabc312.pdf
13541,RBI/2026-27/165 DOR.FIN.REC.No.139/03.10.001/2026-27,"June 24, 2026","Reserve Bank of India (Non-Banking Financial Companies – Governance) Amendment Directions, 2026",https://rbidocs.rbi.org.in/rdocs/Notification/PDFs/NT165622ACFE9D9E5440DBC837371ACC3DF68.PDF,data\full_dataset\rbi\pdf\RBI_2026-27_165_DOR.FIN.REC.No.139_03.10.001_2026-27__e0b766cd.pdf
13540,RBI/2026-27/164 DOR.FIN.REC.No.138/03.10.001/2026-27,"June 24, 2026","Reserve Bank of India (Non-Banking Financial Companies – Concentration Risk Management) Third Amendment Directions, 2026",https://rbidocs.rbi.org.in/rdocs/Notification/PDFs/NT164ABB075A2E7A54F88A030C5B99C99E7D4.PDF,data\full_dataset\rbi\pdf\RBI_2026-27_164_DOR.FIN.REC.No.138_03.10.001_2026-27__3fb10c32.pdf
13539,RBI/2026-27/163 DOR.FIN.REC.No.137/03.10.001/2026-27,"June 24, 2026","Reserve Bank of India (Non-Banking Financial Companies – Registration, Exemptions and Framework for Scale Based Regulation) Second Amendment Directions, 2026",https://rbidocs.rbi.org.in/rdocs/Notification/PDFs/NT163FD4D81A6803A47EB8D8BDB3169B1AAB0.PDF,data\full_dataset\rbi\pdf\RBI_2026-27_163_DOR.FIN.REC.No.137_03.10.001_2026-27__31619fcd.pdf
13538,RBI/2026-27/161 DOR.MRG.REC.No.147/21-01-002/2026-27,"June 24, 2026","Reserve Bank of India (All India Financial Institutions (AIFIs) – Prudential Norms on Capital Adequacy) Fourth Amendment Directions, 2026",https://rbidocs.rbi.org.in/rdocs/Notification/PDFs/NOTI16197E5C4E876D3494BB4D6EFE5C4C49B1B.PDF,data\full_dataset\rbi\pdf\RBI_2026-27_161_DOR.MRG.REC.No.147_21-01-002_2026-27__fc6f3903.pdf
13537,RBI/2026-27/162 DOR.MRG.REC.No.148/03-10-119/2026-27,"June 24, 2026","Reserve Bank of India (Standalone Primary Dealers) Second Amendment Directions, 2026",https://rbidocs.rbi.org.in/rdocs/Notification/PDFs/NOTI162D4DE1FAD5BAE4069A12EAE0C89381D95.PDF,data\full_dataset\rbi\pdf\RBI_2026-27_162_DOR.MRG.REC.No.148_03-10-119_2026-27__88859a8f.pdf
13536,RBI/2026-27/160 DOR.MRG.REC.No.146/21-01-002/2026-27,"June 24, 2026","Reserve Bank of India (Rural Co-operative Banks - Prudential Norms on Capital Adequacy) Amendment Directions, 2026",https://rbidocs.rbi.org.in/rdocs/Notification/PDFs/NOT160841E4AA2CF8042DA91E8B1A9A201A66F.PDF,data\full_dataset\rbi\pdf\RBI_2026-27_160_DOR.MRG.REC.No.146_21-01-002_2026-27__2da4458b.pdf
13535,RBI/2026-27/159 DOR.MRG.REC.No.145/21-01-002/2026-27,"June 24, 2026","Reserve Bank of India (Urban Co-operative Banks - Prudential Norms on Capital Adequacy) Third Amendment Directions, 2026",https://rbidocs.rbi.org.in/rdocs/Notification/PDFs/NOTI159AF9944D932CC4674B654F647B6ABE845.PDF,data\full_dataset\rbi\pdf\RBI_2026-27_159_DOR.MRG.REC.No.145_21-01-002_2026-27__1541c1f3.pdf
13534,RBI/2026-27/158 DOR.MRG.REC.No.144/21-01-002/2026-27,"June 24, 2026","Reserve Bank of India (Regional Rural Banks - Prudential Norms on Capital Adequacy) Third Amendment Directions, 2026",https://rbidocs.rbi.org.in/rdocs/Notification/PDFs/NOTI1584A78796AE40742A08E32EFAA86416547.PDF,data\full_dataset\rbi\pdf\RBI_2026-27_158_DOR.MRG.REC.No.144_21-01-002_2026-27__177d4c78.pdf
13533,RBI/2026-27/156 DOR.MRG.REC.No.142/21-01-002/2026-27,"June 24, 2026","Reserve Bank of India (Small Finance Banks - Prudential Norms on Capital Adequacy) Seventh Amendment Directions, 2026",https://rbidocs.rbi.org.in/rdocs/Notification/PDFs/NOT156BC482D316E424A2B8D74C92965129CEA.PDF,data\full_dataset\rbi\pdf\RBI_2026-27_156_DOR.MRG.REC.No.142_21-01-002_2026-27__131e26cc.pdf
13532,RBI/2026-27/157 DOR.MRG.REC.No.143/21-01-002/2026-27,"June 24, 2026","Reserve Bank of India (Local Area Banks - Prudential Norms on Capital Adequacy) Amendment Directions, 2026",https://rbidocs.rbi.org.in/rdocs/Notification/PDFs/NOTI15774E137EA57F540B090E1EB3E8A6EE32E.PDF,data\full_dataset\rbi\pdf\RBI_2026-27_157_DOR.MRG.REC.No.143_21-01-002_2026-27__e3852695.pdf
13531,RBI/2026-27/155 DOR.MRG.REC.No.141/21-01-002/2026-27,"June 24, 2026","Reserve Bank of India (Commercial Banks - Prudential Norms on Capital Adequacy) Tenth Amendment Directions, 2026",https://rbidocs.rbi.org.in/rdocs/Notification/PDFs/NOTI1555A841E4CAEF34C9D9E350C82D2E550E2.PDF,data\full_dataset\rbi\pdf\RBI_2026-27_155_DOR.MRG.REC.No.141_21-01-002_2026-27__2075ed81.pdf
13530,RBI/2026-27/154 CO.DGBA.GBD.No.S228/31.02.007/2026-27,"June 24, 2026",,https://rbidocs.rbi.org.in/rdocs/Notification/PDFs/NOT154F1EC3780BFC846479E554215D870502E.PDF,data\full_dataset\rbi\pdf\RBI_2026-27_154_CO.DGBA.GBD.No.S228_31.02.007_2026-27__eb919a7e.pdf
13529,RBI/2026-27/153 A.P. (DIR Series) Circular No.16,"June 23, 2026",Open positions of Authorised Dealer Category-I banks,https://rbidocs.rbi.org.in/rdocs/Notification/PDFs/NT153AC48B7D594674F71874D73C3DE12C4B9.PDF,data\full_dataset\rbi\pdf\RBI_2026-27_153_A.P.__DIR_Series__Circular_No.16__3eb65775.pdf
13528,RBI/2026-27/152 DOR.STR.REC.128/21-07-001/2026-27,"June 23, 2026","Reserve Bank of India (Commercial Banks – Credit Facilities) Fourth Amendment Directions, 2026",https://rbidocs.rbi.org.in/rdocs/Notification/PDFs/NT1529F7C54CFDC7E44B3BAD1316C19DC7290.PDF,data\full_dataset\rbi\pdf\RBI_2026-27_152_DOR.STR.REC.128_21-07-001_2026-27__736ec0ff.pdf
13527,RBI/2026-27/151 DOR.STR.REC.129/21-07-001/2026-27,"June 23, 2026","Reserve Bank of India (Small Finance Banks – Credit Facilities) Third Amendment Directions, 2026",https://rbidocs.rbi.org.in/rdocs/Notification/PDFs/NT15116C91DA5E1354E0E81188B49879CBFD7.PDF,data\full_dataset\rbi\pdf\RBI_2026-27_151_DOR.STR.REC.129_21-07-001_2026-27__2b38ebaf.pdf
13526,,"June 23, 2026","Reserve Bank of India (Trade Receivables Discounting System) Directions, 2026",https://rbidocs.rbi.org.in/rdocs/Notification/PDFs/406MD184DBA53FAE148368AD6D3ACF0DB824E.PDF,data\full_dataset\rbi\pdf\Reserve_Bank_of_India__Trade_Receivables_Discounting_System__Directions__2026__d2237b2e.pdf
13525,,"June 19, 2026","Reserve Bank of India [Rural Co-operative Banks - Kisan Credit Card (KCC) Scheme] Directions, 2026",https://rbidocs.rbi.org.in/rdocs/Notification/PDFs/405MDD58E90A39C3D479CB0CF706F173BF58F.PDF,data\full_dataset\rbi\pdf\Reserve_Bank_of_India__Rural_Co-operative_Banks_-_Kisan_Credit_Card__KCC__Scheme__Directions__2026__94f331a9.pdf
13524,,"June 19, 2026","Reserve Bank of India [Regional Rural Banks - Kisan Credit Card (KCC) Scheme] Directions, 2026",https://rbidocs.rbi.org.in/rdocs/Notification/PDFs/404MDE8BE807BACAC4DA09EA3561C820C7A13.PDF,data\full_dataset\rbi\pdf\Reserve_Bank_of_India__Regional_Rural_Banks_-_Kisan_Credit_Card__KCC__Scheme__Directions__2026__ba582879.pdf
13523,,"June 19, 2026","Reserve Bank of India [Small Finance Banks - Kisan Credit Card (KCC) Scheme] Directions, 2026",https://rbidocs.rbi.org.in/rdocs/Notification/PDFs/403MDB87EB105BA0A40E18A89C5231E301639.PDF,data\full_dataset\rbi\pdf\Reserve_Bank_of_India__Small_Finance_Banks_-_Kisan_Credit_Card__KCC__Scheme__Directions__2026__8e6a398c.pdf
13522,,"June 19, 2026","Reserve Bank of India [Commercial Banks - Kisan Credit Card (KCC) Scheme] Directions, 2026",https://rbidocs.rbi.org.in/rdocs/Notification/PDFs/402MD09973277BFE449CC8E21A0C9634191F2.PDF,data\full_dataset\rbi\pdf\Reserve_Bank_of_India__Commercial_Banks_-_Kisan_Credit_Card__KCC__Scheme__Directions__2026__e44d7353.pdf
13521,RBI/2026-27/150 FIDD.CO.LBS.BC.No.03/02.01.001/2026-27,"June 19, 2026",Lead Bank Scheme,https://rbidocs.rbi.org.in/rdocs/Notification/PDFs/NT150E1686B19E25B471C80CB4399E8E1155B.PDF,data\full_dataset\rbi\pdf\RBI_2026-27_150_FIDD.CO.LBS.BC.No.03_02.01.001_2026-27__d73eb172.pdf
13520,RBI/2026-27/149 DOR.RET.REC.125/12.01.001/2026-27,"June 19, 2026","Reserve Bank of India (Regional Rural Banks – Cash Reserve Ratio and Statutory Liquidity Ratio) Third Amendment Directions, 2026",https://rbidocs.rbi.org.in/rdocs/Notification/PDFs/NT1496EEBD682A5B04AF3A80EBDE0BB28D679.PDF,data\full_dataset\rbi\pdf\RBI_2026-27_149_DOR.RET.REC.125_12.01.001_2026-27__1a76b3f1.pdf
13519,RBI/2026-27/148 DOR.RET.REC.127/12.01.001/2026-27,"June 19, 2026","Reserve Bank of India (Rural Co-operative Banks – Cash Reserve Ratio and Statutory Liquidity Ratio) Third Amendment Directions, 2026",https://rbidocs.rbi.org.in/rdocs/Notification/PDFs/NT14827393A45D05A4E3E9E2180866CF0E49A.PDF,data\full_dataset\rbi\pdf\RBI_2026-27_148_DOR.RET.REC.127_12.01.001_2026-27__eff3fcb0.pdf
13518,RBI/2026-27/147 DOR.RET.REC.126/12.01.001/2026-27,"June 19, 2026","Reserve Bank of India (Urban Co-operative Banks – Cash Reserve Ratio and Statutory Liquidity Ratio) Third Amendment Directions, 2026",https://rbidocs.rbi.org.in/rdocs/Notification/PDFs/NT147B41BDF08957E4548A3DD5400F7F6C98F.PDF,data\full_dataset\rbi\pdf\RBI_2026-27_147_DOR.RET.REC.126_12.01.001_2026-27__403b7a0e.pdf
13517,RBI/2026-27/146 DOR.RET.REC.124/12.01.001/2026-27,"June 19, 2026","Reserve Bank of India (Small Finance Banks – Cash Reserve Ratio and Statutory Liquidity Ratio) Third Amendment Directions, 2026",https://rbidocs.rbi.org.in/rdocs/Notification/PDFs/NT14605D90EBE0A64400FBE88361AA68F6DC1.PDF,data\full_dataset\rbi\pdf\RBI_2026-27_146_DOR.RET.REC.124_12.01.001_2026-27__cbf1a8d8.pdf
13516,RBI/2026-27/145 DOR.RET.REC.123/12.01.001/2026-27,"June 19, 2026","Reserve Bank of India (Commercial Banks – Cash Reserve Ratio and Statutory Liquidity Ratio) Third Amendment Directions, 2026",https://rbidocs.rbi.org.in/rdocs/Notification/PDFs/NT145B918F6E4BE9B4CFF8167E7856E023E47.PDF,data\full_dataset\rbi\pdf\RBI_2026-27_145_DOR.RET.REC.123_12.01.001_2026-27__3db378c9.pdf
13515,RBI/2026-27/144 A.P. (DIR Series) Circular No. 15,"June 19, 2026","Reporting of FCNR (B) Deposits, ECB and OFCB mobilized under Reserve Bank’s Swap Facility",https://rbidocs.rbi.org.in/rdocs/Notification/PDFs/NT14484C8480AA43A4A199EE98FD684E7BC84.PDF,data\full_dataset\rbi\pdf\RBI_2026-27_144_A.P.__DIR_Series__Circular_No._15__42c77268.pdf
13514,RBI/2026-27/143 DOR.SOG(SPE).REC.122/13.03.00/2026-27,"June 17, 2026","Reserve Bank of India (Rural Co-operative Banks – Interest Rate on Deposits) Amendment Directions, 2026",https://rbidocs.rbi.org.in/rdocs/Notification/PDFs/NT1438563868F652840A196CF1CB99CD36E53.PDF,data\full_dataset\rbi\pdf\RBI_2026-27_143_DOR.SOG_SPE_.REC.122_13.03.00_2026-27__f7b047df.pdf
13513,RBI/2026-27/142 DOR.SOG(SPE).REC.121/13.03.00/2026-27,"June 17, 2026","Reserve Bank of India (Urban Co-operative Banks – Interest Rate on Deposits) Amendment Directions, 2026",https://rbidocs.rbi.org.in/rdocs/Notification/PDFs/NT142B17FED7E71A346EEADB07FBABE818968.PDF,data\full_dataset\rbi\pdf\RBI_2026-27_142_DOR.SOG_SPE_.REC.121_13.03.00_2026-27__250a13e3.pdf
13512,RBI/2026-27/141 DOR.SOG(SPE).REC.118/13.03.00/2026-27,"June 17, 2026","Reserve Bank of India (Local Area Banks – Interest Rate on Deposits) Amendment Directions, 2026",https://rbidocs.rbi.org.in/rdocs/Notification/PDFs/NT14178B92908D8BC4061B261B7FA0498BD92.PDF,data\full_dataset\rbi\pdf\RBI_2026-27_141_DOR.SOG_SPE_.REC.118_13.03.00_2026-27__816e46fb.pdf
13511,RBI/2026-27/140 DOR.SOG(SPE).REC.120/13.03.00/2026-27,"June 17, 2026","Reserve Bank of India (Regional Rural Banks – Interest Rate on Deposits) Amendment Directions, 2026",https://rbidocs.rbi.org.in/rdocs/Notification/PDFs/NT140ADCCD03249F8466C937A7B7AA61231AA.PDF,data\full_dataset\rbi\pdf\RBI_2026-27_140_DOR.SOG_SPE_.REC.120_13.03.00_2026-27__5ad08adc.pdf
13510,RBI/2026-27/139 DOR.SOG(SPE).REC.119/13.03.00/2026-27,"June 17, 2026","Reserve Bank of India (Small Finance Banks – Interest Rate on Deposits) Amendment Directions, 2026",https://rbidocs.rbi.org.in/rdocs/Notification/PDFs/NT1397E93A4A71DFB47BEB108D23AFC5194F7.PDF,data\full_dataset\rbi\pdf\RBI_2026-27_139_DOR.SOG_SPE_.REC.119_13.03.00_2026-27__667bde94.pdf
13509,RBI/2026-27/138 DOR.SOG(SPE).REC.117/13.03.00/2026-27,"June 17, 2026","Reserve Bank of India (Commercial Banks – Interest Rate on Deposits) Amendment Directions, 2026",https://rbidocs.rbi.org.in/rdocs/Notification/PDFs/NT138CDAB6A6976234223BDB306B27B958D8C.PDF,data\full_dataset\rbi\pdf\RBI_2026-27_138_DOR.SOG_SPE_.REC.117_13.03.00_2026-27__a3be87ac.pdf
13508,RBI/2026-27/137 DOR.STR.REC.116/21-01-002/2026-27,"June 16, 2026","Reserve Bank of India (Small Finance Banks – Prudential Norms on Capital Adequacy) Sixth Amendment Directions, 2026",https://rbidocs.rbi.org.in/rdocs/Notification/PDFs/NT1379F8BB9C580C64B098A146FA782C7828F.PDF,data\full_dataset\rbi\pdf\RBI_2026-27_137_DOR.STR.REC.116_21-01-002_2026-27__13ececf5.pdf
13507,RBI/2026-27/136 DOR.STR.REC.115/21-01-002/2026-27,"June 16, 2026","Reserve Bank of India (Non-Banking Financial Companies – Prudential Norms on Capital Adequacy) Third Amendment Directions, 2026",https://rbidocs.rbi.org.in/rdocs/Notification/PDFs/NT13665DB890D2C1B4DE28E0BE754B8EE825A.PDF,data\full_dataset\rbi\pdf\RBI_2026-27_136_DOR.STR.REC.115_21-01-002_2026-27__9a3cd6bf.pdf
13506,RBI/2026-27/135 DOR.STR.REC.114/21-01-002/2026-27,"June 16, 2026","Reserve Bank of India (Regional Rural Banks - Prudential Norms on Capital Adequacy) Second Amendment Directions, 2026",https://rbidocs.rbi.org.in/rdocs/Notification/PDFs/NT1359D3AA94F69E24AE7B286DE91E225FE2B.PDF,data\full_dataset\rbi\pdf\RBI_2026-27_135_DOR.STR.REC.114_21-01-002_2026-27__6dc66ca0.pdf
13505,RBI/2026-27/134 DOR.STR.REC.113/09-18-201/2026-27,"June 16, 2026","Reserve Bank of India (Urban Co-operative Banks – Prudential Norms on Capital Adequacy) Second Amendment Directions, 2026",https://rbidocs.rbi.org.in/rdocs/Notification/PDFs/NT1347AAE2FEA6AFB4B51B16721D387EF6BED.PDF,data\full_dataset\rbi\pdf\RBI_2026-27_134_DOR.STR.REC.113_09-18-201_2026-27__ee966e27.pdf
13504,RBI/2026-27/133 DOR.STR.REC.112/21-01-002/2026-27,"June 16, 2026","Reserve Bank of India (All India Financial Institutions – Prudential Norms on Capital Adequacy) Third Amendment Directions, 2026",https://rbidocs.rbi.org.in/rdocs/Notification/PDFs/NT133DB7447C6B99042308162AA641517ADD0.PDF,data\full_dataset\rbi\pdf\RBI_2026-27_133_DOR.STR.REC.112_21-01-002_2026-27__1cb9c18e.pdf
13503,RBI/2026-27/132 DOR.STR.REC.111/21-01-002/2026-27,"June 16, 2026","Reserve Bank of India (Commercial Banks- Prudential Norms on Capital Adequacy) Ninth Amendment Directions, 2026",https://rbidocs.rbi.org.in/rdocs/Notification/PDFs/NT1320BC17589FFD542D19ECE251222A0B6EB.PDF,data\full_dataset\rbi\pdf\RBI_2026-27_132_DOR.STR.REC.111_21-01-002_2026-27__274b06de.pdf
13502,,"June 15, 2026",Master Directions on Authorisation to operate a Payment System,https://rbidocs.rbi.org.in/rdocs/Notification/PDFs/401MDDAB7489361B4431DB9A075997E990529.PDF,data\full_dataset\rbi\pdf\Master_Directions_on_Authorisation_to_operate_a_Payment_System__1b109c7a.pdf
13501,,"June 15, 2026","Reserve Bank of India (Non-Banking Financial Companies – Undertaking of Financial Services) Second Amendment Directions, 2026",https://rbidocs.rbi.org.in/rdocs/Notification/PDFs/NOTI131D0828C1FFF4C4086B08A820F8F2C83DA.PDF,data\full_dataset\rbi\pdf\Reserve_Bank_of_India__Non-Banking_Financial_Companies___Undertaking_of_Financial_Services__Second_Amendment_Directions__2026__a41cac01.pdf
13500,,"June 15, 2026","Reserve Bank of India (Rural Co-operative Banks – Undertaking of Financial Services) Second Amendment Directions, 2026",https://rbidocs.rbi.org.in/rdocs/Notification/PDFs/NOTI1305BBA7154648B4727A6AB04494923FF91.PDF,data\full_dataset\rbi\pdf\Reserve_Bank_of_India__Rural_Co-operative_Banks___Undertaking_of_Financial_Services__Second_Amendment_Directions__2026__127c330b.pdf
13499,,"June 15, 2026","Reserve Bank of India (Urban Co-operative Banks – Undertaking of Financial Services) Second Amendment Directions, 2026",https://rbidocs.rbi.org.in/rdocs/Notification/PDFs/NOTI129F427A11538D8405098A9689480FED853.PDF,data\full_dataset\rbi\pdf\Reserve_Bank_of_India__Urban_Co-operative_Banks___Undertaking_of_Financial_Services__Second_Amendment_Directions__2026__6e84ff60.pdf
13498,,"June 15, 2026","Reserve Bank of India (Regional Rural Banks – Undertaking of Financial Services) Second Amendment Directions, 2026",https://rbidocs.rbi.org.in/rdocs/Notification/PDFs/NOTI128C5B9F54B171B46859A3F418B79609A81.PDF,data\full_dataset\rbi\pdf\Reserve_Bank_of_India__Regional_Rural_Banks___Undertaking_of_Financial_Services__Second_Amendment_Directions__2026__d02a9c78.pdf
13497,,"June 15, 2026","Reserve Bank of India (Payments Banks – Undertaking of Financial Services) Amendment Directions, 2026",https://rbidocs.rbi.org.in/rdocs/Notification/PDFs/NOTI127853666FDC18C4685988820F37BC909D4.PDF,data\full_dataset\rbi\pdf\Reserve_Bank_of_India__Payments_Banks___Undertaking_of_Financial_Services__Amendment_Directions__2026__c81c4491.pdf
13496,,"June 15, 2026","Reserve Bank of India (Small Finance Banks – Undertaking of Financial Services) Second Amendment Directions, 2026",https://rbidocs.rbi.org.in/rdocs/Notification/PDFs/NOTI12641A0F330E3C346208CAA1069F648B661.PDF,data\full_dataset\rbi\pdf\Reserve_Bank_of_India__Small_Finance_Banks___Undertaking_of_Financial_Services__Second_Amendment_Directions__2026__04cbbf90.pdf
13495,,"June 15, 2026","Reserve Bank of India (Commercial Banks – Undertaking of Financial Services) Third Amendment Directions, 2026",https://rbidocs.rbi.org.in/rdocs/Notification/PDFs/NOTI125DB64239B68024B68A43897E6A0D42791.PDF,data\full_dataset\rbi\pdf\Reserve_Bank_of_India__Commercial_Banks___Undertaking_of_Financial_Services__Third_Amendment_Directions__2026__b8404704.pdf
13494,RBI/2026-27/124 DOR.MCS.REC.No.103/01-01-039/2026-27,"June 15, 2026","Reserve Bank of India (Housing Finance Companies) Second Amendment Directions, 2026",https://rbidocs.rbi.org.in/rdocs/Notification/PDFs/10NOTI124463DA1359385453F906D0820DC885F71.PDF,data\full_dataset\rbi\pdf\RBI_2026-27_124_DOR.MCS.REC.No.103_01-01-039_2026-27__d94c78b8.pdf
13493,RBI/2026-27/123 DOR.MCS.REC.No.102/01-01-039/2026-27,"June 15, 2026","Reserve Bank of India (Non-Banking Financial Companies – Responsible Business Conduct) Second Amendment Directions, 2026",https://rbidocs.rbi.org.in/rdocs/Notification/PDFs/9NOTI1231C5DA6141DEC401A98C7C4C0208CFC55.PDF,data\full_dataset\rbi\pdf\RBI_2026-27_123_DOR.MCS.REC.No.102_01-01-039_2026-27__8ba1b405.pdf
13492,RBI/2026-27/122 DOR.MCS.REC.No.101/01-01-040/2026-27,"June 15, 2026","Reserve Bank of India (All India Financial Institutions - Responsible Business Conduct) Second Amendment Directions, 2026",https://rbidocs.rbi.org.in/rdocs/Notification/PDFs/8NOTI122943DE9FD29194168998E83512CB1ACB6.PDF,data\full_dataset\rbi\pdf\RBI_2026-27_122_DOR.MCS.REC.No.101_01-01-040_2026-27__f3c78c94.pdf
13491,RBI/2026-27/121 DOR.MCS.REC.No.100/01-01-038/2026-27,"June 15, 2026","Reserve Bank of India (Rural Co-operative Banks - Responsible Business Conduct) Second Amendment Directions, 2026",https://rbidocs.rbi.org.in/rdocs/Notification/PDFs/7NOTI121ED5E453DA5E84B2AB6BE0FDA8DC2885F.PDF,data\full_dataset\rbi\pdf\RBI_2026-27_121_DOR.MCS.REC.No.100_01-01-038_2026-27__21be3dc3.pdf
13490,RBI/2026-27/120 DOR.MCS.REC.No.99/01-01-037/2026-27,"June 15, 2026","Reserve Bank of India (Urban Co-operative Banks - Responsible Business Conduct) Second Amendment Directions, 2026",https://rbidocs.rbi.org.in/rdocs/Notification/PDFs/6NOTI12001A2CFA0E04A4C0FA0607779F541FF11.PDF,data\full_dataset\rbi\pdf\RBI_2026-27_120_DOR.MCS.REC.No.99_01-01-037_2026-27__a15d6c60.pdf
13489,RBI/2026-27/119 DOR.MCS.REC.No.98/01-01-036/2026-27,"June 15, 2026","Reserve Bank of India (Regional Rural Banks - Responsible Business Conduct) Second Amendment Directions, 2026",https://rbidocs.rbi.org.in/rdocs/Notification/PDFs/5NOTI119CE33B25C82E7436492CFDFCB2DF5F83E.PDF,data\full_dataset\rbi\pdf\RBI_2026-27_119_DOR.MCS.REC.No.98_01-01-036_2026-27__6b8d50ff.pdf
13488,RBI/2026-27/118 DOR.MCS.REC.No.97/01-01-035/2026-27,"June 15, 2026","Reserve Bank of India (Local Area Banks - Responsible Business Conduct) Second Amendment Directions, 2026",https://rbidocs.rbi.org.in/rdocs/Notification/PDFs/4NOTI118BF2052D9544C40A3B9FB527FD4343E01.PDF,data\full_dataset\rbi\pdf\RBI_2026-27_118_DOR.MCS.REC.No.97_01-01-035_2026-27__60ecade1.pdf
13487,RBI/2026-27/117 DOR.MCS.REC.No.96/01-01-034/2026-27,"June 15, 2026","Reserve Bank of India (Payments Banks - Responsible Business Conduct) Amendment Directions, 2026",https://rbidocs.rbi.org.in/rdocs/Notification/PDFs/3NOTI11707E01CF5CEAF440DADAC37F550549500.PDF,data\full_dataset\rbi\pdf\RBI_2026-27_117_DOR.MCS.REC.No.96_01-01-034_2026-27__f4899ecc.pdf
13486,RBI/2026-27/116 DOR.MCS.REC.No.95/01-01-033/2026-27,"June 15, 2026","Reserve Bank of India (Small Finance Banks - Responsible Business Conduct) Second Amendment Directions, 2026",https://rbidocs.rbi.org.in/rdocs/Notification/PDFs/2NOTI116A57CE8E311044251A48FA6692DC5FDE4.PDF,data\full_dataset\rbi\pdf\RBI_2026-27_116_DOR.MCS.REC.No.95_01-01-033_2026-27__bf605b8d.pdf
13485,RBI/2026-27/115 DOR.MCS.REC.No.94/01-01-032/2026-27,"June 15, 2026","Reserve Bank of India (Commercial Banks - Responsible Business Conduct) Second Amendment Directions, 2026",https://rbidocs.rbi.org.in/rdocs/Notification/PDFs/1NOTI1159FE64C67CBFC4483828513EE93480433.PDF,data\full_dataset\rbi\pdf\RBI_2026-27_115_DOR.MCS.REC.No.94_01-01-032_2026-27__117799db.pdf
13484,,"June 13, 2026","Foreign Exchange Management (Mode of Payment and Reporting of Non-Debt Instruments) (Amendment) Regulations, 2026",https://rbidocs.rbi.org.in/rdocs/Notification/PDFs/FEMA395150620262C7B3A9A9E874AB699D15A2C820B3DBA.PDF,data\full_dataset\rbi\pdf\Foreign_Exchange_Management__Mode_of_Payment_and_Reporting_of_Non-Debt_Instruments___Amendment__Regulations__2026__97738fe5.pdf
13483,RBI/2026-27/114 A.P. (DIR Series) Circular No. 14,"June 15, 2026","Liberalisation of Foreign Portfolio Investment under Schedule III of the Foreign Exchange Management (Non-debt Instruments) Rules, 2019",https://rbidocs.rbi.org.in/rdocs/Notification/PDFs/NT1144713DB525EC5480686F24FF00FC38BC0.PDF,data\full_dataset\rbi\pdf\RBI_2026-27_114_A.P.__DIR_Series__Circular_No._14__9ac0f550.pdf
13482,RBI/2026-27/113 DOR.CRE.REC.93/07.01.007/2026-27,"June 10, 2026","Reserve Bank of India (All India Financial Institutions – Credit Facilities) Amendment Directions, 2026",https://rbidocs.rbi.org.in/rdocs/Notification/PDFs/NOTI113100620267C8054CD97444D748EECE1272D5068E4.PDF,data\full_dataset\rbi\pdf\RBI_2026-27_113_DOR.CRE.REC.93_07.01.007_2026-27__763d54ee.pdf
13481,RBI/2026-27/112 DOR.CRE.REC.92/07.01.002/2026-27,"June 10, 2026","Reserve Bank of India (Small Finance Banks – Credit Facilities) Second Amendment Directions, 2026",https://rbidocs.rbi.org.in/rdocs/Notification/PDFs/NT1127F202351BE224D979A42037CF3A80DCE.PDF,data\full_dataset\rbi\pdf\RBI_2026-27_112_DOR.CRE.REC.92_07.01.002_2026-27__3fc16c8f.pdf
13480,RBI/2026-27/111 DOR.CRE.REC.91/21-01-002/2026-27,"June 10, 2026","Reserve Bank of India (Commercial Banks - Prudential Norms on Capital Adequacy) Eighth Amendment Directions, 2026",https://rbidocs.rbi.org.in/rdocs/Notification/PDFs/NT111B28BD500C4CA4A6E87ADAA3A22B98B67.PDF,data\full_dataset\rbi\pdf\RBI_2026-27_111_DOR.CRE.REC.91_21-01-002_2026-27__4d64a87e.pdf
13479,RBI/2026-27/110 DOR.CRE.REC.90/07.03.001/2026-27,"June 10, 2026","Reserve Bank of India (Commercial Banks – Concentration Risk Management) Third Amendment Directions, 2026",https://rbidocs.rbi.org.in/rdocs/Notification/PDFs/NT110CBS10062026D88D5DE324C2498B89099EDB9B18DCC2.PDF,data\full_dataset\rbi\pdf\RBI_2026-27_110_DOR.CRE.REC.90_07.03.001_2026-27__947f19c8.pdf
13478,RBI/2026-27/109 DOR.CRE.REC.89/07.01.001/2026-27,"June 10, 2026","Reserve Bank of India (Commercial Banks – Credit Facilities) Third Amendment Directions, 2026",https://rbidocs.rbi.org.in/rdocs/Notification/PDFs/NT109CBS10062026BFAD4D317A2B4CB2829E86026A8F1694.PDF,data\full_dataset\rbi\pdf\RBI_2026-27_109_DOR.CRE.REC.89_07.01.001_2026-27__0d59aeb9.pdf
13477,RBI/2026-27/108 DCM(Plg) No.S737/10.02.060/2026-27,"June 09, 2026",Withdrawal of old series of banknotes issued prior to 2005: Consolidation of instructions,https://rbidocs.rbi.org.in/rdocs/Notification/PDFs/NOT108C6364975A7034ECB83673C669F4DBC15.PDF,data\full_dataset\rbi\pdf\RBI_2026-27_108_DCM_Plg__No.S737_10.02.060_2026-27__16b2259e.pdf
13476,RBI/2026-27/107 DCM(Plg) No.S736/10.02.060/2026-27,"June 09, 2026",Related notifications:,https://rbidocs.rbi.org.in/rdocs/Notification/PDFs/107NTF95AF631246441C3AB10FCFC277DA14A.PDF,data\full_dataset\rbi\pdf\RBI_2026-27_107_DCM_Plg__No.S736_10.02.060_2026-27__901f3e54.pdf
13475,RBI/2026-27/106 DOR.RET.REC.88/12.01.001/2026-27,"June 08, 2026","Reserve Bank of India (Regional Rural Banks – Cash Reserve Ratio and Statutory Liquidity Ratio) Second Amendment Directions, 2026",https://rbidocs.rbi.org.in/rdocs/Notification/PDFs/106NTFB430F0E66434CAEAA7475B1B6BF61C2.PDF,data\full_dataset\rbi\pdf\RBI_2026-27_106_DOR.RET.REC.88_12.01.001_2026-27__d56ab0e4.pdf
13474,RBI/2026-27/105 DOR.RET.REC.87/12.01.001/2026-27,"June 8, 2026","Reserve Bank of India (Rural Co-operative Banks – Cash Reserve Ratio and Statutory Liquidity Ratio) Second Amendment Directions, 2026",https://rbidocs.rbi.org.in/rdocs/Notification/PDFs/NOT1059788A62F00A0436D94CB1570EA3064B6.PDF,data\full_dataset\rbi\pdf\RBI_2026-27_105_DOR.RET.REC.87_12.01.001_2026-27__222ab3ee.pdf
13473,RBI/2026-27/104 DOR.RET.REC.86/12.01.001/2026-27,"June 08, 2026","Reserve Bank of India (Urban Co-operative Banks – Cash Reserve Ratio and Statutory Liquidity Ratio) Second Amendment Directions, 2026",https://rbidocs.rbi.org.in/rdocs/Notification/PDFs/NOTI10468D61918CCFF453B9126EFDC7363E068.PDF,data\full_dataset\rbi\pdf\RBI_2026-27_104_DOR.RET.REC.86_12.01.001_2026-27__dd5d6625.pdf
13472,RBI/2026-27/103 DOR.RET.REC.85/12.01.001/2026-27,"June 08, 2026","Reserve Bank of India (Small Finance Banks – Cash Reserve Ratio and Statutory Liquidity Ratio) Second Amendment Directions, 2026",https://rbidocs.rbi.org.in/rdocs/Notification/PDFs/103NTF678588D30FA442A9C63C4D22AB10A37.PDF,data\full_dataset\rbi\pdf\RBI_2026-27_103_DOR.RET.REC.85_12.01.001_2026-27__e25e1769.pdf
13471,RBI/2026-27/102 DOR.RET.REC.84/12.01.001/2026-27,"June 08, 2026","Reserve Bank of India (Commercial Banks – Cash Reserve Ratio and Statutory Liquidity Ratio) Second Amendment Directions, 2026",https://rbidocs.rbi.org.in/rdocs/Notification/PDFs/NT1024C4A00A8DEAD4EEE9ED05758379655B7.PDF,data\full_dataset\rbi\pdf\RBI_2026-27_102_DOR.RET.REC.84_12.01.001_2026-27__b2a16033.pdf
13470,RBI/2026-27/101 A.P. (DIR Series) Circular No. 13,"June 8, 2026",NOP-INR position of Authorised Dealer Category-I banks,https://rbidocs.rbi.org.in/rdocs/Notification/PDFs/NT101006035F74F4F498BB485CB28A998F8ED.PDF,data\full_dataset\rbi\pdf\RBI_2026-27_101_A.P.__DIR_Series__Circular_No._13__cd7c7aba.pdf
13469,RBI/2026-27/100 FMOD.MAOG.No.S-57/01.06.016/2026-27,"June 8, 2026",Swap Facility for External Commercial Borrowings and Overseas Foreign Currency Borrowings,https://rbidocs.rbi.org.in/rdocs/Notification/PDFs/NOTI100C5CEAED4D95F444CA98447B5B98150F3.PDF,data\full_dataset\rbi\pdf\RBI_2026-27_100_FMOD.MAOG.No.S-57_01.06.016_2026-27__efe6c280.pdf
13468,RBI/2026-27/99 FMOD.MAOG.No.S-56/01.06.016/2026-27,"June 8, 2026",Swap Facility for FCNR (B) Deposits,https://rbidocs.rbi.org.in/rdocs/Notification/PDFs/99NT1723C9DF80134A538854DA7B2DA84F37.PDF,data\full_dataset\rbi\pdf\RBI_2026-27_99_FMOD.MAOG.No.S-56_01.06.016_2026-27__8dd24832.pdf
13467,,"June 05, 2026","Foreign Exchange Management (Export of Goods and Services) (First Amendment) Regulations, 2026",https://rbidocs.rbi.org.in/rdocs/Notification/PDFs/EGS050620261F93347664F94E4491D6F8762DFF8EF7.PDF,data\full_dataset\rbi\pdf\Foreign_Exchange_Management__Export_of_Goods_and_Services___First_Amendment__Regulations__2026__104c62e8.pdf
13466,,"May 29, 2026","Foreign Exchange Management (Cross Border Merger) (Amendment) Regulations, 2026",https://rbidocs.rbi.org.in/rdocs/Notification/PDFs/FEMA389050620262004133EF5EB477EA06F6AC597C1917B.PDF,data\full_dataset\rbi\pdf\Foreign_Exchange_Management__Cross_Border_Merger___Amendment__Regulations__2026__07d3faba.pdf
13465,RBI/2026-27/98 A.P. (DIR Series) Circular No. 12,"June 05, 2026",Submission of statement/return on Centralized Information Management System (CIMS),https://rbidocs.rbi.org.in/rdocs/Notification/PDFs/12APDIR050620260924D775A2294FCD9E1CE9A27D6140F1.PDF,data\full_dataset\rbi\pdf\RBI_2026-27_98_A.P.__DIR_Series__Circular_No._12__5cd398e3.pdf
13464,RBI/2026-27/97 A.P. (DIR Series) Circular No. 11,"June 05, 2026",Investments by Foreign Portfolio Investors in Government Securities – Amendments to the regulatory framework,https://rbidocs.rbi.org.in/rdocs/Notification/PDFs/NT9752AB8622AD294C368E271246D72D678F.PDF,data\full_dataset\rbi\pdf\RBI_2026-27_97_A.P.__DIR_Series__Circular_No._11__de95d00c.pdf
13463,RBI/2026-27/96 FIDD.CO.LBS.BC.No.02/02.08.001/2026-27,"June 03, 2026",Formation of new district in the State of Assam – Assignment of Lead Bank Responsibility,https://rbidocs.rbi.org.in/rdocs/Notification/PDFs/NT96EB028D3EAA0943A09C51C62D3C6CCFA9.PDF,data\full_dataset\rbi\pdf\RBI_2026-27_96_FIDD.CO.LBS.BC.No.02_02.08.001_2026-27__ed14f16a.pdf
13462,,"May 25, 2026","Reserve Bank of India (Rural Co-operative Banks - Governance) Amendment Directions, 2026",https://rbidocs.rbi.org.in/rdocs/Notification/PDFs/NT95F6FFC4FD4E3947CB92EF7020B07B54DD.PDF,data\full_dataset\rbi\pdf\Reserve_Bank_of_India__Rural_Co-operative_Banks_-_Governance__Amendment_Directions__2026__5e4f983a.pdf
13461,,"May 25, 2026","Reserve Bank of India (Urban Co-operative Banks - Governance) Amendment Directions, 2026",https://rbidocs.rbi.org.in/rdocs/Notification/PDFs/NT94B6F707F40E3F440DBD55CF2435CE7D17.PDF,data\full_dataset\rbi\pdf\Reserve_Bank_of_India__Urban_Co-operative_Banks_-_Governance__Amendment_Directions__2026__32b68dd1.pdf
13460,RBI/2026-27/93 DOR.AML.REC.81/14.06.001/2026-27,"May 22, 2026",A. Individuals,https://rbidocs.rbi.org.in/rdocs/Notification/PDFs/NOT93E8C6D7B847A74057AC3601A3D4142FA7.PDF,data\full_dataset\rbi\pdf\RBI_2026-27_93_DOR.AML.REC.81_14.06.001_2026-27__a61027c9.pdf
13459,RBI/2026-27/92 DOR.MRG.REC.No.80/21-04-018/2026-27,"May 18, 2026","Reserve Bank of India (Local Area Banks – Financial Statements: Presentation and Disclosures) Third Amendment Directions, 2026",https://rbidocs.rbi.org.in/rdocs/Notification/PDFs/NOTI92D4EED82A29144087A855144A8885E2C3.PDF,data\full_dataset\rbi\pdf\RBI_2026-27_92_DOR.MRG.REC.No.80_21-04-018_2026-27__f4229957.pdf
13458,RBI/2026-27/91 DOR.MRG.REC.No.79/21-04-018/2026-27,"May 18, 2026","Reserve Bank of India (Commercial Banks – Financial Statements: Presentation and Disclosures) Sixth Amendment Directions, 2026",https://rbidocs.rbi.org.in/rdocs/Notification/PDFs/NOTI919452D2826E4B401C8E0F5E19186A535D.PDF,data\full_dataset\rbi\pdf\RBI_2026-27_91_DOR.MRG.REC.No.79_21-04-018_2026-27__c72dc6be.pdf
13457,RBI/2026-27/90 DOR.MRG.REC.No.78/21-01-002/2026-27,"May 18, 2026","Reserve Bank of India (Commercial Banks – Prudential Norms on Capital Adequacy) Sixth Amendment Directions, 2026",https://rbidocs.rbi.org.in/rdocs/Notification/PDFs/NOTI90470E837E915C4182AE0C9D8C5718A66B.PDF,data\full_dataset\rbi\pdf\RBI_2026-27_90_DOR.MRG.REC.No.78_21-01-002_2026-27__3271c1f4.pdf
13456,RBI/2026-27/89 DOR.MRG.REC.No.77/00-00-001/2026-27,"May 18, 2026","Reserve Bank of India (Regional Rural Banks - Classification, Valuation, and Operation of Investment Portfolio) Amendment Directions, 2026",https://rbidocs.rbi.org.in/rdocs/Notification/PDFs/NOTI89E31D5A495AEC4A69ABF7E6EE6FA4824A.PDF,data\full_dataset\rbi\pdf\RBI_2026-27_89_DOR.MRG.REC.No.77_00-00-001_2026-27__553aafbb.pdf
13455,RBI/2026-27/88 DOR.MRG.REC.No.76/00-00-011/2026-27,"May 18, 2026","Reserve Bank of India (Rural Co-operative Banks – Classification, Valuation, and Operation of Investment Portfolio) Amendment Directions, 2026",https://rbidocs.rbi.org.in/rdocs/Notification/PDFs/88NTC3010AFC82FF4B3CB22979352B28DA98.PDF,data\full_dataset\rbi\pdf\RBI_2026-27_88_DOR.MRG.REC.No.76_00-00-011_2026-27__f44ed3f9.pdf
13454,RBI/2026-27/87 DOR.MRG.REC.No.75/00-00-011/2026-27,"May 18, 2026","Reserve Bank of India (Urban Co-operative Banks – Classification, Valuation, and Operation of Investment Portfolio) Amendment Directions, 2026",https://rbidocs.rbi.org.in/rdocs/Notification/PDFs/87NTB3DFD77D3B094FE4915E877FB7D97768.PDF,data\full_dataset\rbi\pdf\RBI_2026-27_87_DOR.MRG.REC.No.75_00-00-011_2026-27__f6f2a661.pdf
13453,RBI/2026-27/86 DOR.MRG.REC.No.74/00-00-001/2026-27,"May 18, 2026","Reserve Bank of India (Local Area Banks - Classification, Valuation, and Operation of Investment Portfolio) Amendment Directions, 2026",https://rbidocs.rbi.org.in/rdocs/Notification/PDFs/86NT6E591E9C4F874C7A82420CB56FA6DE84.PDF,data\full_dataset\rbi\pdf\RBI_2026-27_86_DOR.MRG.REC.No.74_00-00-001_2026-27__5e0176f2.pdf
13452,RBI/2026-27/85 DOR.MRG.REC.No.73/00-00-001/2026-27,"May 18, 2026","Reserve Bank of India (Payments Banks - Classification, Valuation, and Operation of Investment Portfolio) Amendment Directions, 2026",https://rbidocs.rbi.org.in/rdocs/Notification/PDFs/NT850BEE108F04C3499693731F8AEF883AA6.PDF,data\full_dataset\rbi\pdf\RBI_2026-27_85_DOR.MRG.REC.No.73_00-00-001_2026-27__309bc6f7.pdf
13451,RBI/2026-27/84 DOR.MRG.REC.No.72/00-00-001/2026-27,"May 18, 2026","Reserve Bank of India (Small Finance Banks - Classification, Valuation, and Operation of Investment Portfolio) Amendment Directions, 2026",https://rbidocs.rbi.org.in/rdocs/Notification/PDFs/NT84C533D9C069AF4F4AB19B3D56CB48CDBC.PDF,data\full_dataset\rbi\pdf\RBI_2026-27_84_DOR.MRG.REC.No.72_00-00-001_2026-27__e38db082.pdf
13450,RBI/2026-27/83 DOR.MRG.REC.No.71/00-00-001/2026-27,"May 18, 2026","Reserve Bank of India (Commercial Banks - Classification, Valuation, and Operation of Investment Portfolio) Second Amendment Directions, 2026",https://rbidocs.rbi.org.in/rdocs/Notification/PDFs/NT83024DCDBEA7DE44C8AF2C0025AB1177DE.PDF,data\full_dataset\rbi\pdf\RBI_2026-27_83_DOR.MRG.REC.No.71_00-00-001_2026-27__51d3ccd6.pdf
13449,RBI/2026-27/82 A.P. (DIR Series) Circular No.10,"May 13, 2026",Operating framework for facilitating Outward Remittance services by non-bank entities through Authorized Dealer (Category I) banks in India,https://rbidocs.rbi.org.in/rdocs/Notification/PDFs/NT827AB89DD94BE240BEBD1BB246B09D332C.PDF,data\full_dataset\rbi\pdf\RBI_2026-27_82_A.P.__DIR_Series__Circular_No.10__476ab0e6.pdf
13448,RBI/2026-27/81 DOR.CAP.REC.No.70/21.01.002/2026-27,"May 08, 2026","Reserve Bank of India (Payments Banks - Prudential Norms on Capital Adequacy) Second Amendment Directions, 2026",https://rbidocs.rbi.org.in/rdocs/Notification/PDFs/NOTI8196D3E7F95ABC450AA9BFEAB099858678.PDF,data\full_dataset\rbi\pdf\RBI_2026-27_81_DOR.CAP.REC.No.70_21.01.002_2026-27__cf011b1a.pdf
13447,RBI/2026-27/80 DOR.CAP.REC.No.69/21.01.002/2026-27,"May 08, 2026","Reserve Bank of India (Small Finance Banks - Prudential Norms on Capital Adequacy) Fourth Amendment Directions, 2026",https://rbidocs.rbi.org.in/rdocs/Notification/PDFs/NT806C53367D4197425990FC6F87595E7C92.PDF,data\full_dataset\rbi\pdf\RBI_2026-27_80_DOR.CAP.REC.No.69_21.01.002_2026-27__fe779193.pdf
13446,RBI/2026-27/79 DOR.CAP.REC.No.68/21.01.002/2026-27,"May 08, 2026","Reserve Bank of India (Commercial Banks - Prudential Norms on Capital Adequacy) Fifth Amendment Directions, 2026",https://rbidocs.rbi.org.in/rdocs/Notification/PDFs/NT799FE6755C8A644D72931699FE567462DF.PDF,data\full_dataset\rbi\pdf\RBI_2026-27_79_DOR.CAP.REC.No.68_21.01.002_2026-27__7a9efccf.pdf
13445,RBI/2026-27/78 A.P. (DIR Series) Circular No. 09,"May 06, 2026","Issuance of Foreign Exchange Management (Authorised Persons) Regulations, 2026",https://rbidocs.rbi.org.in/rdocs/Notification/PDFs/NT7871494C59CE3B455BBD0D18770BBB1408.PDF,data\full_dataset\rbi\pdf\RBI_2026-27_78_A.P.__DIR_Series__Circular_No._09__438e439d.pdf
13444,,"April 30, 2026","Foreign Exchange Management (Authorised Persons) Regulations, 2026",https://rbidocs.rbi.org.in/rdocs/Notification/PDFs/FOREIGN060520269122C857178F4E5286FB5ABDB219F59E.PDF,data\full_dataset\rbi\pdf\Foreign_Exchange_Management__Authorised_Persons__Regulations__2026__48b41593.pdf
13443,"RBI/2025-26/06 CO.DGBA.GBD.No.S2/31-12-010/2025-2026 April 01, 2025 Master","April 30, 2026","Reserve Bank of India [Conduct of Government Business by Agency Banks (ABs) – Payment of Agency Commission and Oversight of ABs] Directions, 2026",https://rbidocs.rbi.org.in/rdocs/Notification/PDFs/400MDEF6FB735DC5A48308F688DCB9BA11A65.PDF,data\full_dataset\rbi\pdf\RBI_2025-26_06_CO.DGBA.GBD.No.S2_31-12-010_2025-2026_April_01__2025_Master__5c4ba943.pdf
13442,,"June 24, 2026","Reserve Bank of India [Disbursement of Government Pension by Agency Banks (ABs)] Directions, 2026 (Updated as on June 24, 2026)",https://rbidocs.rbi.org.in/rdocs/Notification/PDFs/399MDAD236E83FDD240EEB29F1F5E2DBAD333.PDF,data\full_dataset\rbi\pdf\Reserve_Bank_of_India__Disbursement_of_Government_Pension_by_Agency_Banks__ABs__Directions__2026__Updated_as_on_June_24__2026___f3615c6a.pdf
13441,RBI/2026-27/75 DOR.STR.REC.64/21-04-048/2026-27,"April 29, 2026","Reserve Bank of India (All India Financial Institutions – Credit Risk Management) Second Amendment Directions, 2026",https://rbidocs.rbi.org.in/rdocs/Notification/PDFs/NT752DAD9CA8852D44C2B753E1DC2D55CAEE.PDF,data\full_dataset\rbi\pdf\RBI_2026-27_75_DOR.STR.REC.64_21-04-048_2026-27__c0b4fa13.pdf
13440,RBI/2026-27/74 DOR.STR.REC.63/21-04-048/2026-27,"April 29, 2026","Reserve Bank of India (All India Financial Institutions – Responsible Business Conduct) Amendment Directions, 2026",https://rbidocs.rbi.org.in/rdocs/Notification/PDFs/NT740065426D194A4603B4FED6A214ED91FC.PDF,data\full_dataset\rbi\pdf\RBI_2026-27_74_DOR.STR.REC.63_21-04-048_2026-27__93b66397.pdf
13439,RBI/2026-27/73 DOR.STR.REC.62/21-04-048/2026-27,"April 29, 2026","Reserve Bank of India (All India Financial Institutions – Income Recognition, Asset Classification and Provisioning) Amendment Directions, 2026",https://rbidocs.rbi.org.in/rdocs/Notification/PDFs/NT733993494567454CCB8FC148E2546EBE50.PDF,data\full_dataset\rbi\pdf\RBI_2026-27_73_DOR.STR.REC.62_21-04-048_2026-27__c77aac60.pdf
13438,RBI/2026-27/63 DOR.STR.REC.52/21-04-048/2026-27,"April 29, 2026","Reserve Bank of India (Regional Rural Banks – Credit Risk Management) Second Amendment Directions, 2026",https://rbidocs.rbi.org.in/rdocs/Notification/PDFs/NT630E2014478CFD44A489D5A56205813B9E.PDF,data\full_dataset\rbi\pdf\RBI_2026-27_63_DOR.STR.REC.52_21-04-048_2026-27__276eef14.pdf
13437,RBI/2026-27/72 DOR.STR.REC.61/21-04-048/2026-27,"April 29, 2026","Reserve Bank of India (All India Financial Institutions– Resolution of Stressed Assets) Amendment Directions, 2026",https://rbidocs.rbi.org.in/rdocs/Notification/PDFs/NT7220E40A0878454895A477E10DCBB3734A.PDF,data\full_dataset\rbi\pdf\RBI_2026-27_72_DOR.STR.REC.61_21-04-048_2026-27__5b8106e3.pdf
13436,RBI/2026-27/67 DOR.STR.REC.56/21-04-048/2026-27,"April 29, 2026","Reserve Bank of India (Rural Cooperative Banks – Credit Risk Management) Second Amendment Directions, 2026",https://rbidocs.rbi.org.in/rdocs/Notification/PDFs/NT670E0ED3EC6A264EF291F242EAC68D61D8.PDF,data\full_dataset\rbi\pdf\RBI_2026-27_67_DOR.STR.REC.56_21-04-048_2026-27__bba9feea.pdf
13435,RBI/2026-27/71 DOR.STR.REC.60/21-04-048/2026-27,"April 29, 2026","Reserve Bank of India (Non-Banking Financial Companies – Credit Risk Management) Second Amendment Directions, 2026",https://rbidocs.rbi.org.in/rdocs/Notification/PDFs/NT7151967911774A451BBD157AB5ED06AC3D.PDF,data\full_dataset\rbi\pdf\RBI_2026-27_71_DOR.STR.REC.60_21-04-048_2026-27__682418b6.pdf
13434,RBI/2026-27/62 DOR.STR.REC.51/21-04-048/2026-27,"April 29, 2026","Reserve Bank of India (Regional Rural Banks – Responsible Business Conduct) Amendment Directions, 2026",https://rbidocs.rbi.org.in/rdocs/Notification/PDFs/NT6257C5260FC26A4B50827A535A19CE0608.PDF,data\full_dataset\rbi\pdf\RBI_2026-27_62_DOR.STR.REC.51_21-04-048_2026-27__8cbc72ea.pdf
13433,RBI/2026-27/66 DOR.STR.REC.55/21-04-048/2026-27,"April 29, 2026","Reserve Bank of India (Rural Cooperative Banks – Responsible Business Conduct) Amendment Directions, 2026",https://rbidocs.rbi.org.in/rdocs/Notification/PDFs/NT66ABCE83D6FFC74139904E26CAB1FE46DD.PDF,data\full_dataset\rbi\pdf\RBI_2026-27_66_DOR.STR.REC.55_21-04-048_2026-27__eb647897.pdf
13432,RBI/2026-27/77 DOR.STR.REC.66/21-04-048/2026-27,"April 29, 2026","Reserve Bank of India (Relief Measures by Banks in Areas affected by Natural Calamities) Directions 2018 – RRBs Repeal Directions, 2026",https://rbidocs.rbi.org.in/rdocs/Notification/PDFs/NT771F1A5D7A146C4E329CF455A4E2017712.PDF,data\full_dataset\rbi\pdf\RBI_2026-27_77_DOR.STR.REC.66_21-04-048_2026-27__f23c151a.pdf
13431,RBI/2026-27/70 DOR.STR.REC.59/21-04-048/2026-27,"April 29, 2026","Reserve Bank of India (Non-Banking Financial Companies – Responsible Business Conduct) Amendment Directions, 2026",https://rbidocs.rbi.org.in/rdocs/Notification/PDFs/NT703927F39626314DC8B6C58614A0D629AC.PDF,data\full_dataset\rbi\pdf\RBI_2026-27_70_DOR.STR.REC.59_21-04-048_2026-27__ad2073a8.pdf
13430,RBI/2026-27/61 DOR.STR.REC.50/21-04-048/2026-27,"April 29, 2026","Reserve Bank of India (Regional Rural Banks – Income Recognition, Asset Classification and Provisioning) Amendment Directions, 2026",https://rbidocs.rbi.org.in/rdocs/Notification/PDFs/NT61459093768AEC4CAFA90EE8A95BE205B9.PDF,data\full_dataset\rbi\pdf\RBI_2026-27_61_DOR.STR.REC.50_21-04-048_2026-27__696e1bc1.pdf
13429,RBI/2026-27/65 DOR.STR.REC.54/21-04-048/2026-27,"April 29, 2026","Reserve Bank of India (Rural Cooperative Banks – Income Recognition, Asset Classification and Provisioning) Amendment Directions, 2026",https://rbidocs.rbi.org.in/rdocs/Notification/PDFs/NT6524016B8135B94798904493CDDC41C73D.PDF,data\full_dataset\rbi\pdf\RBI_2026-27_65_DOR.STR.REC.54_21-04-048_2026-27__1d88158a.pdf
13428,RBI/2026-27/69 DOR.STR.REC.58/21-04-048/2026-27,"April 29, 2026","Reserve Bank of India (Non-Banking Financial Companies – Income Recognition, Asset Classification and Provisioning) Amendment Directions, 2026",https://rbidocs.rbi.org.in/rdocs/Notification/PDFs/NT694BE5A2EF10BB4AA3A99A861657BDFEF4.PDF,data\full_dataset\rbi\pdf\RBI_2026-27_69_DOR.STR.REC.58_21-04-048_2026-27__8022fd5e.pdf
13427,RBI/2026-27/76 DOR.STR.REC.65/21-04-048/2026-27,"April 29, 2026","Reserve Bank of India (Relief Measures by Banks in Areas affected by Natural Calamities) Directions 2018 – SCBs Repeal Directions, 2026",https://rbidocs.rbi.org.in/rdocs/Notification/PDFs/NT76A49B29B62015465DBF5280AAF83EC991.PDF,data\full_dataset\rbi\pdf\RBI_2026-27_76_DOR.STR.REC.65_21-04-048_2026-27__218271f8.pdf
13426,RBI/2026-27/60 DOR.STR.REC.49/21-04-048/2026-27,"April 29, 2026","Reserve Bank of India (Regional Rural Banks – Resolution of Stressed Assets) Amendment Directions, 2026",https://rbidocs.rbi.org.in/rdocs/Notification/PDFs/NT60A82D072DE1364316A48FEE6F45206B14.PDF,data\full_dataset\rbi\pdf\RBI_2026-27_60_DOR.STR.REC.49_21-04-048_2026-27__882132f4.pdf
13425,RBI/2026-27/64 DOR.STR.REC.53/21-04-048/2026-27,"April 29, 2026","Reserve Bank of India (Rural Cooperative Banks – Resolution of Stressed Assets) Amendment Directions, 2026",https://rbidocs.rbi.org.in/rdocs/Notification/PDFs/NT640E029275295247A78C2E9248E39EF69D.PDF,data\full_dataset\rbi\pdf\RBI_2026-27_64_DOR.STR.REC.53_21-04-048_2026-27__246ddeb3.pdf
13424,RBI/2026-27/68 DOR.STR.REC.57/21-04-048/2026-27,"April 29, 2026","Reserve Bank of India (Non-Banking Financial Companies – Resolution of Stressed Assets) Amendment Directions, 2026",https://rbidocs.rbi.org.in/rdocs/Notification/PDFs/NT68BFB45413680C4BC0B7435DA1DCED5EA0.PDF,data\full_dataset\rbi\pdf\RBI_2026-27_68_DOR.STR.REC.57_21-04-048_2026-27__6b574996.pdf
13423,RBI/2026-27/59 DOR.STR.REC.48/21-04-048/2026-27,"April 29, 2026","Reserve Bank of India (Urban Cooperative Banks – Credit Risk Management) Second Amendment Directions, 2026",https://rbidocs.rbi.org.in/rdocs/Notification/PDFs/NT591779AE6A43F648F4AF0CFF3BD363D1DF.PDF,data\full_dataset\rbi\pdf\RBI_2026-27_59_DOR.STR.REC.48_21-04-048_2026-27__991fb1c8.pdf
13422,RBI/2026-27/55 DOR.STR.REC.44/21-04-048/2025-26,"April 29, 2026","Reserve Bank of India (Local Area Banks – Credit Risk Management) Second Amendment Directions, 2026",https://rbidocs.rbi.org.in/rdocs/Notification/PDFs/NT552383B45F142D4E688BA4791448B3A198.PDF,data\full_dataset\rbi\pdf\RBI_2026-27_55_DOR.STR.REC.44_21-04-048_2025-26__c6bb2745.pdf
13421,RBI/2026-27/58 DOR.STR.REC.47/21-04-048/2025-26,"April 29, 2026","Reserve Bank of India (Urban Cooperative Banks – Responsible Business Conduct) Amendment Directions, 2026",https://rbidocs.rbi.org.in/rdocs/Notification/PDFs/NT58306AF5E0CE364DE4A6C139E31723154F.PDF,data\full_dataset\rbi\pdf\RBI_2026-27_58_DOR.STR.REC.47_21-04-048_2025-26__9a3e661e.pdf
13420,RBI/2026-27/54 DOR.STR.REC.43/21-04-048/2026-27,"April 29, 2026","Reserve Bank of India (Local Area Banks – Responsible Business Conduct) Amendment Directions, 2026",https://rbidocs.rbi.org.in/rdocs/Notification/PDFs/NT54799BCFEF82E0436293D69D36D1A4EA7E.PDF,data\full_dataset\rbi\pdf\RBI_2026-27_54_DOR.STR.REC.43_21-04-048_2026-27__1136d0cf.pdf
13419,RBI/2026-27/51 DOR.STR.REC.40/21-04-048/2026-27,"April 29, 2026","Reserve Bank of India (Small Finance Banks – Credit Risk Management) Second Amendment Directions, 2026",https://rbidocs.rbi.org.in/rdocs/Notification/PDFs/NT5132353334A90242209DD7C98BD78D2C32.PDF,data\full_dataset\rbi\pdf\RBI_2026-27_51_DOR.STR.REC.40_21-04-048_2026-27__6e3343ea.pdf
13418,RBI/2026-27/57 DOR.STR.REC.46/21-04-048/2026-27,"April 29, 2026","Reserve Bank of India (Urban Cooperative Banks – Income Recognition, Asset Classification and Provisioning) Amendment Directions, 2026",https://rbidocs.rbi.org.in/rdocs/Notification/PDFs/NT57EBA5AE7606B143BA99B580966304424A.PDF,data\full_dataset\rbi\pdf\RBI_2026-27_57_DOR.STR.REC.46_21-04-048_2026-27__d9905f10.pdf
13417,RBI/2026-27/50 DOR.STR.REC.39/21-04-048/2026-27,"April 29, 2026","Reserve Bank of India (Small Finance Banks – Responsible Business Conduct) Amendment Directions, 2026",https://rbidocs.rbi.org.in/rdocs/Notification/PDFs/NT503A71A831AF424AE4B28849C91EA90915.PDF,data\full_dataset\rbi\pdf\RBI_2026-27_50_DOR.STR.REC.39_21-04-048_2026-27__32d0bd49.pdf
13416,RBI/2026-27/56 DOR.STR.REC.45/21-04-048/2026-27,"April 29, 2026","Reserve Bank of India (Urban Cooperative Banks – Resolution of Stressed Assets) Second Amendment Directions, 2026",https://rbidocs.rbi.org.in/rdocs/Notification/PDFs/NT564D3024959FE5423D8FC852E8A64F0578.PDF,data\full_dataset\rbi\pdf\RBI_2026-27_56_DOR.STR.REC.45_21-04-048_2026-27__1796a067.pdf
13415,RBI/2026-27/53 DOR.STR.REC.42/21-04-048/2026-27,"April 29, 2026","Reserve Bank of India (Local Area Banks – Income Recognition, Asset Classification and Provisioning) Amendment Directions, 2026",https://rbidocs.rbi.org.in/rdocs/Notification/PDFs/NT538FD1503C244C4086B1FA3046696FFCB6.PDF,data\full_dataset\rbi\pdf\RBI_2026-27_53_DOR.STR.REC.42_21-04-048_2026-27__d28667f1.pdf
13414,RBI/2026-27/49 DOR.STR.REC.38/21-04-048/2026-27,"April 29, 2026","Reserve Bank of India (Small Finance Banks – Income Recognition, Asset Classification and Provisioning) Amendment Directions, 2026",https://rbidocs.rbi.org.in/rdocs/Notification/PDFs/NT4991251EF3596D477CB27E948651F77AEA.PDF,data\full_dataset\rbi\pdf\RBI_2026-27_49_DOR.STR.REC.38_21-04-048_2026-27__bb99d6a7.pdf
13413,RBI/2026-27/47 DOR.STR.REC.36/21-04-048/2026-27,"April 29, 2026","Reserve Bank of India (Commercial Banks – Credit Risk Management) Third Amendment Directions, 2026",https://rbidocs.rbi.org.in/rdocs/Notification/PDFs/NT472FCD9CB24AB349ADAF84C0C00EC2789B.PDF,data\full_dataset\rbi\pdf\RBI_2026-27_47_DOR.STR.REC.36_21-04-048_2026-27__49746f66.pdf
13412,RBI/2026-27/48 DOR.STR.REC.37/21-04-048/2026-27,"April 29, 2026","Reserve Bank of India (Small Finance Banks – Resolution of Stressed Assets) Amendment Directions, 2026",https://rbidocs.rbi.org.in/rdocs/Notification/PDFs/NT48EA124973D73F471DA19168B377E9E529.PDF,data\full_dataset\rbi\pdf\RBI_2026-27_48_DOR.STR.REC.37_21-04-048_2026-27__ee628a95.pdf
13411,RBI/2026-27/52 DOR.STR.REC.41/21-04-048/2026-27,"April 29, 2026","Reserve Bank of India (Local Area Banks – Resolution of Stressed Assets) Amendment Directions, 2026",https://rbidocs.rbi.org.in/rdocs/Notification/PDFs/NT525AB17F0E9D8A4BAE868584EB2A39A9FB.PDF,data\full_dataset\rbi\pdf\RBI_2026-27_52_DOR.STR.REC.41_21-04-048_2026-27__8c58c38c.pdf
13410,RBI/2026-27/46 DOR.STR.REC.35/21-04-048/2026-27,"April 29, 2026","Reserve Bank of India (Commercial Banks – Responsible Business Conduct) Amendment Directions, 2026",https://rbidocs.rbi.org.in/rdocs/Notification/PDFs/NT46BB3AE9CC38644D9A960F2017BA96D485.PDF,data\full_dataset\rbi\pdf\RBI_2026-27_46_DOR.STR.REC.35_21-04-048_2026-27__9495bdbd.pdf
13409,RBI/2026-27/45 DOR.STR.REC.34/21-04-048/2026-27,"April 29, 2026","Reserve Bank of India (Commercial Banks – Income Recognition, Asset Classification and Provisioning) Amendment Directions, 2026",https://rbidocs.rbi.org.in/rdocs/Notification/PDFs/NT4579C1B0A545104BCCBA46043677BF0B63.PDF,data\full_dataset\rbi\pdf\RBI_2026-27_45_DOR.STR.REC.34_21-04-048_2026-27__d7a74d65.pdf
13408,RBI/2026-27/44 DOR.STR.REC.33/21-04-048/2026-27,"April 29, 2026","Reserve Bank of India (Commercial Banks – Resolution of Stressed Assets) Second Amendment Directions, 2026",https://rbidocs.rbi.org.in/rdocs/Notification/PDFs/NT440F61D7E5249B421D94E47FBE2EF02299.PDF,data\full_dataset\rbi\pdf\RBI_2026-27_44_DOR.STR.REC.33_21-04-048_2026-27__24a21420.pdf
13407,RBI/2026-27/43 DOR.FIN.REC.No.67/03.10.001/2026-27,"April 29, 2026","Reserve Bank of India (Non-Banking Financial Companies – Registration, Exemptions and Framework for Scale Based Regulation) Amendment Directions, 2026",https://rbidocs.rbi.org.in/rdocs/Notification/PDFs/NOTI43290420265886D94FF26C478281DD74C9C63ECF22.PDF,data\full_dataset\rbi\pdf\RBI_2026-27_43_DOR.FIN.REC.No.67_03.10.001_2026-27__29628c20.pdf
13406,RBI/2026-27/42 DOR.AML.REC.32/14.06.001/2026-27,"April 29, 2026","Implementation of Section 51A of UAPA, 1967: Updates to UNSC’s 1988 (2011) Taliban Sanctions List: Amendment of 17 Entries",https://rbidocs.rbi.org.in/rdocs/Notification/PDFs/NOTI422904202662761CEEC3694F8DB47012D284F9E092.PDF,data\full_dataset\rbi\pdf\RBI_2026-27_42_DOR.AML.REC.32_14.06.001_2026-27__16d8c1da.pdf
13405,RBI/2026-27/41 DOR.CRE.REC.31/21-04-018/2026-27,"April 29, 2026","Reserve Bank of India (Urban Co-operative Banks – Financial Statements: Presentation and Disclosures) – Second Amendment Directions, 2026",https://rbidocs.rbi.org.in/rdocs/Notification/PDFs/NT411540C7941A2345109C465F94C8C64865.PDF,data\full_dataset\rbi\pdf\RBI_2026-27_41_DOR.CRE.REC.31_21-04-018_2026-27__9d058e1a.pdf
13404,RBI/2026-27/40 DOR.CRE.REC.30/07-01-005/2026-27,"April 29, 2026","Reserve Bank of India (Urban Co-operative Banks – Credit Facilities) – Amendment Directions, 2026",https://rbidocs.rbi.org.in/rdocs/Notification/PDFs/NT40B4100873FA7247CE96C103955A57E5AF.PDF,data\full_dataset\rbi\pdf\RBI_2026-27_40_DOR.CRE.REC.30_07-01-005_2026-27__1acf465a.pdf
13403,RBI/2026-27/39 DOR.CRE.REC.29/07-03-005/2026-27,"April 29, 2026","Reserve Bank of India (Urban Co-operative Banks – Concentration Risk Management) – Amendment Directions, 2026",https://rbidocs.rbi.org.in/rdocs/Notification/PDFs/NT39A1D30B6B73E84F329B13ACBE4895E0F3.PDF,data\full_dataset\rbi\pdf\RBI_2026-27_39_DOR.CRE.REC.29_07-03-005_2026-27__e60d7921.pdf
13402,RBI/2026-27/38 A.P. (DIR Series) Circular No. 08,"April 27, 2026",Reporting instructions for Authorised Dealer Category-I Banks,https://rbidocs.rbi.org.in/rdocs/Notification/PDFs/NT388041329D3C6749DBA18F0F6538E5DB15.PDF,data\full_dataset\rbi\pdf\RBI_2026-27_38_A.P.__DIR_Series__Circular_No._08__7375ec26.pdf
13401,RBI/2026-27/37 FMRD.MIOD.No.1/11.01.051/2026-27,"April 27, 2026","Master Direction - Reserve Bank of India (Access Criteria for NDS-OM) Directions, 2025",https://rbidocs.rbi.org.in/rdocs/Notification/PDFs/NT378963842879104231B8BD03AAE131E873.PDF,data\full_dataset\rbi\pdf\RBI_2026-27_37_FMRD.MIOD.No.1_11.01.051_2026-27__df0bbc10.pdf
13400,,"April 27, 2026",,https://rbidocs.rbi.org.in/rdocs/Notification/PDFs/MD39857992A3DBE7946619F0F76DF81E472CF.PDF,data\full_dataset\rbi\pdf\5502230de716__5502230d.pdf
13399,,"April 1, 2027","Reserve Bank of India (Commercial Banks - Capital Charge for Credit Risk – Standardised Approach) Directions, 2026 (Effective from April 1, 2027)",https://rbidocs.rbi.org.in/rdocs/Notification/PDFs/397MD7DCC951F9F014A738C60E0FBC1A73D70.PDF,data\full_dataset\rbi\pdf\Reserve_Bank_of_India__Commercial_Banks_-_Capital_Charge_for_Credit_Risk___Standardised_Approach__Directions__2026__Effective_from_April_1__2027___475c7a07.pdf
13398,RBI/2026-27/22 DOR.STR.REC.21/ 21-04-048/2026-27,"April 27, 2026","Reserve Bank of India (Commercial Banks – Undertaking of Financial Services) – Second Amendment Directions, 2026",https://rbidocs.rbi.org.in/rdocs/Notification/PDFs/NT22B9AE8E28B6BF4F0187C7334DF07383CC.PDF,data\full_dataset\rbi\pdf\RBI_2026-27_22_DOR.STR.REC.21__21-04-048_2026-27__c1355340.pdf
13397,RBI/2026-27/26 DOR.STR.REC.10/07-02-001/2026-27,"April 27, 2026","Reserve Bank of India (Commercial Banks – Credit Risk Management) - Second Amendment Directions, 2026",https://rbidocs.rbi.org.in/rdocs/Notification/PDFs/26DOR27042026733E2D2A91BF47259B26D589A70CA528.PDF,data\full_dataset\rbi\pdf\RBI_2026-27_26_DOR.STR.REC.10_07-02-001_2026-27__48a6826b.pdf
13396,,"April 27, 2026","Reserve Bank of India (Commercial Banks – Income Recognition, Asset Classification and Provisioning) Repeal Directions, 2026",https://rbidocs.rbi.org.in/rdocs/Notification/PDFs/14RDIRACP_270420264878E504865D4B2191A0841106839454.PDF,data\full_dataset\rbi\pdf\Reserve_Bank_of_India__Commercial_Banks___Income_Recognition__Asset_Classification_and_Provisioning__Repeal_Directions__2026__050fd36c.pdf
13395,RBI/2026-27/25 DOR.STR.REC.13/07-01-001/2026-27,"April 27, 2026","Reserve Bank of India (Commercial Banks – Credit Facilities) Second Amendment Directions, 2026",https://rbidocs.rbi.org.in/rdocs/Notification/PDFs/25DOR27042026269CC95694CA4E38A45B8319EAEDE6FD.PDF,data\full_dataset\rbi\pdf\RBI_2026-27_25_DOR.STR.REC.13_07-01-001_2026-27__38650605.pdf
13394,RBI/2026-27/21 DOR.STR.REC.25/21-04-048/2026-27,"April 27, 2026","Reserve Bank of India (Urban Co-operative Banks – Undertaking of Financial Services) – Amendment Directions, 2026",https://rbidocs.rbi.org.in/rdocs/Notification/PDFs/NT217059249E4C574BC3B5239624D3E180EB.PDF,data\full_dataset\rbi\pdf\RBI_2026-27_21_DOR.STR.REC.25_21-04-048_2026-27__0bbb6e7c.pdf
13393,RBI/2026-27/35 DOR.STR.REC.15/21-04-018/2026-27,"April 27, 2026","Reserve Bank of India (Commercial Banks – Financial Statements: Presentation and Disclosures)- Seventh Amendment Directions, 2026",https://rbidocs.rbi.org.in/rdocs/Notification/PDFs/13PDSCB_27042026857B1520A46C40E3B1AAA206842201E4.PDF,data\full_dataset\rbi\pdf\RBI_2026-27_35_DOR.STR.REC.15_21-04-018_2026-27__1afb746a.pdf
13392,RBI/2026-27/30 DOR.STR.REC.12/13-10-001/2026-27,"April 27, 2026","Reserve Bank of India (Commercial Banks – Asset Liability Management) - Amendment Directions, 2026",https://rbidocs.rbi.org.in/rdocs/Notification/PDFs/NOTI3015E65B51BC974DE09522B15EBF0A1A8D.PDF,data\full_dataset\rbi\pdf\RBI_2026-27_30_DOR.STR.REC.12_13-10-001_2026-27__4f163ebb.pdf
13391,RBI/2026-27/34 DOR.STR.REC.9/00-00-001/2026-27,"April 27, 2026","Reserve Bank of India (Commercial Banks – Classification, Valuation, and Operation of Investment Portfolio)- Amendment Directions, 2026",https://rbidocs.rbi.org.in/rdocs/Notification/PDFs/12MDI_2704202618608902D37945FEB563837425A65E03.PDF,data\full_dataset\rbi\pdf\RBI_2026-27_34_DOR.STR.REC.9_00-00-001_2026-27__6d05fdd7.pdf
13390,RBI/2026-27/24 DOR.STR.REC.17/21-04-048/2026-27,"April 27, 2026","Reserve Bank of India (Commercial Banks - Transfer and Distribution of Credit Risk) Amendment Directions, 2026",https://rbidocs.rbi.org.in/rdocs/Notification/PDFs/24DOR27042026D5FAFF4D1C1A4F209F9F3FA386284C73.PDF,data\full_dataset\rbi\pdf\RBI_2026-27_24_DOR.STR.REC.17_21-04-048_2026-27__87c1764a.pdf
13389,RBI/2026-27/20 DOR.STR.REC.24/21-04-048/2026-27,"April 27, 2026","Reserve Bank of India (Small Finance Banks – Undertaking of Financial Services) – Amendment Directions, 2026",https://rbidocs.rbi.org.in/rdocs/Notification/PDFs/NT208ECFB6D0A0794878925586FC9C345EF6.PDF,data\full_dataset\rbi\pdf\RBI_2026-27_20_DOR.STR.REC.24_21-04-048_2026-27__07ec813f.pdf
13388,RBI/2026-27/29 DOR.STR.REC.11/24-01-041/2026-27,"April 27, 2026","Reserve Bank of India (Commercial Banks – Credit Cards and Debit Cards: Issuance and Conduct) - Amendment Directions, 2026",https://rbidocs.rbi.org.in/rdocs/Notification/PDFs/NOTI29250DAA33E8FD4FB0B7680453870F9447.PDF,data\full_dataset\rbi\pdf\RBI_2026-27_29_DOR.STR.REC.11_24-01-041_2026-27__bad0fbbd.pdf
13387,RBI/2026-27/33 DOR.STR.REC.19/21-01-002/2026-27,"April 27, 2026",“‘,https://rbidocs.rbi.org.in/rdocs/Notification/PDFs/11PNCA_270420267F340810E22549159505F6EF8C17748A.PDF,data\full_dataset\rbi\pdf\RBI_2026-27_33_DOR.STR.REC.19_21-01-002_2026-27__3bbd7d8c.pdf
13386,RBI/2026-27/19 DOR.STR.REC.26/21-04-048/2026-27,"April 27, 2026","Reserve Bank of India (Regional Rural Banks – Undertaking of Financial Services) – Amendment Directions, 2026",https://rbidocs.rbi.org.in/rdocs/Notification/PDFs/NT19D250E5188FF74B0CBD6274FC2F8232A5.PDF,data\full_dataset\rbi\pdf\RBI_2026-27_19_DOR.STR.REC.26_21-04-048_2026-27__b8d36ab6.pdf
13385,RBI/2026-27/32 DOR.STR.REC.16/21-04-048/2026-27,"April 27, 2026","Reserve Bank of India (Urban Cooperative Banks – Resolution of Stressed Assets)- Amendment Directions, 2026",https://rbidocs.rbi.org.in/rdocs/Notification/PDFs/10UCB_27042026D254BB8B84E94D18AEAA5D65479D9833.PDF,data\full_dataset\rbi\pdf\RBI_2026-27_32_DOR.STR.REC.16_21-04-048_2026-27__016e7a56.pdf
13384,RBI/2026-27/28 DOR.STR.REC.18/20-16-001/2026-27,"April 27, 2026","Reserve Bank of India (Commercial Banks – Treatment of Wilful Defaulters and Large Defaulters) - Amendment Directions, 2026",https://rbidocs.rbi.org.in/rdocs/Notification/PDFs/NOTI285C4A71651B6340CB87A70707696834E8.PDF,data\full_dataset\rbi\pdf\RBI_2026-27_28_DOR.STR.REC.18_20-16-001_2026-27__51b1fcb4.pdf
13383,RBI/2026-27/23 DOR.STR.REC.7/21-04-048/2026-27,"April 27, 2026","Reserve Bank of India (Commercial Banks – Resolution of Stressed Assets) Amendment Directions, 2026",https://rbidocs.rbi.org.in/rdocs/Notification/PDFs/23DOR27042026379A5D0D59CC4500958CC0AC56A3C8F6.PDF,data\full_dataset\rbi\pdf\RBI_2026-27_23_DOR.STR.REC.7_21-04-048_2026-27__c607a835.pdf
13382,RBI/2026-27/31 DOR.STR.REC.14/16-13-218/2026-27,"April 27, 2026","Reserve Bank of India (Non-Operative Financial Holding Companies)- Amendment Directions, 2026",https://rbidocs.rbi.org.in/rdocs/Notification/PDFs/9NOFHC_27042026724CCE0A9AB64C55A3F06207CDC7830E.PDF,data\full_dataset\rbi\pdf\RBI_2026-27_31_DOR.STR.REC.14_16-13-218_2026-27__b590523f.pdf
13381,RBI/2026-27/18 DOR.STR.REC.27/21-04-048/2026-27,"April 27, 2026","Reserve Bank of India (Rural Co-operative Banks– Undertaking of Financial Services) – Amendment Directions, 2026",https://rbidocs.rbi.org.in/rdocs/Notification/PDFs/NT18C84D89D269394E429F27EEBF667B0D4A.PDF,data\full_dataset\rbi\pdf\RBI_2026-27_18_DOR.STR.REC.27_21-04-048_2026-27__cac28e29.pdf
13380,RBI/2026-27/27 DOR.STR.REC.08/07-03-001/2026-27,"April 27, 2026","Reserve Bank of India (Commercial Banks - Concentration Risk Management) - Second Amendment Directions, 2026",https://rbidocs.rbi.org.in/rdocs/Notification/PDFs/NOTI275D15CF58136D4780BB05FCFF4C492998.PDF,data\full_dataset\rbi\pdf\RBI_2026-27_27_DOR.STR.REC.08_07-03-001_2026-27__0cc20b66.pdf
13379,RBI/2026-27/17 DOR.STR.REC.22/21-04-048/2026-27,"April 27, 2026","Reserve Bank of India (Non-Banking Financial Companies– Undertaking of Financial Services) –Amendment Directions, 2026",https://rbidocs.rbi.org.in/rdocs/Notification/PDFs/NT176836A057366F4ECB8FA3C97B732B241A.PDF,data\full_dataset\rbi\pdf\RBI_2026-27_17_DOR.STR.REC.22_21-04-048_2026-27__09f1e87b.pdf
13378,RBI/2026-27/16 DOR.STR.REC.23/21-04-048/2026-27,"April 27, 2026","Reserve Bank of India (All India Financial Institutions – Undertaking of Financial Services) –Amendment Directions, 2026",https://rbidocs.rbi.org.in/rdocs/Notification/PDFs/NT162704F26778CE0BDC4BF7A2DDEEAA15F2D265.PDF,data\full_dataset\rbi\pdf\RBI_2026-27_16_DOR.STR.REC.23_21-04-048_2026-27__07e6a199.pdf
13377,RBI/2026-27/15 DOR.STR.REC.28/21-04-048/2026-27,"April 27, 2026","Reserve Bank of India (Local Area Banks – Miscellaneous) – Amendment Directions, 2026",https://rbidocs.rbi.org.in/rdocs/Notification/PDFs/NT15F0090DDCCC1D44B88D8E4540BF0B480D.PDF,data\full_dataset\rbi\pdf\RBI_2026-27_15_DOR.STR.REC.28_21-04-048_2026-27__6002a158.pdf
13376,,"April 27, 2026","Master Direction - Reserve Bank of India (Access Criteria for NDS-OM) Directions, 2025 (Updated as on April 27, 2026)",https://rbidocs.rbi.org.in/rdocs/Notification/PDFs/MD12777A587A04E134163B2F6F574B44F9F1C.PDF,data\full_dataset\rbi\pdf\Master_Direction_-_Reserve_Bank_of_India__Access_Criteria_for_NDS-OM__Directions__2025__Updated_as_on_April_27__2026___f90d4f46.pdf
13375,,"February 28, 2024",Enabling Framework for Regulatory Sandbox,https://rbidocs.rbi.org.in/rdocs/Notification/PDFs/ENABLINGF28022024783C81E4DF5E4553822875B31B6739B6.PDF,data\full_dataset\rbi\pdf\Enabling_Framework_for_Regulatory_Sandbox__5861d0cd.pdf
13374,,"April 21, 2026","Digital Payments – E-mandate Framework, 2026",https://rbidocs.rbi.org.in/rdocs/Notification/PDFs/396MDD002E435ECA145509929FC3ACBCFD0E9.PDF,data\full_dataset\rbi\pdf\Digital_Payments___E-mandate_Framework__2026__1b8c8e39.pdf
13373,RBI/2026-27/14 A.P. (DIR Series) Circular No. 07,"April 20, 2026",Risk Management and Inter-Bank Dealings,https://rbidocs.rbi.org.in/rdocs/Notification/PDFs/NT141CBCF8D96C7D43FCB43D649F2653DF96.PDF,data\full_dataset\rbi\pdf\RBI_2026-27_14_A.P.__DIR_Series__Circular_No._07__e0fb4744.pdf
13372,RBI/2026-27/13 DOR.AML.REC.4/14.06.001/2026-27,"April 17, 2026",,https://rbidocs.rbi.org.in/rdocs/Notification/PDFs/NT1383981D2B9436464CAAF37AFF9FABF21C.PDF,data\full_dataset\rbi\pdf\RBI_2026-27_13_DOR.AML.REC.4_14.06.001_2026-27__3c2c54ef.pdf
13371,RBI/2026-27/12 DOR.AML.REC.2/14.06.001/2026-27,"April 15, 2026",A. Individuals,https://rbidocs.rbi.org.in/rdocs/Notification/PDFs/NT12418472C86AEE41FBB4A2E7A60D7AA01A.PDF,data\full_dataset\rbi\pdf\RBI_2026-27_12_DOR.AML.REC.2_14.06.001_2026-27__a692975e.pdf
13370,RBI/2026-2027/11 DOR.RAUG.REC.No.3/23-27-013/2026-27,"April 15, 2026","Reserve Bank of India (Non-Banking Financial Companies – Branch Authorisation) Amendment Directions, 2026",https://rbidocs.rbi.org.in/rdocs/Notification/PDFs/NT1147FF98720DA34366B92669755481F00E.PDF,data\full_dataset\rbi\pdf\RBI_2026-2027_11_DOR.RAUG.REC.No.3_23-27-013_2026-27__7cb6f7f2.pdf
13369,RBI/2026-27/10 A.P. (DIR Series) Circular No. 06,"April 10, 2026","Master Direction - Reserve Bank of India (Non-resident Investment in Debt Instruments) Directions, 2025 – amendment",https://rbidocs.rbi.org.in/rdocs/Notification/PDFs/NT10BD72BEB5FFC146F8A132627547ECB89B.PDF,data\full_dataset\rbi\pdf\RBI_2026-27_10_A.P.__DIR_Series__Circular_No._06__ee393c1d.pdf
13368,RBI/2026-27/09 FIDD.CO.LBS.BC.No.01/02.08.001/2026-27,"April 10, 2026",Formation of new districts in the State of Andhra Pradesh – Assignment of Lead Bank Responsibility,https://rbidocs.rbi.org.in/rdocs/Notification/PDFs/NT09C558FF07BF994E39B619A6721950C715.PDF,data\full_dataset\rbi\pdf\RBI_2026-27_09_FIDD.CO.LBS.BC.No.01_02.08.001_2026-27__7eaeb965.pdf
13367,RBI/2026-27/08 CO.DPSS.ID.No.S20/06-08-017/2026-2027,"April 09, 2026",Guidelines to facilitate faster cross-border inward payments,https://rbidocs.rbi.org.in/rdocs/Notification/PDFs/NT083C6ADC9FA8C24AB29757536C709EA939.PDF,data\full_dataset\rbi\pdf\RBI_2026-27_08_CO.DPSS.ID.No.S20_06-08-017_2026-2027__21360a70.pdf
13366,RBI/2026-27/07 A.P. (DIR Series) Circular No. 05,"April 06, 2026",Limits for investment in debt and sale of Credit Default Swaps by Foreign Portfolio Investors (FPIs),https://rbidocs.rbi.org.in/rdocs/Notification/PDFs/NT071E04EF8ADA5E444B865AFAC3F1AD85F5.PDF,data\full_dataset\rbi\pdf\RBI_2026-27_07_A.P.__DIR_Series__Circular_No._05__a5f92b0b.pdf
13365,RBI/2026-27/06 IDMD.RETL.No.S23/13.01.300/2026-27,"April 02, 2026",,https://rbidocs.rbi.org.in/rdocs/Notification/PDFs/06NT29AAEE6D991D446B9142DF898BF21D68.PDF,data\full_dataset\rbi\pdf\RBI_2026-27_06_IDMD.RETL.No.S23_13.01.300_2026-27__3185e046.pdf
13364,RBI/2026-27/05 A.P. (DIR Series) Circular No. 04,"April 2, 2026",Memorandum of Instructions governing money changing activities – Location of Forex Counters in International Airports in India,https://rbidocs.rbi.org.in/rdocs/Notification/PDFs/APDIR04020420266F9D9C9439404E2AA9005E7A55A2B4D5.PDF,data\full_dataset\rbi\pdf\RBI_2026-27_05_A.P.__DIR_Series__Circular_No._04__9d5b7b12.pdf
13363,RBI/2026-27/04 A.P. (DIR Series) Circular No. 03,"April 01, 2026",Risk Management and Inter-Bank Dealings (Revised),https://rbidocs.rbi.org.in/rdocs/Notification/PDFs/APDIR04D586D4D4A17E42759C682D2F7513F918.PDF,data\full_dataset\rbi\pdf\RBI_2026-27_04_A.P.__DIR_Series__Circular_No._03__b3e409d0.pdf
13362,RBI/2017-18/132 DCM (RMMT) No.2945/11.37.01/2017-18 15.02.2018 Acceptance o,"September 01, 2026","Master Direction – Facility for Exchange of Notes and Coins (Updated as on September 01, 2026)",https://rbidocs.rbi.org.in/rdocs/Notification/PDFs/395MDDCEE303B29F7409B867FAAEC10242C4A.PDF,data\full_dataset\rbi\pdf\RBI_2017-18_132_DCM__RMMT__No.2945_11.37.01_2017-18_15.02.2018_Acceptance_o__ae0c48d8.pdf
13361,,"September 01, 2026","Master Direction on Counterfeit Notes – Detection, Reporting and Monitoring (Updated as on September 01, 2026)",https://rbidocs.rbi.org.in/rdocs/Notification/PDFs/MD39472AB49ECE87F40868FBB8F0714E1627F.PDF,data\full_dataset\rbi\pdf\Master_Direction_on_Counterfeit_Notes___Detection__Reporting_and_Monitoring__Updated_as_on_September_01__2026___ddf5c24a.pdf
13360,"RBI/2018-19/166 DCM(CC) No. 2842/03.39.01/2018-19 dated April 08, 2019 . 3","May 27, 2026","Master Direction on Incentives for Currency Distribution and Exchange and Penalties / Penal Provisions for Bank Branches and Currency Chests for Deficiency in Rendering Customer Service and Reporting of Transactions / Balances (Updated as on May 27, 2026)",https://rbidocs.rbi.org.in/rdocs/Notification/PDFs/393MD748717FE591F47CA86031C181677D39B.PDF,data\full_dataset\rbi\pdf\RBI_2018-19_166_DCM_CC__No._2842_03.39.01_2018-19_dated_April_08__2019_._3__1ab40432.pdf
13359,RBI/2026-27/03 A.P. (DIR Series) Circular No. 02,"April 01, 2026",Overseas Investment – Submission of References to the Reserve Bank,https://rbidocs.rbi.org.in/rdocs/Notification/PDFs/02APDIR01042026CC321D9006BC43E1B5E7FF31EC93E8D3.PDF,data\full_dataset\rbi\pdf\RBI_2026-27_03_A.P.__DIR_Series__Circular_No._02__5e9fd860.pdf
13358,RBI/2026-27/02 A.P. (DIR Series) Circular No. 01,"April 01, 2026","Reporting under Foreign Exchange Management Act, 1999 – Returns pertaining to Foreign Exchange Management (Guarantees) Regulations, 2026",https://rbidocs.rbi.org.in/rdocs/Notification/PDFs/APDIR027C34873255BF491DA45D5776BEE4C3D4.PDF,data\full_dataset\rbi\pdf\RBI_2026-27_02_A.P.__DIR_Series__Circular_No._01__7e44d943.pdf
13357,RBI/2026-27/01 DOR.AML.REC.1/14.06.001/2026-27,"April 01, 2026",,https://rbidocs.rbi.org.in/rdocs/Notification/PDFs/NT01F2FA1289C0FE48F79E6D255501C222A3.PDF,data\full_dataset\rbi\pdf\RBI_2026-27_01_DOR.AML.REC.1_14.06.001_2026-27__286e5b78.pdf
13356,RBI/2025-26/264 FIDD.CO.LBS.BC.No.14/02.08.001/2025-26,"March 30, 2026",Formation of new district in the State of Goa – Assignment of Lead Bank Responsibility,https://rbidocs.rbi.org.in/rdocs/Notification/PDFs/NT264756DA736222F4D5987BF2592461D48F6.PDF,data\full_dataset\rbi\pdf\RBI_2025-26_264_FIDD.CO.LBS.BC.No.14_02.08.001_2025-26__8ade1de0.pdf
13355,RBI/2025-26/263 DOR.STR.REC.No.455/21.04.048/2025-26,"March 31, 2026","Reserve Bank of India (Trade Relief Measures) Directions, 2026",https://rbidocs.rbi.org.in/rdocs/Notification/PDFs/NT26385773BD85FBE44B89940CA71BC181E54.PDF,data\full_dataset\rbi\pdf\RBI_2025-26_263_DOR.STR.REC.No.455_21.04.048_2025-26__9456d335.pdf
13354,RBI/2025-26/262 DOR.CRE.REC.454/21.04.018/2025-26,"March 30, 2026","Reserve Bank of India (Small Finance Banks – Financial Statements: Presentation and Disclosures) – Second Amendment Directions, 2026 (Revised)",https://rbidocs.rbi.org.in/rdocs/Notification/PDFs/262NTB902179A162C4B3888F05CA28B67602E.PDF,data\full_dataset\rbi\pdf\RBI_2025-26_262_DOR.CRE.REC.454_21.04.018_2025-26__72200d24.pdf
13353,RBI/2025-26/261 DOR.CRE.REC.453/21-01-002/2025-26,"March 30, 2026","Reserve Bank of India (Small Finance Banks - Prudential Norms on Capital Adequacy) Second Amendment Directions, 2026 (Revised)",https://rbidocs.rbi.org.in/rdocs/Notification/PDFs/261NT12614AE21FC249168A17E0F9C70C0773.PDF,data\full_dataset\rbi\pdf\RBI_2025-26_261_DOR.CRE.REC.453_21-01-002_2025-26__0bcb6625.pdf
13352,RBI/2025-26/260 DOR.CRE.REC.452/07-03-002/2025-26,"March 30, 2026","Reserve Bank of India (Small Finance Banks - Concentration Risk Management) Amendment Directions, 2026 (Revised)",https://rbidocs.rbi.org.in/rdocs/Notification/PDFs/260NT734AEA8B4A484FDABC91603C0076ED67.PDF,data\full_dataset\rbi\pdf\RBI_2025-26_260_DOR.CRE.REC.452_07-03-002_2025-26__8d66ab7f.pdf
13351,RBI/2025-26/259 DOR.CRE.REC.451/07-01-002/2025-26,"March 30, 2026","Reserve Bank of India (Small Finance Banks – Credit Facilities) Amendment Directions, 2026 (Revised)",https://rbidocs.rbi.org.in/rdocs/Notification/PDFs/259NTBC656D7F5053492E8F1C274EDE3DC6A7.PDF,data\full_dataset\rbi\pdf\RBI_2025-26_259_DOR.CRE.REC.451_07-01-002_2025-26__03cb1a92.pdf
13350,RBI/2025-26/258 DOR.CRE.REC.450/24-01-041/2025-26,"March 30, 2026","Reserve Bank of India (Commercial Banks – Undertaking of Financial Services) – Amendment Directions, 2026 (Revised)",https://rbidocs.rbi.org.in/rdocs/Notification/PDFs/NT258121DA3B58FF648DA9448B40BCD8FFE6C.PDF,data\full_dataset\rbi\pdf\RBI_2025-26_258_DOR.CRE.REC.450_24-01-041_2025-26__961cec51.pdf
13349,RBI/2025-26/257 DOR.CRE.REC.449/21.04.018/2025-26,"March 30, 2026","Reserve Bank of India (Commercial Banks – Financial Statements: Presentation and Disclosures) – Third Amendment Directions, 2026 (Revised)",https://rbidocs.rbi.org.in/rdocs/Notification/PDFs/NT257C1DE3343A21D4B7B8C87FD98E837E9E3.PDF,data\full_dataset\rbi\pdf\RBI_2025-26_257_DOR.CRE.REC.449_21.04.018_2025-26__ba5a2a44.pdf
13348,RBI/2025-26/256 DOR.CRE.REC.448/21-01-002/2025-26,"March 30, 2026","Reserve Bank of India (Commercial Banks - Prudential Norms on Capital Adequacy) Second Amendment Directions, 2026 (Revised)",https://rbidocs.rbi.org.in/rdocs/Notification/PDFs/NT256237C65319A514EED99F9587E2676FC90.PDF,data\full_dataset\rbi\pdf\RBI_2025-26_256_DOR.CRE.REC.448_21-01-002_2025-26__632c30d3.pdf
13347,RBI/2025-26/255 DOR.CRE.REC.447/07-03-001/2025-26,"March 30, 2026","Reserve Bank of India (Commercial Banks - Concentration Risk Management) Amendment Directions, 2026 (Revised)",https://rbidocs.rbi.org.in/rdocs/Notification/PDFs/NT255325083CBEDA648DEA31224CE9EF7EDC8.PDF,data\full_dataset\rbi\pdf\RBI_2025-26_255_DOR.CRE.REC.447_07-03-001_2025-26__625336cb.pdf
13346,RBI/2025-26/254 DOR.CRE.REC.446/07-01-001/2025-26,"March 30, 2026","Reserve Bank of India (Commercial Banks – Credit Facilities) Amendment Directions, 2026 (Revised)",https://rbidocs.rbi.org.in/rdocs/Notification/PDFs/NT25449340B3DEA7740ABBD1A8F299F3FCD48.PDF,data\full_dataset\rbi\pdf\RBI_2025-26_254_DOR.CRE.REC.446_07-01-001_2025-26__254d67aa.pdf
13345,RBI/2025-26/253 A.P. (DIR Series) Circular No. 25,"March 30, 2026","Reporting under Foreign Exchange Management Act, 1999 – Returns pertaining to External Commercial Borrowing (ECB)",https://rbidocs.rbi.org.in/rdocs/Notification/PDFs/NT253E76A87AD2C554CE9A5F01BC6F3C6BC9B.PDF,data\full_dataset\rbi\pdf\RBI_2025-26_253_A.P.__DIR_Series__Circular_No._25__3f5eb4e7.pdf
13344,RBI/2025-26/252 A.P. (DIR Series) Circular No. 24,"March 27, 2026",NOP-INR position of Authorised Dealers,https://rbidocs.rbi.org.in/rdocs/Notification/PDFs/252NT27032026A320D4644CF241D48508EF8671F2C83B.PDF,data\full_dataset\rbi\pdf\RBI_2025-26_252_A.P.__DIR_Series__Circular_No._24__55aeda5b.pdf
13343,,"March 27, 2026","Master Direction - Reserve Bank of India (Unique Identifiers in Financial Markets) Directions, 2026",https://rbidocs.rbi.org.in/rdocs/Notification/PDFs/392MD270320266188FCF9FF0D4C51913E2DD577796EA4.PDF,data\full_dataset\rbi\pdf\Master_Direction_-_Reserve_Bank_of_India__Unique_Identifiers_in_Financial_Markets__Directions__2026__b43476e0.pdf
13342,RBI/2025-26/251 DOR.AML.REC.445/14.06.001/2025-26,"March 27, 2026",QDi.437 Name:,https://rbidocs.rbi.org.in/rdocs/Notification/PDFs/NT251D8AC70BFBD064EECA3469A62E3AACB44.PDF,data\full_dataset\rbi\pdf\RBI_2025-26_251_DOR.AML.REC.445_14.06.001_2025-26__3d733db8.pdf
13341,"RBI/2025-26/250 DCM(CC)No.S4781/03.51.01/2025-26 March 16, 2026 All Currenc","March 31, 2026","Currency Chest operations on March 31, 2026",https://rbidocs.rbi.org.in/rdocs/Notification/PDFs/NT2506906EF76186A4CAAB7B172C87B724E33.PDF,data\full_dataset\rbi\pdf\RBI_2025-26_250_DCM_CC_No.S4781_03.51.01_2025-26_March_16__2026_All_Currenc__2c31d5c7.pdf
13340,,"March 16, 2026","Reserve Bank of India (Rural Co-operative Banks – Financial Statements: Presentation and Disclosures) – Second Amendment Directions, 2026",https://rbidocs.rbi.org.in/rdocs/Notification/PDFs/NT2495ACC944DC51E4DC79AD9B6F95C8AC162.PDF,data\full_dataset\rbi\pdf\Reserve_Bank_of_India__Rural_Co-operative_Banks___Financial_Statements__Presentation_and_Disclosures____Second_Amendment_Directions__2026__b6ca5dac.pdf
13339,,"March 16, 2026","Reserve Bank of India (Urban Co-operative Banks – Financial Statements: Presentation and Disclosures) – Third Amendment Directions, 2026",https://rbidocs.rbi.org.in/rdocs/Notification/PDFs/NT248842E9ED7DC4146F6881E13B1475DDC53.PDF,data\full_dataset\rbi\pdf\Reserve_Bank_of_India__Urban_Co-operative_Banks___Financial_Statements__Presentation_and_Disclosures____Third_Amendment_Directions__2026__e91a7c18.pdf
13338,,"March 16, 2026","Reserve Bank of India (Local Area Banks – Financial Statements: Presentation and Disclosures) Second Amendment Directions, 2026",https://rbidocs.rbi.org.in/rdocs/Notification/PDFs/NT24650E8CFA323C04FB2A300D9F490EBE58E.PDF,data\full_dataset\rbi\pdf\Reserve_Bank_of_India__Local_Area_Banks___Financial_Statements__Presentation_and_Disclosures__Second_Amendment_Directions__2026__17ee55d5.pdf
13337,,"February 23, 2026","Foreign Exchange Management (Export and Import of Currency) (Amendment) Regulations, 2026",https://rbidocs.rbi.org.in/rdocs/Notification/PDFs/AFEMA6R23022026D704451E2ED6439B8F8FAEEF5A4D0929.PDF,data\full_dataset\rbi\pdf\Foreign_Exchange_Management__Export_and_Import_of_Currency___Amendment__Regulations__2026__bf8a5a2f.pdf
13336,,"March 16, 2026","Reserve Bank of India (Payments Banks – Financial Statements: Presentation and Disclosures) Amendment Directions, 2026",https://rbidocs.rbi.org.in/rdocs/Notification/PDFs/NT245A7E394DDDF204E209954CA0483AA2026.PDF,data\full_dataset\rbi\pdf\Reserve_Bank_of_India__Payments_Banks___Financial_Statements__Presentation_and_Disclosures__Amendment_Directions__2026__7ee0be64.pdf
13335,,"March 16, 2026","Reserve Bank of India (Regional Rural Banks – Financial Statements: Presentation and Disclosures) – Second Amendment Directions, 2026",https://rbidocs.rbi.org.in/rdocs/Notification/PDFs/NT247E9E625471F374A2D8C3BDC1044D4ED2F.PDF,data\full_dataset\rbi\pdf\Reserve_Bank_of_India__Regional_Rural_Banks___Financial_Statements__Presentation_and_Disclosures____Second_Amendment_Directions__2026__b9291b2f.pdf
13334,,"March 16, 2026","Reserve Bank of India (Small Finance Banks – Financial Statements: Presentation and Disclosures) – Third Amendment Directions, 2026",https://rbidocs.rbi.org.in/rdocs/Notification/PDFs/NT2449B19396A971B40B3B373DEAA17810995.PDF,data\full_dataset\rbi\pdf\Reserve_Bank_of_India__Small_Finance_Banks___Financial_Statements__Presentation_and_Disclosures____Third_Amendment_Directions__2026__1f7c9e79.pdf
13333,,"March 16, 2026","Reserve Bank of India (Commercial Banks – Financial Statements: Presentation and Disclosures) – Fifth Amendment Directions, 2026",https://rbidocs.rbi.org.in/rdocs/Notification/PDFs/NT243B45BC7BEDB7C4724A374CAA8DA388A61.PDF,data\full_dataset\rbi\pdf\Reserve_Bank_of_India__Commercial_Banks___Financial_Statements__Presentation_and_Disclosures____Fifth_Amendment_Directions__2026__c2d79a8f.pdf
13332,RBI/2025-26/242 DOR.AML.REC.437/14.06.001/2025-26,"March 11, 2026","Implementation of Section 51A of UAPA, 1967: Updates to UNSC’s 1988 (2011) Taliban Sanctions List: Amendment of 22 Entries: UAPA Update 02 of 2026",https://rbidocs.rbi.org.in/rdocs/Notification/PDFs/NT242B412324D7EBC48FF92F214A5A6B609F8.PDF,data\full_dataset\rbi\pdf\RBI_2025-26_242_DOR.AML.REC.437_14.06.001_2025-26__6bbe2425.pdf
13331,RBI/2025-26/241 DOR.MRG.REC.No.436/21-01-002/2025-26,"March 10, 2026","Reserve Bank of India (All India Financial Institutions (AIFIs) - Prudential Norms on Capital Adequacy) Second Amendment Directions, 2026",https://rbidocs.rbi.org.in/rdocs/Notification/PDFs/NT24143B908C1E4C1428DA7D867B3663869FB.PDF,data\full_dataset\rbi\pdf\RBI_2025-26_241_DOR.MRG.REC.No.436_21-01-002_2025-26__e39b23a5.pdf
13330,RBI/2025-26/240 DOR.MRG.REC.No.435/21-01-002/2025-26,"March 10, 2026","Reserve Bank of India (Payments Banks - Prudential Norms on Capital Adequacy) Amendment Directions, 2026",https://rbidocs.rbi.org.in/rdocs/Notification/PDFs/NT240B601FD00649E4E36ACB13E4048EAC882.PDF,data\full_dataset\rbi\pdf\RBI_2025-26_240_DOR.MRG.REC.No.435_21-01-002_2025-26__a9da0d90.pdf
13329,RBI/2025-26/239 DOR.MRG.REC.No.434/21-01-002/2025-26,"March 10, 2026","Reserve Bank of India (Small Finance Banks - Prudential Norms on Capital Adequacy) Third Amendment Directions, 2026",https://rbidocs.rbi.org.in/rdocs/Notification/PDFs/NT2397FD7794FBE4849118C2951F082FE494F.PDF,data\full_dataset\rbi\pdf\RBI_2025-26_239_DOR.MRG.REC.No.434_21-01-002_2025-26__d59a2da2.pdf
13328,RBI/2025-26/391 DOR.ACC.REC.No.428/21.02.067/2025-26,"March 10, 2026","Reserve Bank of India (Small Finance Banks – Prudential Norms on Declaration of Dividend) Directions, 2026",https://rbidocs.rbi.org.in/rdocs/Notification/PDFs/391MD10032026DEA2C866625C478D9F4CC695FCA60B68.PDF,data\full_dataset\rbi\pdf\RBI_2025-26_391_DOR.ACC.REC.No.428_21.02.067_2025-26__6c4f01a4.pdf
13327,RBI/2025-26/390 DOR.ACC.REC.No.431/21.02.067/2025-26,"March 10, 2026","Reserve Bank of India (Regional Rural Banks – Prudential Norms on Declaration of Dividend) Directions, 2026",https://rbidocs.rbi.org.in/rdocs/Notification/PDFs/390MD10032026A83919BF58A2481BB8240A89F25F285E.PDF,data\full_dataset\rbi\pdf\RBI_2025-26_390_DOR.ACC.REC.No.431_21.02.067_2025-26__09aed8d4.pdf
13326,RBI/2025-26/238 DOR.MRG.REC.No.433/21-01-002/2025-26,"March 10, 2026","Reserve Bank of India (Commercial Banks - Prudential Norms on Capital Adequacy) Third Amendment Directions, 2026",https://rbidocs.rbi.org.in/rdocs/Notification/PDFs/NT2380F4C03D444554106809C8BA8756A3F3B.PDF,data\full_dataset\rbi\pdf\RBI_2025-26_238_DOR.MRG.REC.No.433_21-01-002_2025-26__2ef8dada.pdf
13325,,"March 10, 2026","Reserve Bank of India (Local Area Banks – Prudential Norms on Declaration of Dividends) Repeal Directions, 2026",https://rbidocs.rbi.org.in/rdocs/Notification/PDFs/042378DF16EE12FD34DC2B3D51EC5BF0C941D.PDF,data\full_dataset\rbi\pdf\Reserve_Bank_of_India__Local_Area_Banks___Prudential_Norms_on_Declaration_of_Dividends__Repeal_Directions__2026__11017b7e.pdf
13324,RBI/2025-26/389 DOR.ACC.REC.No.430/21.02.067/2025-26,"March 10, 2026","Reserve Bank of India (Local Area Banks – Prudential Norms on Declaration of Dividend) Directions, 2026",https://rbidocs.rbi.org.in/rdocs/Notification/PDFs/389MD100320260CC22242233B4A46883801B79C02FE8B.PDF,data\full_dataset\rbi\pdf\RBI_2025-26_389_DOR.ACC.REC.No.430_21.02.067_2025-26__11fd02ca.pdf
13323,,"March 10, 2026","Reserve Bank of India (Payment Banks – Prudential Norms on Declaration of Dividends) Repeal Directions, 2026",https://rbidocs.rbi.org.in/rdocs/Notification/PDFs/032365CB0CCE9D21A4C6C89E5371E29840D06.PDF,data\full_dataset\rbi\pdf\Reserve_Bank_of_India__Payment_Banks___Prudential_Norms_on_Declaration_of_Dividends__Repeal_Directions__2026__9222f91f.pdf
13322,,"March 10, 2026",,https://rbidocs.rbi.org.in/rdocs/Notification/PDFs/02235950499E11154436FB2DFE0A1D24119B4.PDF,data\full_dataset\rbi\pdf\997dcffc6e90__997dcffc.pdf
13321,RBI/2025-26/388 DOR.ACC.REC.No.429/21.02.067/2025-26,"March 10, 2026","Reserve Bank of India (Payments Banks – Prudential Norms on Declaration of Dividend) Directions, 2026",https://rbidocs.rbi.org.in/rdocs/Notification/PDFs/388MD10032026C9C28BA2FD904454A24EE40607D82CC7.PDF,data\full_dataset\rbi\pdf\RBI_2025-26_388_DOR.ACC.REC.No.429_21.02.067_2025-26__95db36ef.pdf
13320,,"March 10, 2026","Reserve Bank of India (Commercial Banks – Prudential Norms on Declaration of Dividend and Remittance of Profit) Repeal Directions, 2026",https://rbidocs.rbi.org.in/rdocs/Notification/PDFs/01NOT234DA82687BD4954E77A6939DEBE4ECE8D2.PDF,data\full_dataset\rbi\pdf\Reserve_Bank_of_India__Commercial_Banks___Prudential_Norms_on_Declaration_of_Dividend_and_Remittance_of_Profit__Repeal_Directions__2026__b50e5f4a.pdf
13319,RBI/2025-26/387 DOR.ACC.REC.No.427/21.02.067/2025-26,"March 10, 2026","Reserve Bank of India (Commercial Banks – Prudential Norms on Declaration of Dividend and Remittances of Profits) Directions, 2026",https://rbidocs.rbi.org.in/rdocs/Notification/PDFs/387MD1003202698CBFA3D29254532B33C97C231B6F7D8.PDF,data\full_dataset\rbi\pdf\RBI_2025-26_387_DOR.ACC.REC.No.427_21.02.067_2025-26__15f0b85d.pdf
13318,,"March 10, 2026","Reserve Bank of India (Setting Up of Wholly Owned Subsidiaries by Foreign Banks) Amendment Guidelines, 2026",https://rbidocs.rbi.org.in/rdocs/Notification/PDFs/NOT233ADFB78C1859445FD9A209C410270CDD5.PDF,data\full_dataset\rbi\pdf\Reserve_Bank_of_India__Setting_Up_of_Wholly_Owned_Subsidiaries_by_Foreign_Banks__Amendment_Guidelines__2026__e6bfb733.pdf
13317,RBI/2025-26/232 DOR.CAP.REC.No.422/21.01.002/2025-26,"March 10, 2026","Reserve Bank of India (Standalone Primary Dealers) Amendment Directions, 2026",https://rbidocs.rbi.org.in/rdocs/Notification/PDFs/NT232BFFE6E73E7134121A35401E7F71B2286.PDF,data\full_dataset\rbi\pdf\RBI_2025-26_232_DOR.CAP.REC.No.422_21.01.002_2025-26__db35a6c7.pdf
13316,RBI/2025-26/231 DOR.CAP.REC.No.421/21.01.002/2025-26,"March 10, 2026","Reserve Bank of India (Asset Reconstruction Companies) Amendment Directions, 2026",https://rbidocs.rbi.org.in/rdocs/Notification/PDFs/NT231EE31EBC9BA5E46C7931C6B075498CFDD.PDF,data\full_dataset\rbi\pdf\RBI_2025-26_231_DOR.CAP.REC.No.421_21.01.002_2025-26__555a07d0.pdf
13315,RBI/2025-26/230 DOR.CAP.REC.No.420/21.01.002/2025-26,"March 10, 2026","Reserve Bank of India (Mortgage Guarantee Companies) Amendment Directions, 2026",https://rbidocs.rbi.org.in/rdocs/Notification/PDFs/NT230695EB061609542BD81B3B2EF17638E77.PDF,data\full_dataset\rbi\pdf\RBI_2025-26_230_DOR.CAP.REC.No.420_21.01.002_2025-26__ddd9fa08.pdf
13314,RBI/2025-26/229 DOR.CAP.REC.No.419/21.01.002/2025-26,"March 10, 2026","Reserve Bank of India (Core Investment Companies) Amendment Directions, 2026",https://rbidocs.rbi.org.in/rdocs/Notification/PDFs/NT229D210233127AB4C8588288EC24F9D4105.PDF,data\full_dataset\rbi\pdf\RBI_2025-26_229_DOR.CAP.REC.No.419_21.01.002_2025-26__607d9520.pdf
13313,RBI/2025-26/228 DOR.CAP.REC.No.418/21.01.002/2025-26,"March 10, 2026","Reserve Bank of India (Housing Finance Companies) Amendment Directions, 2026",https://rbidocs.rbi.org.in/rdocs/Notification/PDFs/NT2288D371438FF1C4EA1BA535B4EA1E9623C.PDF,data\full_dataset\rbi\pdf\RBI_2025-26_228_DOR.CAP.REC.No.418_21.01.002_2025-26__3335686f.pdf
13312,RBI/2025-26/227 DOR.CAP.REC.No.417/21.01.002/2025-26,"March 10, 2026","Reserve Bank of India (Non-Banking Financial Companies - Concentration Risk Management) Second Amendment Directions, 2026",https://rbidocs.rbi.org.in/rdocs/Notification/PDFs/NT2279A25270BC9D4489C9965F39E306B6260.PDF,data\full_dataset\rbi\pdf\RBI_2025-26_227_DOR.CAP.REC.No.417_21.01.002_2025-26__4c1562d7.pdf
13311,RBI/2025-26/226 DOR.CAP.REC.No.416/21.01.002/2025-26,"March 10, 2026","Reserve Bank of India (Non-Banking Financial Companies – Prudential Norms on Capital Adequacy) Second Amendment Directions, 2026",https://rbidocs.rbi.org.in/rdocs/Notification/PDFs/NT226EBFC6CBC4E134340A707A15512F0196B.PDF,data\full_dataset\rbi\pdf\RBI_2025-26_226_DOR.CAP.REC.No.416_21.01.002_2025-26__9b64cf5d.pdf
13310,RBI/2025-26/225 DOR.AML.REC.415/14.06.001/2025-26,"March 02, 2026","Implementation of Section 51A of UAPA,1967: Updates to UNSC’s 1267/ 1989 ISIL (Da'esh) & Al-Qaida Sanctions List: Delisting of 01 entry",https://rbidocs.rbi.org.in/rdocs/Notification/PDFs/NT2252FD42E94886F4BFCBC7FF7C1E6A301C3.PDF,data\full_dataset\rbi\pdf\RBI_2025-26_225_DOR.AML.REC.415_14.06.001_2025-26__217f5afe.pdf
13309,,"February 26, 2026","Reserve Bank of India (Non-Banking Financial Companies – Miscellaneous) Amendment Directions, 2026",https://rbidocs.rbi.org.in/rdocs/Notification/PDFs/NT224C5E3A48EF30C441FA41991B5472A3F2E.PDF,data\full_dataset\rbi\pdf\Reserve_Bank_of_India__Non-Banking_Financial_Companies___Miscellaneous__Amendment_Directions__2026__5f14e45b.pdf
13308,RBI/2025-26/223 A.P. (DIR Series) Circular No. 23,"February 18, 2026","Reporting under Foreign Exchange Management Act, 1999 – Returns pertaining to External Commercial Borrowing (ECB)",https://rbidocs.rbi.org.in/rdocs/Notification/PDFs/NT223FD1130943E654F7F93546B330CEE0E9D.PDF,data\full_dataset\rbi\pdf\RBI_2025-26_223_A.P.__DIR_Series__Circular_No._23__052fc28f.pdf
13307,RBI/2025-26/222 CO.FMRD.MIOD.No.8/11.01.057/2025-26,"February 18, 2026","Unique Transaction Identifier for OTC Derivative Transactions [These directions have been superseded by Master Direction - Reserve Bank of India (Unique Identifiers in Financial Markets) Directions, 2026]",https://rbidocs.rbi.org.in/rdocs/Notification/PDFs/222NT2D7B81B054D94DC885A68585E890FD33.PDF,data\full_dataset\rbi\pdf\RBI_2025-26_222_CO.FMRD.MIOD.No.8_11.01.057_2025-26__ee78bc6b.pdf
13306,,"February 09, 2026","Foreign Exchange Management (Borrowing and Lending) (First Amendment) Regulations, 2026",https://rbidocs.rbi.org.in/rdocs/Notification/PDFs/FEMA3RA16022026D88E275FB01B422FBA98D391984C828D.PDF,data\full_dataset\rbi\pdf\Foreign_Exchange_Management__Borrowing_and_Lending___First_Amendment__Regulations__2026__55d9c529.pdf
13305,RBI/2025-26/221 A.P. (DIR Series) Circular No. 22,"February 16, 2026","Foreign Exchange Management (Borrowing and Lending) (First Amendment) Regulations, 2026",https://rbidocs.rbi.org.in/rdocs/Notification/PDFs/22APDIR160220265A80967793994EF9850D8E35EDDF7D45.PDF,data\full_dataset\rbi\pdf\RBI_2025-26_221_A.P.__DIR_Series__Circular_No._22__3b93427c.pdf
13304,RBI/2025-26/220 FIDD.CO.LBS.BC.No.13/02.08.001/2025-26,"February 16, 2026",Formation of new district in the State of Haryana – Assignment of Lead Bank Responsibility,https://rbidocs.rbi.org.in/rdocs/Notification/PDFs/220NT30AFCDECA9DE41EDBFEEBFA423D28BC9.PDF,data\full_dataset\rbi\pdf\RBI_2025-26_220_FIDD.CO.LBS.BC.No.13_02.08.001_2025-26__a9f2a3d8.pdf
13303,RBI/2025-26/219 DOR.CRE.REC.410/21.04.018/2025-26,"February 13, 2026","Reserve Bank of India (Small Finance Banks – Financial Statements: Presentation and Disclosures) – Second Amendment Directions, 2026",https://rbidocs.rbi.org.in/rdocs/Notification/PDFs/NT2197C8F6FD9AD134C9CACD089D970970530.PDF,data\full_dataset\rbi\pdf\RBI_2025-26_219_DOR.CRE.REC.410_21.04.018_2025-26__ec915ecb.pdf
13302,RBI/2025-26/218 DOR.CRE.REC.409/21-01-002/2025-26,"February 13, 2026","Reserve Bank of India (Small Finance Banks - Prudential Norms on Capital Adequacy) Second Amendment Directions, 2026",https://rbidocs.rbi.org.in/rdocs/Notification/PDFs/NT2189798F01292CA4F6696F6796717C628A7.PDF,data\full_dataset\rbi\pdf\RBI_2025-26_218_DOR.CRE.REC.409_21-01-002_2025-26__55909ca2.pdf
13301,RBI/2025-26/217 DOR.CRE.REC.408/07-03-002/2025-26,"February 13, 2026","Reserve Bank of India (Small Finance Banks - Concentration Risk Management) Amendment Directions, 2026",https://rbidocs.rbi.org.in/rdocs/Notification/PDFs/NT217A60920AA891D44959A75319D472A609A.PDF,data\full_dataset\rbi\pdf\RBI_2025-26_217_DOR.CRE.REC.408_07-03-002_2025-26__ee5ee405.pdf
13300,RBI/2025-26/216 DOR.CRE.REC.407/07-01-002/2025-26,"February 13, 2026","Reserve Bank of India (Small Finance Banks – Credit Facilities) Amendment Directions, 2026",https://rbidocs.rbi.org.in/rdocs/Notification/PDFs/NT216D946FD58E980462AB23BF71AAE21818A.PDF,data\full_dataset\rbi\pdf\RBI_2025-26_216_DOR.CRE.REC.407_07-01-002_2025-26__abdfe63a.pdf
13299,RBI/2025-26/215 DOR.CRE.REC.406/24-01-041/2025-26,"February 13, 2026","Reserve Bank of India (Commercial Banks – Undertaking of Financial Services) – Amendment Directions, 2026",https://rbidocs.rbi.org.in/rdocs/Notification/PDFs/NT2151B5657FD919C4B9DBEAF56ACFFF5D4A8.PDF,data\full_dataset\rbi\pdf\RBI_2025-26_215_DOR.CRE.REC.406_24-01-041_2025-26__8a43b039.pdf
13298,RBI/2025-26/214 DOR.CRE.REC.405/21.04.018/2025-26,"February 13, 2026","Reserve Bank of India (Commercial Banks – Financial Statements: Presentation and Disclosures) – Third Amendment Directions, 2026",https://rbidocs.rbi.org.in/rdocs/Notification/PDFs/NT2144B08200063BA41E7B8DACBA06CD779C3.PDF,data\full_dataset\rbi\pdf\RBI_2025-26_214_DOR.CRE.REC.405_21.04.018_2025-26__421d1a22.pdf
13297,RBI/2025-26/211 DOR.CRE.REC.402/07-01-001/2025-26,"February 13, 2026","Reserve Bank of India (Commercial Banks – Credit Facilities) Amendment Directions, 2026",https://rbidocs.rbi.org.in/rdocs/Notification/PDFs/NT211F12FDDD2ACA0486D81FD5AD3CC5E0E61.PDF,data\full_dataset\rbi\pdf\RBI_2025-26_211_DOR.CRE.REC.402_07-01-001_2025-26__8c1a5e35.pdf
13296,RBI/2025-26/212 DOR.CRE.REC.403/07-03-001/2025-26,"February 13, 2026","Reserve Bank of India (Commercial Banks - Concentration Risk Management) Amendment Directions, 2026",https://rbidocs.rbi.org.in/rdocs/Notification/PDFs/NT212665EA91547C145B0AFCCB7A1F96D8B57.PDF,data\full_dataset\rbi\pdf\RBI_2025-26_212_DOR.CRE.REC.403_07-03-001_2025-26__20675def.pdf
13295,RBI/2025-26/213 DOR.CRE.REC.404/21-01-002/2025-26,"February 13, 2026","Reserve Bank of India (Commercial Banks - Prudential Norms on Capital Adequacy) Second Amendment Directions, 2026",https://rbidocs.rbi.org.in/rdocs/Notification/PDFs/NT21151C3A31987574488AE831689D695EB26.PDF,data\full_dataset\rbi\pdf\RBI_2025-26_213_DOR.CRE.REC.404_21-01-002_2025-26__6f6f60d9.pdf
13294,RBI/2025-26/210 DOR.STR.REC.413/21-07-001/2025-26,"February 13, 2026","Reserve Bank of India (Non-Banking Financial Companies – Income Recognition, Asset Classification and Provisioning) Amendment Directions, 2026",https://rbidocs.rbi.org.in/rdocs/Notification/PDFs/NT210A019EC76862F41828FE709EB5E102922.PDF,data\full_dataset\rbi\pdf\RBI_2025-26_210_DOR.STR.REC.413_21-07-001_2025-26__4b7c4842.pdf
13293,RBI/2025-26/209 DOR.STR.REC.412/21-07-001/2025-26,"February 13, 2026","Reserve Bank of India (Non-Banking Financial Companies – Credit Facilities) Amendment Directions, 2026",https://rbidocs.rbi.org.in/rdocs/Notification/PDFs/NT209D70222C4D37D41CB8E4A41A4410E8E34.PDF,data\full_dataset\rbi\pdf\RBI_2025-26_209_DOR.STR.REC.412_21-07-001_2025-26__2ef35c1c.pdf
13292,RBI/2025-26/208 DOR.STR.REC.411/21-04-048/2025-26,"February 13, 2026","Reserve Bank of India (Rural Co-operative Banks – Income Recognition, Asset Classification and Provisioning) Amendment Directions, 2026",https://rbidocs.rbi.org.in/rdocs/Notification/PDFs/NT2081D2A46DFA0CE4C228316DEB86F68BDF3.PDF,data\full_dataset\rbi\pdf\RBI_2025-26_208_DOR.STR.REC.411_21-04-048_2025-26__4d78fa78.pdf
13291,RBI/2025-26/207 CO.CEPD.PRS.No.S1121/13-01-008/2025-2026,"February 11, 2026",Strengthening of Grievance Redress Mechanism in Banks – Review,https://rbidocs.rbi.org.in/rdocs/Notification/PDFs/207NT145B60251B39423D80457CA7115968E7.PDF,data\full_dataset\rbi\pdf\RBI_2025-26_207_CO.CEPD.PRS.No.S1121_13-01-008_2025-2026__1aa93a78.pdf
13290,RBI/2025-26/206 FIDD.MSME & NFS.BC.No.12/06.02.31/2025-26,"February 09, 2026","Lending to Micro, Small & Medium Enterprises (MSME) Sector (Amendment) Directions, 2026",https://rbidocs.rbi.org.in/rdocs/Notification/PDFs/NT2068947B327BAC847F58C4A133638920CB7.PDF,data\full_dataset\rbi\pdf\RBI_2025-26_206_FIDD.MSME___NFS.BC.No.12_06.02.31_2025-26__8bc69adf.pdf
13289,RBI/2025-26/205 A.P. (DIR Series) Circular No. 21,"February 06, 2026",Voluntary Retention Route – Imparting predictability and increasing ease of doing business,https://rbidocs.rbi.org.in/rdocs/Notification/PDFs/205NT76FA3352D16D4E15939D848AA9349628.PDF,data\full_dataset\rbi\pdf\RBI_2025-26_205_A.P.__DIR_Series__Circular_No._21__2c6481c1.pdf
13288,"RBI/2025-26/204 DoR.CO.SOG(Leg) No.401/09.08.024/2025-26 February 03, 2026","March 31, 2026","All Agency Banks to remain open for public on March 31, 2026 (Tuesday)",https://rbidocs.rbi.org.in/rdocs/Notification/PDFs/NT204567C37DC64144E63A57CE7413AB9CBD7.PDF,data\full_dataset\rbi\pdf\RBI_2025-26_204_DoR.CO.SOG_Leg__No.401_09.08.024_2025-26_February_03__2026__add13b14.pdf
13287,RBI/2025-26/203 DOR.RET.REC.400/12.01.001/2025-26,"January 22, 2026","Reserve Bank of India (Rural Co-operative Banks – Cash Reserve Ratio and Statutory Liquidity Ratio) Amendment Directions, 2026",https://rbidocs.rbi.org.in/rdocs/Notification/PDFs/NT20370B4715FB438401A88C819C709FEDCEC.PDF,data\full_dataset\rbi\pdf\RBI_2025-26_203_DOR.RET.REC.400_12.01.001_2025-26__d3d22c5c.pdf
13286,RBI/2025-26/202 DOR.RET.REC.399/12.01.001/2025-26,"January 22, 2026","Reserve Bank of India (Urban Co-operative Banks – Cash Reserve Ratio and Statutory Liquidity Ratio) Amendment Directions, 2026",https://rbidocs.rbi.org.in/rdocs/Notification/PDFs/NT2021D309BE186BE443E898FC83D28152EAE.PDF,data\full_dataset\rbi\pdf\RBI_2025-26_202_DOR.RET.REC.399_12.01.001_2025-26__fb20ff52.pdf
13285,RBI/2025-26/201 DOR.RET.REC.398/12.01.001/2025-26,"January 22, 2026","Reserve Bank of India (Local Area Banks – Cash Reserve Ratio and Statutory Liquidity Ratio) Amendment Directions, 2026",https://rbidocs.rbi.org.in/rdocs/Notification/PDFs/NT201C88E65A71CD0438CA9BF5E99D0B8E75F.PDF,data\full_dataset\rbi\pdf\RBI_2025-26_201_DOR.RET.REC.398_12.01.001_2025-26__e162fc65.pdf
13284,RBI/2025-26/200 DOR.RET.REC.397/12.01.001/2025-26,"January 22, 2026","Reserve Bank of India (Regional Rural Banks – Cash Reserve Ratio and Statutory Liquidity Ratio) Amendment Directions, 2026",https://rbidocs.rbi.org.in/rdocs/Notification/PDFs/NT2003D21F5AB4DD24FF2809B62E05E544BAD.PDF,data\full_dataset\rbi\pdf\RBI_2025-26_200_DOR.RET.REC.397_12.01.001_2025-26__80899ac1.pdf
13283,RBI/2025-26/199 DOR.RET.REC.396/12.01.001/2025-26,"January 22, 2026","Reserve Bank of India (Payments Banks – Cash Reserve Ratio and Statutory Liquidity Ratio) Amendment Directions, 2026",https://rbidocs.rbi.org.in/rdocs/Notification/PDFs/NT19928F30F5195AD44298C6A8A4E3EF7EB02.PDF,data\full_dataset\rbi\pdf\RBI_2025-26_199_DOR.RET.REC.396_12.01.001_2025-26__88602e84.pdf
13282,RBI/2025-26/198 DOR.RET.REC.395/12.01.001/2025-26,"January 22, 2026","Reserve Bank of India (Small Finance Banks – Cash Reserve Ratio and Statutory Liquidity Ratio) Amendment Directions, 2026",https://rbidocs.rbi.org.in/rdocs/Notification/PDFs/NT19855FA4AA80A5A43E883514B29BA2D11B2.PDF,data\full_dataset\rbi\pdf\RBI_2025-26_198_DOR.RET.REC.395_12.01.001_2025-26__5c7c20f5.pdf
13281,RBI/2025-26/197 DOR.RET.REC.394/12.01.001/2025-26,"January 22, 2026","Reserve Bank of India (Commercial Banks – Cash Reserve Ratio and Statutory Liquidity Ratio) Amendment Directions, 2026",https://rbidocs.rbi.org.in/rdocs/Notification/PDFs/NT197A83D23E1725442E4B4A105118B0B34B1.PDF,data\full_dataset\rbi\pdf\RBI_2025-26_197_DOR.RET.REC.394_12.01.001_2025-26__779c7831.pdf
13280,"RBI/2016-17/81 DBR.NBD. No.26/16.13.218/2016-17 dated October 06, 2016 ) ,","January 19, 2026","Reserve Bank of India (Priority Sector Lending – Targets and Classification) (Amendment) Directions, 2026",https://rbidocs.rbi.org.in/rdocs/Notification/PDFs/NT196DF499F3F5D91451DAEFC8AB3989C951C.PDF,data\full_dataset\rbi\pdf\RBI_2016-17_81_DBR.NBD._No.26_16.13.218_2016-17_dated_October_06__2016______f6c171c3.pdf
13279,RBI/2025-26/195 DOR.STR.REC.393/04.02.001/2025-26,"January 19, 2026",Interest Subvention for Pre- and Post- Shipment Export Credit under Export Promotion Mission (EPM) – Niryat Prothsahan,https://rbidocs.rbi.org.in/rdocs/Notification/PDFs/195NTD3258F16B75E40599AC4E662B8F1C6D5.PDF,data\full_dataset\rbi\pdf\RBI_2025-26_195_DOR.STR.REC.393_04.02.001_2025-26__cc1d30b9.pdf
13278,RBI/2025-26/194 A.P. (DIR Series) Circular No. 20,"January 16, 2026",Export and Import of Goods and Services,https://rbidocs.rbi.org.in/rdocs/Notification/PDFs/NOT1948FAC4CAD2D70455E813919D36D02E451.PDF,data\full_dataset\rbi\pdf\RBI_2025-26_194_A.P.__DIR_Series__Circular_No._20__6ecebba8.pdf
13277,,"September 22, 2026","Foreign Exchange Management (Export and Import of Goods and Services) Regulations, 2026 (Amended up to September 22, 2026)",https://rbidocs.rbi.org.in/rdocs/Notification/PDFs/NRAR23R16012026C1272B8B66944ED5A53741840B973363.PDF,data\full_dataset\rbi\pdf\Foreign_Exchange_Management__Export_and_Import_of_Goods_and_Services__Regulations__2026__Amended_up_to_September_22__2026___35078e29.pdf
13276,,"January 14, 2026","Reserve Bank of India (Credit Information Companies - Internal Ombudsman) Directions, 2026",https://rbidocs.rbi.org.in/rdocs/Notification/PDFs/NOT38578CF3B232A694DBEAB2A9CE71848DCA1.PDF,data\full_dataset\rbi\pdf\Reserve_Bank_of_India__Credit_Information_Companies_-_Internal_Ombudsman__Directions__2026__fd48a6dc.pdf
13275,,"January 14, 2026",,https://rbidocs.rbi.org.in/rdocs/Notification/PDFs/384MD14012026E275757688DE4E68AF9813B3B9491E4B.PDF,data\full_dataset\rbi\pdf\0829d4ae1d5f__0829d4ae.pdf
13274,,"January 14, 2026","Reserve Bank of India (Non-Banking Financial Companies - Internal Ombudsman) Directions, 2026",https://rbidocs.rbi.org.in/rdocs/Notification/PDFs/383MD14012026559E41DD96224880B75EDB2B96E4BD8B.PDF,data\full_dataset\rbi\pdf\Reserve_Bank_of_India__Non-Banking_Financial_Companies_-_Internal_Ombudsman__Directions__2026__a1d04be9.pdf
13273,,"January 14, 2026","Reserve Bank of India (Payments Banks - Internal Ombudsman) Directions, 2026",https://rbidocs.rbi.org.in/rdocs/Notification/PDFs/NOT3821EAEF90E037B4061A91775A5525510C3.PDF,data\full_dataset\rbi\pdf\Reserve_Bank_of_India__Payments_Banks_-_Internal_Ombudsman__Directions__2026__14b0417f.pdf
13272,,"January 14, 2026","Reserve Bank of India (Small Finance Banks - Internal Ombudsman) Directions, 2026",https://rbidocs.rbi.org.in/rdocs/Notification/PDFs/381MD140120267212A1D4EF8349448E9416EF8F2D19B5.PDF,data\full_dataset\rbi\pdf\Reserve_Bank_of_India__Small_Finance_Banks_-_Internal_Ombudsman__Directions__2026__74429a5f.pdf
13271,,"January 14, 2026","Reserve Bank of India (Commercial Banks - Internal Ombudsman) Directions, 2026",https://rbidocs.rbi.org.in/rdocs/Notification/PDFs/380MD14012026DAD56B73DC944F02AEA4530EC779AD7F.PDF,data\full_dataset\rbi\pdf\Reserve_Bank_of_India__Commercial_Banks_-_Internal_Ombudsman__Directions__2026__cac4244f.pdf
13270,RBI/2025-26/193 FIDD.CO.FSD.BC.No.10/05.02.001/2025-26,"January 13, 2026",Modified Interest Subvention Scheme for Short Term Loans for Agriculture and Allied Activities availed through Kisan Credit Card (KCC) during the financial year 2025-26,https://rbidocs.rbi.org.in/rdocs/Notification/PDFs/NOTI1937CBBEFD2D3BC4E3CA7090BA7079BD859.PDF,data\full_dataset\rbi\pdf\RBI_2025-26_193_FIDD.CO.FSD.BC.No.10_05.02.001_2025-26__75a5b35b.pdf
13269,,"January 6, 2026",1.,https://rbidocs.rbi.org.in/rdocs/Notification/PDFs/GUARANTEEREGULATIONS120120264A3C04579A554DC083C1FBEA87D0C30E.PDF,data\full_dataset\rbi\pdf\1__d338de11.pdf
13268,RBI/2025-26/192 A.P. (DIR Series) Circular No. 19,"January 12, 2026","Foreign Exchange Management (Guarantees) Regulations, 2026",https://rbidocs.rbi.org.in/rdocs/Notification/PDFs/APPDIR191201202690F6A48208144E70817236152282BA14.PDF,data\full_dataset\rbi\pdf\RBI_2025-26_192_A.P.__DIR_Series__Circular_No._19__aacca6f8.pdf
13267,RBI/2025-26/191 DOR.STR.REC.392/21-01-002/2025-26,"January 09, 2026","Reserve Bank of India (All India Financial Institutions (AIFIs) - Prudential Norms on Capital Adequacy) Amendment Directions, 2026",https://rbidocs.rbi.org.in/rdocs/Notification/PDFs/NT1918F190EB952FE47CB90130C1F94C31449.PDF,data\full_dataset\rbi\pdf\RBI_2025-26_191_DOR.STR.REC.392_21-01-002_2025-26__9040ad74.pdf
13266,RBI/2025-26/190 DOR.STR.REC.391/21-01-002/2025-26,"January 09, 2026","Reserve Bank of India (Small Finance Banks - Prudential Norms on Capital Adequacy) Amendment Directions, 2026",https://rbidocs.rbi.org.in/rdocs/Notification/PDFs/NT190BE288766BD854E35B5FF846BFA14F86C.PDF,data\full_dataset\rbi\pdf\RBI_2025-26_190_DOR.STR.REC.391_21-01-002_2025-26__ccddc1c2.pdf
13265,RBI/2025-26/189 DOR.STR.REC.390/21-01-002/2025-26,"January 09, 2026","Reserve Bank of India (Commercial Banks - Prudential Norms on Capital Adequacy) Amendment Directions, 2026",https://rbidocs.rbi.org.in/rdocs/Notification/PDFs/NT189F6DD440E5A6548BE9687EE60591F8B40.PDF,data\full_dataset\rbi\pdf\RBI_2025-26_189_DOR.STR.REC.390_21-01-002_2025-26__51038bd2.pdf
13264,RBI/2025-26/188 DOR.CRE.REC.389/21.04.018/2025-26,"January 05, 2026","Reserve Bank of India (All India Financial Institutions – Financial Statements: Presentation and Disclosures) – Amendment Directions, 2026",https://rbidocs.rbi.org.in/rdocs/Notification/PDFs/NT188EB68AFA1DD164219A8E1B978065DD2F3.PDF,data\full_dataset\rbi\pdf\RBI_2025-26_188_DOR.CRE.REC.389_21.04.018_2025-26__ec7af4a0.pdf
13263,RBI/2025-26/187 DOR.CRE.REC.388/21.04.018/2025-26,"January 05, 2026","Reserve Bank of India (Non-Banking Financial Companies – Financial Statements: Presentation and Disclosures) Directions, Amendment Directions, 2026",https://rbidocs.rbi.org.in/rdocs/Notification/PDFs/NT187BBC225408A29464BAB60ECD7DA3FFEA1.PDF,data\full_dataset\rbi\pdf\RBI_2025-26_187_DOR.CRE.REC.388_21.04.018_2025-26__080121f8.pdf
13262,RBI/2025-26/186 DOR.CRE.REC.387/21-04-018/2025-26,"January 05, 2026","Reserve Bank of India (Rural Co-operative Banks – Financial Statements: Presentation and Disclosures) – Amendment Directions, 2026",https://rbidocs.rbi.org.in/rdocs/Notification/PDFs/NT1863CDA451CED9546B2B2B3B22D1766AF25.PDF,data\full_dataset\rbi\pdf\RBI_2025-26_186_DOR.CRE.REC.387_21-04-018_2025-26__e9e58880.pdf
13261,RBI/2025-26/185 DOR.CRE.REC.386/21-04-018/2025-26,"January 05, 2026",,https://rbidocs.rbi.org.in/rdocs/Notification/PDFs/NT185FBE16D01DEC34469B8EA4A18B594CC2F.PDF,data\full_dataset\rbi\pdf\RBI_2025-26_185_DOR.CRE.REC.386_21-04-018_2025-26__1cecb53d.pdf
13260,RBI/2025-26/184 DOR.CRE.REC.384/21-04-018/2025-26,"January 05, 2026","Reserve Bank of India (Regional Rural Banks – Financial Statements: Presentation and Disclosures) – Amendment Directions, 2026",https://rbidocs.rbi.org.in/rdocs/Notification/PDFs/NT1843C9720E263C64D27BBF943566AC61047.PDF,data\full_dataset\rbi\pdf\RBI_2025-26_184_DOR.CRE.REC.384_21-04-018_2025-26__d48b7f21.pdf
13259,RBI/2025-26/183 DOR.CRE.REC.385/21-04-018/2025-26,"January 05, 2026","Reserve Bank of India (Local Area Banks – Financial Statements: Presentation and Disclosures) – Amendment Directions, 2026",https://rbidocs.rbi.org.in/rdocs/Notification/PDFs/NT183A77FCD0480904C8383C0CFF331112985.PDF,data\full_dataset\rbi\pdf\RBI_2025-26_183_DOR.CRE.REC.385_21-04-018_2025-26__9a0a2c79.pdf
13258,RBI/2025-26/182 DOR.CRE.REC.383/21.04.018/2025-26,"January 05, 2026","Reserve Bank of India (Small Finance Banks – Financial Statements: Presentation and Disclosures) – Amendment Directions, 2026",https://rbidocs.rbi.org.in/rdocs/Notification/PDFs/NT18277D92A87A9C84C9DA0CE951CB9388EE2.PDF,data\full_dataset\rbi\pdf\RBI_2025-26_182_DOR.CRE.REC.383_21.04.018_2025-26__a0897142.pdf
13257,RBI/2025-26/181 DOR.CRE.REC.382/21.04.018/2025-26,"January 05, 2026","Reserve Bank of India (Commercial Banks – Financial Statements: Presentation and Disclosures) – Second Amendment Directions, 2026",https://rbidocs.rbi.org.in/rdocs/Notification/PDFs/NT181380D29E452BB410A98108DFE4B305BF4.PDF,data\full_dataset\rbi\pdf\RBI_2025-26_181_DOR.CRE.REC.382_21.04.018_2025-26__74f8d3a7.pdf
13256,RBI/2025-26/180 DOR.CRE.REC.381/07-02-007/2025-26,"January 05, 2026","Reserve Bank of India (All India Financial Institutions – Credit Risk Management) – Amendment Directions, 2026",https://rbidocs.rbi.org.in/rdocs/Notification/PDFs/NT1808BCC3640F32F46C2BA789CB2604FBE63.PDF,data\full_dataset\rbi\pdf\RBI_2025-26_180_DOR.CRE.REC.381_07-02-007_2025-26__d645dde7.pdf
13255,RBI/2025-26/179 DOR.CRE.REC.380/07-02-008/2025-26,"January 05, 2026","Reserve Bank of India (Non-Banking Financial Companies – Credit Risk Management) – Amendment Directions, 2026",https://rbidocs.rbi.org.in/rdocs/Notification/PDFs/NT179E8A0C46758CC48778CD80D7D52D1463A.PDF,data\full_dataset\rbi\pdf\RBI_2025-26_179_DOR.CRE.REC.380_07-02-008_2025-26__8f2eb005.pdf
13254,RBI/2025-26/178 DOR.CRE.REC.379/07-02-006/2025-26,"January 05, 2026","Reserve Bank of India (Rural Co-operative Banks – Credit Risk Management) – Amendment Directions, 2026",https://rbidocs.rbi.org.in/rdocs/Notification/PDFs/NT178B1FF8BF029554D7BB04EC472AE5A03EE.PDF,data\full_dataset\rbi\pdf\RBI_2025-26_178_DOR.CRE.REC.379_07-02-006_2025-26__36f7ea59.pdf
13253,RBI/2025-26/177 DOR.CRE.REC.378/07-02-005/2025-26,"January 05, 2026","Reserve Bank of India (Urban Co-operative Banks – Credit Risk Management) – Amendment Directions, 2026",https://rbidocs.rbi.org.in/rdocs/Notification/PDFs/NT177F75338772AAE4E6B8EA41A49AEC8FB09.PDF,data\full_dataset\rbi\pdf\RBI_2025-26_177_DOR.CRE.REC.378_07-02-005_2025-26__30f9b474.pdf
13252,RBI/2025-26/176 DOR.CRE.REC.376/07-02-004/2025-26,"January 05, 2026","Reserve Bank of India (Regional Rural Banks – Credit Risk Management) – Amendment Directions, 2026",https://rbidocs.rbi.org.in/rdocs/Notification/PDFs/NT176A02DF87734FD4B01BB922EA99A11E8B5.PDF,data\full_dataset\rbi\pdf\RBI_2025-26_176_DOR.CRE.REC.376_07-02-004_2025-26__246e63e9.pdf
13251,RBI/2025-26/175 DOR.CRE.REC.377/07-02-003/2025-26,"January 05, 2026","Reserve Bank of India (Local Area Banks – Credit Risk Management) – Amendment Directions, 2026",https://rbidocs.rbi.org.in/rdocs/Notification/PDFs/NT175A4E1C0D637A3478A82A9BB5EF3308349.PDF,data\full_dataset\rbi\pdf\RBI_2025-26_175_DOR.CRE.REC.377_07-02-003_2025-26__fabfa7cd.pdf
13250,RBI/2025-26/174 DOR.CRE.REC.375/07-02-002/2025-26,"January 05, 2026","Reserve Bank of India (Small Finance Banks – Credit Risk Management) – Amendment Directions, 2026",https://rbidocs.rbi.org.in/rdocs/Notification/PDFs/NT174B6567DC94D0C4542A6B08B1F3916FA6B.PDF,data\full_dataset\rbi\pdf\RBI_2025-26_174_DOR.CRE.REC.375_07-02-002_2025-26__0e56960c.pdf
13249,RBI/2025-26/173 DOR.CRE.REC.374/07-02-001/2025-26,"January 05, 2026","Reserve Bank of India (Commercial Banks – Credit Risk Management) – Amendment Directions, 2026",https://rbidocs.rbi.org.in/rdocs/Notification/PDFs/NT173F05694DEF361460C844D54AD4C908A87.PDF,data\full_dataset\rbi\pdf\RBI_2025-26_173_DOR.CRE.REC.374_07-02-001_2025-26__7df43e46.pdf
13248,RBI/2025-26/172 CO.DPSS.ODD.No.S1074/06-08-024/2025-2026,"January 01, 2026",Returns – Department of Payment and Settlement Systems – Submission in CIMS,https://rbidocs.rbi.org.in/rdocs/Notification/PDFs/NT172567C1B9091D1472B98099DD39DFF8032.PDF,data\full_dataset\rbi\pdf\RBI_2025-26_172_CO.DPSS.ODD.No.S1074_06-08-024_2025-2026__19f78360.pdf
13247,RBI/2025-26/171 CO.DPSS.ODD.No.S1073/06-08-024/2025-2026,"January 01, 2026",Returns – Department of Payment and Settlement Systems – Submission in CIMS,https://rbidocs.rbi.org.in/rdocs/Notification/PDFs/NT17160D6610A7C89471CA1AF09F193AB55AA.PDF,data\full_dataset\rbi\pdf\RBI_2025-26_171_CO.DPSS.ODD.No.S1073_06-08-024_2025-2026__14dd05c1.pdf
13246,RBI/2025-26/170 CO.DPSS.ODD.No.S1072/06-08-024/2025-2026,"January 01, 2026",Returns – Department of Payment and Settlement Systems – Submission in CIMS,https://rbidocs.rbi.org.in/rdocs/Notification/PDFs/NT170E0D7F0C6C6714831A94468881331E24C.PDF,data\full_dataset\rbi\pdf\RBI_2025-26_170_CO.DPSS.ODD.No.S1072_06-08-024_2025-2026__d5bad89d.pdf
13245,RBI/2025-26/169 DOR.CRE.REC.372/07-03-008/2025-26,"January 1, 2026","Reserve Bank of India (Non-Banking Financial Companies - Concentration Risk Management) Amendment Directions, 2026",https://rbidocs.rbi.org.in/rdocs/Notification/PDFs/NT169CA989972B98849EDA8B22DF884095897.PDF,data\full_dataset\rbi\pdf\RBI_2025-26_169_DOR.CRE.REC.372_07-03-008_2025-26__40b60ee2.pdf
13244,RBI/2025-26/168 DOR.CRE.REC.373/21-01-002/2025-26,"January 1, 2026","Reserve Bank of India (Non-Banking Financial Companies – Prudential Norms on Capital Adequacy) Amendment Directions, 2026",https://rbidocs.rbi.org.in/rdocs/Notification/PDFs/NT1685150F71B60FB49C9B8EA36FC9D82ED1C.PDF,data\full_dataset\rbi\pdf\RBI_2025-26_168_DOR.CRE.REC.373_21-01-002_2025-26__e7bd07f4.pdf
13243,RBI/2025-26/167 DOR.CRE.REC.371/21.04.018/2025-26,"January 1, 2026","Reserve Bank of India (Commercial Banks - Financial Statements: Presentation and Disclosures) Amendment Directions, 2026",https://rbidocs.rbi.org.in/rdocs/Notification/PDFs/NT167DA8E2AE1C6D949C694D021775A7641B4.PDF,data\full_dataset\rbi\pdf\RBI_2025-26_167_DOR.CRE.REC.371_21.04.018_2025-26__c399f96c.pdf
13242,RBI/2025-26/166 DOR.AML.REC.370/14.01.002/2025-26,"December 29, 2025","Reserve Bank of India (Commercial Banks – Know Your Customer) Amendment Directions, 2025",https://rbidocs.rbi.org.in/rdocs/Notification/PDFs/NT1668608B65943A84A6AB149066C619DBF6E.PDF,data\full_dataset\rbi\pdf\RBI_2025-26_166_DOR.AML.REC.370_14.01.002_2025-26__bdaba1fc.pdf
13241,RBI/2025-26/165 DOR.AML.REC.369/14.01.006/2025-26,"December 29, 2025","Reserve Bank of India (Urban Co-operative Banks – Know Your Customer) Amendment Directions, 2025",https://rbidocs.rbi.org.in/rdocs/Notification/PDFs/NT165B30E6889DE804CB6981BA9483B27AD4D.PDF,data\full_dataset\rbi\pdf\RBI_2025-26_165_DOR.AML.REC.369_14.01.006_2025-26__22e4f4e8.pdf
13240,RBI/2025-26/164 DOR.AML.REC.368/14.01.007/2025-26,"December 29, 2025","Reserve Bank of India (Small Finance Banks – Know Your Customer) Amendment Directions, 2025",https://rbidocs.rbi.org.in/rdocs/Notification/PDFs/NT1642396D657812C49B9B73A882CD07E1D65.PDF,data\full_dataset\rbi\pdf\RBI_2025-26_164_DOR.AML.REC.368_14.01.007_2025-26__6ab1955e.pdf
13239,RBI/2025-26/163 DOR.AML.REC.367/14.01.005/2025-26,"December 29, 2025","Reserve Bank of India (Rural Co-operative Banks – Know Your Customer) Amendment Directions, 2025",https://rbidocs.rbi.org.in/rdocs/Notification/PDFs/NT163838C872EF1554D30A341F7773A621E15.PDF,data\full_dataset\rbi\pdf\RBI_2025-26_163_DOR.AML.REC.367_14.01.005_2025-26__791bc78e.pdf
13238,RBI/2025-26/162 DOR.AML.REC.366/14.01.004/2025-26,"December 29, 2025","Reserve Bank of India (Regional Rural Banks – Know Your Customer) Amendment Directions, 2025",https://rbidocs.rbi.org.in/rdocs/Notification/PDFs/NT162A94D9CA80BD04DF2BFD716D6C872893E.PDF,data\full_dataset\rbi\pdf\RBI_2025-26_162_DOR.AML.REC.366_14.01.004_2025-26__9d3fd0ad.pdf
13237,RBI/2025-26/161 DOR.AML.REC.365/14.01.009/2025-26,"December 29, 2025","Reserve Bank of India (Payments Banks – Know Your Customer) Amendment Directions, 2025",https://rbidocs.rbi.org.in/rdocs/Notification/PDFs/NT161492982C0947A46F2921DD44054B11AB0.PDF,data\full_dataset\rbi\pdf\RBI_2025-26_161_DOR.AML.REC.365_14.01.009_2025-26__a4093e7b.pdf
13236,RBI/2025-26/160 DOR.AML.REC.364/14.01.003/2025-26,"December 29, 2025","Reserve Bank of India (Non-Banking Financial Companies – Know Your Customer) Amendment Directions, 2025",https://rbidocs.rbi.org.in/rdocs/Notification/PDFs/NT160A366EA8052104F0ABD04B9DAD153E3F9.PDF,data\full_dataset\rbi\pdf\RBI_2025-26_160_DOR.AML.REC.364_14.01.003_2025-26__bd4a471e.pdf
13235,RBI/2025-26/159 DOR.AML.REC.363/14.01.008/2025-26,"December 29, 2025","Reserve Bank of India (Local Area Banks – Know Your Customer) Amendment Directions, 2025",https://rbidocs.rbi.org.in/rdocs/Notification/PDFs/NOTI159646CE073DC904986AEE05400ECD62D2A.PDF,data\full_dataset\rbi\pdf\RBI_2025-26_159_DOR.AML.REC.363_14.01.008_2025-26__27ca8e55.pdf
13234,RBI/2025-26/158 DOR.AML.REC.362/14.01.010/2025-26,"December 29, 2025","Reserve Bank of India (Asset Reconstruction Companies – Know Your Customer) Amendment Directions, 2025",https://rbidocs.rbi.org.in/rdocs/Notification/PDFs/NT15843E9C00E46BC42C8AAF72AD2CEE071E6.PDF,data\full_dataset\rbi\pdf\RBI_2025-26_158_DOR.AML.REC.362_14.01.010_2025-26__0d8576ba.pdf
13233,RBI/2025-26/157 DOR.AML.REC.361/14.01.011/2025-26,"December 29, 2025","Reserve Bank of India (All India Financial Institutions – Know Your Customer) Amendment Directions, 2025",https://rbidocs.rbi.org.in/rdocs/Notification/PDFs/NT157BD14CBA3310840B382FED88371E675CA.PDF,data\full_dataset\rbi\pdf\RBI_2025-26_157_DOR.AML.REC.361_14.01.011_2025-26__619fff40.pdf
13232,RBI/2025-26/156 CO.DPSS.RLPD.No.S1039/04-07-001/2025-2026,"December 24, 2025",Continuous Clearing and Settlement on Realisation in Cheque Truncation System: Phase 2,https://rbidocs.rbi.org.in/rdocs/Notification/PDFs/NT156522BC8164BBB4587A9C0695AE00B3DE5.PDF,data\full_dataset\rbi\pdf\RBI_2025-26_156_CO.DPSS.RLPD.No.S1039_04-07-001_2025-2026__246ceeb0.pdf
13231,RBI/2025-26/155 FIDD.CO.LBS.BC.No.09/02.08.001/2025-26,"December 18, 2025",Formation of new district in the State of Gujarat – Assignment of Lead Bank Responsibility,https://rbidocs.rbi.org.in/rdocs/Notification/PDFs/NT155E9771D8AE9CA4600991E6C33D1CD5F2F.PDF,data\full_dataset\rbi\pdf\RBI_2025-26_155_FIDD.CO.LBS.BC.No.09_02.08.001_2025-26__5a5c4e20.pdf
13230,RBI/2025-26/153 DOR.RET.REC.359/12.01.001/2025-26,"December 11, 2025","Reserve Bank of India (Urban Co-operative Banks – Cash Reserve Ratio and Statutory Liquidity Ratio) Amendment Directions, 2025",https://rbidocs.rbi.org.in/rdocs/Notification/PDFs/NT15324F0F9BDC56F46588156491E5B71F05E.PDF,data\full_dataset\rbi\pdf\RBI_2025-26_153_DOR.RET.REC.359_12.01.001_2025-26__7dcc5778.pdf
13229,RBI/2025-26/152 DOR.RET.REC.358/12.01.001/2025-26,"December 11, 2025","Reserve Bank of India (Local Area Banks – Cash Reserve Ratio and Statutory Liquidity Ratio) Amendment Directions, 2025",https://rbidocs.rbi.org.in/rdocs/Notification/PDFs/NT1528387BB091DF341D685C5E93A2987C722.PDF,data\full_dataset\rbi\pdf\RBI_2025-26_152_DOR.RET.REC.358_12.01.001_2025-26__101eac0e.pdf
13228,RBI/2025-26/154 DOR.RET.REC.360/12.01.001/2025-26,"December 11, 2025","Reserve Bank of India (Rural Co-operative Banks – Cash Reserve Ratio and Statutory Liquidity Ratio) Amendment Directions, 2025",https://rbidocs.rbi.org.in/rdocs/Notification/PDFs/NT154E5111ADAA4A548628B891081FA1C2DD9.PDF,data\full_dataset\rbi\pdf\RBI_2025-26_154_DOR.RET.REC.360_12.01.001_2025-26__daef6699.pdf
13227,RBI/2025-26/151 DOR.RET.REC.357/12.01.001/2025-26,"December 11, 2025","Reserve Bank of India (Regional Rural Banks – Cash Reserve Ratio and Statutory Liquidity Ratio) Amendment Directions, 2025",https://rbidocs.rbi.org.in/rdocs/Notification/PDFs/NT151CDAAC3DEE98F4BC7A714B670B7D18BAE.PDF,data\full_dataset\rbi\pdf\RBI_2025-26_151_DOR.RET.REC.357_12.01.001_2025-26__bee3880b.pdf
13226,RBI/2025-26/150 DOR.RET.REC.356/12.01.001/2025-26,"December 11, 2025","Reserve Bank of India (Payments Banks – Cash Reserve Ratio and Statutory Liquidity Ratio) Amendment Directions, 2025",https://rbidocs.rbi.org.in/rdocs/Notification/PDFs/NT150EA319CA8B4DE4A92AB07A6CABF219695.PDF,data\full_dataset\rbi\pdf\RBI_2025-26_150_DOR.RET.REC.356_12.01.001_2025-26__45b5066f.pdf
13225,RBI/2025-26/149 DOR.RET.REC.355/12.01.001/2025-26,"December 11, 2025","Reserve Bank of India (Small Finance Banks – Cash Reserve Ratio and Statutory Liquidity Ratio) Amendment Directions, 2025",https://rbidocs.rbi.org.in/rdocs/Notification/PDFs/NT1499BAA1383194348218DAB41AC67FAA6EC.PDF,data\full_dataset\rbi\pdf\RBI_2025-26_149_DOR.RET.REC.355_12.01.001_2025-26__4d2119fd.pdf
13224,RBI/2025-26/148 DOR.RET.REC.354/12.01.001/2025-26,"December 11, 2025","Reserve Bank of India (Commercial Banks – Cash Reserve Ratio and Statutory Liquidity Ratio) Amendment Directions, 2025",https://rbidocs.rbi.org.in/rdocs/Notification/PDFs/NT14837C225CB9F9B4AC8B4A74723FBDEDE8A.PDF,data\full_dataset\rbi\pdf\RBI_2025-26_148_DOR.RET.REC.354_12.01.001_2025-26__37b3c155.pdf
13223,RBI/2025-26/144 DOR.CRE.REC.350/07-02-003/2025-26,"December 11, 2025","Reserve Bank of India (Local Area Banks – Credit Risk Management) – Amendment Directions, 2025",https://rbidocs.rbi.org.in/rdocs/Notification/PDFs/NT14469AAA2658D834F56B8AA1CFBD3E56E46.PDF,data\full_dataset\rbi\pdf\RBI_2025-26_144_DOR.CRE.REC.350_07-02-003_2025-26__64e63381.pdf
13222,RBI/2025-26/143 DOR.SOG(SPE).REC.349/13-04-001/2025-26,"December 11, 2025","Reserve Bank of India (Payments Banks – Miscellaneous) – Amendment Directions, 2025",https://rbidocs.rbi.org.in/rdocs/Notification/PDFs/NT1433375ED27416D4B88877E8FBD8CDC5617.PDF,data\full_dataset\rbi\pdf\RBI_2025-26_143_DOR.SOG_SPE_.REC.349_13-04-001_2025-26__16364f7a.pdf
13221,RBI/2025-26/147 DOR.CRE.REC.353/07-02-006/2025-26,"December 11, 2025","Reserve Bank of India (Rural Co-operative Banks – Credit Risk Management) – Amendment Directions, 2025",https://rbidocs.rbi.org.in/rdocs/Notification/PDFs/NT1473A9FC9ECA73649A4B68870D9B51B0E95.PDF,data\full_dataset\rbi\pdf\RBI_2025-26_147_DOR.CRE.REC.353_07-02-006_2025-26__1f39e2ce.pdf
13220,RBI/2025-26/146 DOR.CRE.REC.352/07-02-005/2025-26,"December 11, 2025","Reserve Bank of India (Urban Co-operative Banks – Credit Risk Management) – Amendment Directions, 2025",https://rbidocs.rbi.org.in/rdocs/Notification/PDFs/NT1464119A473B9FA42B58CDE284CDDD9C528.PDF,data\full_dataset\rbi\pdf\RBI_2025-26_146_DOR.CRE.REC.352_07-02-005_2025-26__a1ca0ab6.pdf
13219,RBI/2025-26/145 DOR.CRE.REC.351/07-02-004/2025-26,"December 11, 2025","Reserve Bank of India (Regional Rural Banks – Credit Risk Management) – Amendment Directions, 2025",https://rbidocs.rbi.org.in/rdocs/Notification/PDFs/NT1459BB4C6B30BD84C29BD6317CE280E465A.PDF,data\full_dataset\rbi\pdf\RBI_2025-26_145_DOR.CRE.REC.351_07-02-004_2025-26__0bfaa939.pdf
13218,RBI/2025-26/142 DOR.CRE.REC.348/07-02-002/2025-26,"December 11, 2025","Reserve Bank of India (Small Finance Banks – Credit Risk Management) – Amendment Directions, 2025",https://rbidocs.rbi.org.in/rdocs/Notification/PDFs/NT1420BD9A8495B264BEFA56BBB9A070D54B7.PDF,data\full_dataset\rbi\pdf\RBI_2025-26_142_DOR.CRE.REC.348_07-02-002_2025-26__3c19eed9.pdf
13217,RBI/2025-26/141 DOR.CRE.REC.347/07-02-001/2025-26,"December 11, 2025","Reserve Bank of India (Commercial Banks – Credit Risk Management) – Amendment Directions, 2025",https://rbidocs.rbi.org.in/rdocs/Notification/PDFs/NT141155C925EB705406E90AAD6ED40993D79.PDF,data\full_dataset\rbi\pdf\RBI_2025-26_141_DOR.CRE.REC.347_07-02-001_2025-26__12bb83ca.pdf
13216,,"November 28, 2025","Foreign Exchange Management (Export and Import of Currency) (Amendment) Regulations, 2025",https://rbidocs.rbi.org.in/rdocs/Notification/PDFs/AMEND08122025E6F7B738393B47EF893432845BEE802B.PDF,data\full_dataset\rbi\pdf\Foreign_Exchange_Management__Export_and_Import_of_Currency___Amendment__Regulations__2025__901af6f1.pdf
13215,RBI/2025-26/140 A.P. (DIR Series) Circular No.18,"December 8, 2025",Export and Import of Indian Currency to or from Nepal and Bhutan,https://rbidocs.rbi.org.in/rdocs/Notification/PDFs/APDIR18C0812202548ECB9C879304C4BBA4F58BE5127F217.PDF,data\full_dataset\rbi\pdf\RBI_2025-26_140_A.P.__DIR_Series__Circular_No.18__e44751c9.pdf
13214,,"September 22, 2026","Master Direction – Reserve Bank of India (Rupee Interest Rate Derivatives) Directions, 2025 (Updated as on September 22, 2026)",https://rbidocs.rbi.org.in/rdocs/Notification/PDFs/281MD4079EF84173847849A50F7A00FB229F5.PDF,data\full_dataset\rbi\pdf\Master_Direction___Reserve_Bank_of_India__Rupee_Interest_Rate_Derivatives__Directions__2025__Updated_as_on_September_22__2026___3294989f.pdf
13213,,"December 05, 2025","Reserve Bank of India (Non-Operative Financial Holding Company) (Amendment) Directions, 2025",https://rbidocs.rbi.org.in/rdocs/Notification/PDFs/NT139913344E83AFA420D82385DBD5CF9B8AE.PDF,data\full_dataset\rbi\pdf\Reserve_Bank_of_India__Non-Operative_Financial_Holding_Company___Amendment__Directions__2025__d071386b.pdf
13212,,"December 05, 2025","Reserve Bank of India (Non-Banking Financial Companies – Undertaking of Financial Services) (Amendment) Directions, 2025",https://rbidocs.rbi.org.in/rdocs/Notification/PDFs/NT13808A5C654016E4C78A272F4504348B050.PDF,data\full_dataset\rbi\pdf\Reserve_Bank_of_India__Non-Banking_Financial_Companies___Undertaking_of_Financial_Services___Amendment__Directions__2025__a477c822.pdf
13211,,"December 05, 2025","Reserve Bank of India (Payments Banks – Undertaking of Financial Services) (Amendment) Directions, 2025",https://rbidocs.rbi.org.in/rdocs/Notification/PDFs/NT13740667B364BC44829B2FF353E31898C91.PDF,data\full_dataset\rbi\pdf\Reserve_Bank_of_India__Payments_Banks___Undertaking_of_Financial_Services___Amendment__Directions__2025__739edd66.pdf
13210,,"December 05, 2025","Reserve Bank of India (Small Finance Banks – Undertaking of Financial Services) (Amendment) Directions, 2025",https://rbidocs.rbi.org.in/rdocs/Notification/PDFs/NT13623280CA12AE34171AAA19FB57F15FE83.PDF,data\full_dataset\rbi\pdf\Reserve_Bank_of_India__Small_Finance_Banks___Undertaking_of_Financial_Services___Amendment__Directions__2025__5aa5a661.pdf
13209,,"December 05, 2025","Reserve Bank of India (Commercial Banks – Undertaking of Financial Services) (Amendment) Directions, 2025",https://rbidocs.rbi.org.in/rdocs/Notification/PDFs/NT1358FC1863A3767437E88945CA1BD6F98A3.PDF,data\full_dataset\rbi\pdf\Reserve_Bank_of_India__Commercial_Banks___Undertaking_of_Financial_Services___Amendment__Directions__2025__d3473b84.pdf
13208,RBI/2025-26/134 DoR.RET.REC.341/12.01.001/2025-26,"December 05, 2025",Penal Interest on shortfall in CRR and SLR requirements - Change in Bank Rate,https://rbidocs.rbi.org.in/rdocs/Notification/PDFs/134NT2021315FC393462A9B0C9E6A7CB38D9B.PDF,data\full_dataset\rbi\pdf\RBI_2025-26_134_DoR.RET.REC.341_12.01.001_2025-26__1844f1d2.pdf
13207,RBI/2025-26/133 REF.No.MPD.BC.401/07.01.279/2025-26,"December 5, 2025",Standing Liquidity Facility for Primary Dealers,https://rbidocs.rbi.org.in/rdocs/Notification/PDFs/133NT01625C1FA96E48EEABF2DE1F11689A6A.PDF,data\full_dataset\rbi\pdf\RBI_2025-26_133_REF.No.MPD.BC.401_07.01.279_2025-26__802468b5.pdf
13206,RBI/2025-26/132 FMOD.MAOG.No.153/01.01.001/2025-26,"December 05, 2025",Liquidity Adjustment Facility - Change in rates,https://rbidocs.rbi.org.in/rdocs/Notification/PDFs/NT13275D6910B1DF640519A1734A01F1E3CEC.PDF,data\full_dataset\rbi\pdf\RBI_2025-26_132_FMOD.MAOG.No.153_01.01.001_2025-26__24a185b3.pdf
13205,,"December 04, 2025","Reserve Bank of India (Rural Co-operative Banks - Branch Authorisation) Directions, 2025",https://rbidocs.rbi.org.in/rdocs/Notification/PDFs/296MD3B084D4247B940E782DCF35DE02806CB.PDF,data\full_dataset\rbi\pdf\Reserve_Bank_of_India__Rural_Co-operative_Banks_-_Branch_Authorisation__Directions__2025__52a76b6a.pdf
13204,,"December 04, 2025","Reserve Bank of India (Urban Co-operative Banks - Branch Authorisation) Directions, 2025",https://rbidocs.rbi.org.in/rdocs/Notification/PDFs/271MD5F6E28F2C5AF4B92AE44048FD3C21405.PDF,data\full_dataset\rbi\pdf\Reserve_Bank_of_India__Urban_Co-operative_Banks_-_Branch_Authorisation__Directions__2025__64c9b233.pdf
13203,,"December 04, 2025","Reserve Bank of India (Urban Co-operative Banks – Licensing, Scheduling and Regulatory Classification) Guidelines, 2025",https://rbidocs.rbi.org.in/rdocs/Notification/PDFs/269MDB68791ED3DA4407596FC88446FC24DF3.PDF,data\full_dataset\rbi\pdf\Reserve_Bank_of_India__Urban_Co-operative_Banks___Licensing__Scheduling_and_Regulatory_Classification__Guidelines__2025__7589d706.pdf
13202,,"December 04, 2025","Reserve Bank of India (Rural Co-operative Banks – Miscellaneous) Directions, 2025",https://rbidocs.rbi.org.in/rdocs/Notification/PDFs/319MDD6043B8B7A0A49CFA8C29881AE174DD6.PDF,data\full_dataset\rbi\pdf\Reserve_Bank_of_India__Rural_Co-operative_Banks___Miscellaneous__Directions__2025__3cc7f50d.pdf
13201,RBI/2025-26/131 DOR.CRE.REC.339/21-01-002/2025-26,"December 4, 2025","Reserve Bank of India (Small Finance Banks – Prudential Norms on Capital Adequacy) Amendment Directions, 2025",https://rbidocs.rbi.org.in/rdocs/Notification/PDFs/6SFB131579DECF5889940A19DDC451EC8AD2FE7.PDF,data\full_dataset\rbi\pdf\RBI_2025-26_131_DOR.CRE.REC.339_21-01-002_2025-26__0248b481.pdf
13200,RBI/2025-26/130 DOR.CRE.REC.335/21-01-002/2025-26,"December 4, 2025","Reserve Bank of India (Commercial Banks - Prudential Norms on Capital Adequacy) Amendment Directions, 2025",https://rbidocs.rbi.org.in/rdocs/Notification/PDFs/5CB1307CDCC4A476A94D90BC16F5CFD4F1F5BA.PDF,data\full_dataset\rbi\pdf\RBI_2025-26_130_DOR.CRE.REC.335_21-01-002_2025-26__51d1d6de.pdf
13199,RBI/2025-26/129 DOR.STR.REC.340/21-04-048/2025-26,"December 4, 2025","Reserve Bank of India (Small Finance Banks – Income Recognition, Asset Classification and Provisioning) Amendment Directions, 2025",https://rbidocs.rbi.org.in/rdocs/Notification/PDFs/4SFB129D9BD5288683D4DBBA48F4642341A3ACC.PDF,data\full_dataset\rbi\pdf\RBI_2025-26_129_DOR.STR.REC.340_21-04-048_2025-26__bf10afcd.pdf
13198,RBI/2025-26/128 DOR.STR.REC.336/21-04-048/2025-26,"December 4, 2025","Reserve Bank of India (Commercial Banks – Income Recognition, Asset Classification and Provisioning) Amendment Directions, 2025",https://rbidocs.rbi.org.in/rdocs/Notification/PDFs/3CB128DAE49FDF5A82479FA5E415C7F7438C96.PDF,data\full_dataset\rbi\pdf\RBI_2025-26_128_DOR.STR.REC.336_21-04-048_2025-26__0452db21.pdf
13197,RBI/2025-26/127 DOR.CRE.REC.337/07-03-002/2025-26,"December 4, 2025","Reserve Bank of India (Small Finance Banks - Concentration Risk Management) Amendment Directions, 2025",https://rbidocs.rbi.org.in/rdocs/Notification/PDFs/2SFB127088B0E8142D348929FDC24674FAF9A43.PDF,data\full_dataset\rbi\pdf\RBI_2025-26_127_DOR.CRE.REC.337_07-03-002_2025-26__d4c1a0ba.pdf
13196,RBI/2025-26/126 DOR.CRE.REC.333/07-03-001/2025-26,"December 4, 2025","Reserve Bank of India (Commercial Banks - Concentration Risk Management) Amendment Directions, 2025",https://rbidocs.rbi.org.in/rdocs/Notification/PDFs/1CB04126C3D989F98318446D9246ABEEB0C22291.PDF,data\full_dataset\rbi\pdf\RBI_2025-26_126_DOR.CRE.REC.333_07-03-001_2025-26__76060285.pdf
13195,RBI/2025-26/125 DOR.CRE.REC.338/07-01-002/2025-26,"December 4, 2025","Reserve Bank of India (Small Finance Banks - Credit Facilities) Amendment Directions, 2025",https://rbidocs.rbi.org.in/rdocs/Notification/PDFs/NT125B5609A8B47F249AF9CC95134F8A05F4A.PDF,data\full_dataset\rbi\pdf\RBI_2025-26_125_DOR.CRE.REC.338_07-01-002_2025-26__3b5236b0.pdf
13194,RBI/2025-26/124 DOR.CRE.REC.334/07-01-001/2025-26,"December 4, 2025","Reserve Bank of India (Commercial Banks - Credit Facilities) Amendment Directions, 2025",https://rbidocs.rbi.org.in/rdocs/Notification/PDFs/NT124323CE68DF70244C09352C9025C187DD8.PDF,data\full_dataset\rbi\pdf\RBI_2025-26_124_DOR.CRE.REC.334_07-01-001_2025-26__343a12bb.pdf
13193,,"December 04, 2025","Reserve Bank of India (Rural Co-operative Banks - Branch Authorisation) Repeal Directions, 2025",https://rbidocs.rbi.org.in/rdocs/Notification/PDFs/NT123661A429F1A1E46A39C46E49EBB91DF8D.PDF,data\full_dataset\rbi\pdf\Reserve_Bank_of_India__Rural_Co-operative_Banks_-_Branch_Authorisation__Repeal_Directions__2025__02f78877.pdf
13192,,"December 04, 2025","Reserve Bank of India (Urban Co-operative Banks - Branch Authorisation) Repeal Directions, 2025",https://rbidocs.rbi.org.in/rdocs/Notification/PDFs/NT12284FD1B2E021B45E29007288787136FD4.PDF,data\full_dataset\rbi\pdf\Reserve_Bank_of_India__Urban_Co-operative_Banks_-_Branch_Authorisation__Repeal_Directions__2025__722a6071.pdf
13191,,"December 04, 2025","Reserve Bank of India (Urban Co-operative Banks – Licensing, Scheduling and Regulatory Classification) Repeal Guidelines, 2025",https://rbidocs.rbi.org.in/rdocs/Notification/PDFs/NT1215F06108BBA2642CE99D3844E0E683109.PDF,data\full_dataset\rbi\pdf\Reserve_Bank_of_India__Urban_Co-operative_Banks___Licensing__Scheduling_and_Regulatory_Classification__Repeal_Guidelines__2025__2925a91c.pdf
13190,,"December 04, 2025","Reserve Bank of India (Rural Co-operative Banks – Miscellaneous) (Amendment) Directions, 2025",https://rbidocs.rbi.org.in/rdocs/Notification/PDFs/NT120ED9F819F86CA42CC8F87FACE0B4AF37B.PDF,data\full_dataset\rbi\pdf\Reserve_Bank_of_India__Rural_Co-operative_Banks___Miscellaneous___Amendment__Directions__2025__997f99c2.pdf
13189,,"December 04, 2025",,https://rbidocs.rbi.org.in/rdocs/Notification/PDFs/NT119E3B6BBB56A6D4C239D0FFBD36ABDE292.PDF,data\full_dataset\rbi\pdf\d676d3e718f7__d676d3e7.pdf
13188,,"December 04, 2025","Reserve Bank of India (Asset Reconstruction Companies – Credit Information Reporting) Amendment Directions, 2025",https://rbidocs.rbi.org.in/rdocs/Notification/PDFs/NT118A2235DA893BE4BE095F3BE2925BC0E66.PDF,data\full_dataset\rbi\pdf\Reserve_Bank_of_India__Asset_Reconstruction_Companies___Credit_Information_Reporting__Amendment_Directions__2025__9572492a.pdf
13187,,"December 04, 2025","Reserve Bank of India (Non-Banking Financial Companies – Credit Information Reporting) Amendment Directions, 2025",https://rbidocs.rbi.org.in/rdocs/Notification/PDFs/NT1173F3BFA9D44E74EB0AA01291F5C11DCF1.PDF,data\full_dataset\rbi\pdf\Reserve_Bank_of_India__Non-Banking_Financial_Companies___Credit_Information_Reporting__Amendment_Directions__2025__3eea79d2.pdf
13186,,"December 04, 2025","Reserve Bank of India (All India Financial Institutions – Credit Information Reporting) Amendment Directions, 2025",https://rbidocs.rbi.org.in/rdocs/Notification/PDFs/NT116BACD841B16A44BD2A77E239B1B5C105D.PDF,data\full_dataset\rbi\pdf\Reserve_Bank_of_India__All_India_Financial_Institutions___Credit_Information_Reporting__Amendment_Directions__2025__5d02af0d.pdf
13185,,"December 04, 2025","Reserve Bank of India (Rural Co-operative Banks – Credit Information Reporting) Amendment Directions, 2025",https://rbidocs.rbi.org.in/rdocs/Notification/PDFs/NT11510E110B552D24EC2A08F45F1C72F108B.PDF,data\full_dataset\rbi\pdf\Reserve_Bank_of_India__Rural_Co-operative_Banks___Credit_Information_Reporting__Amendment_Directions__2025__51a840c9.pdf
13184,,"December 04, 2025","Reserve Bank of India (Urban Co-operative Banks – Credit Information Reporting) Amendment Directions, 2025",https://rbidocs.rbi.org.in/rdocs/Notification/PDFs/NT1140E04FC8B837B4898BE9F5BB5B44636A5.PDF,data\full_dataset\rbi\pdf\Reserve_Bank_of_India__Urban_Co-operative_Banks___Credit_Information_Reporting__Amendment_Directions__2025__3fd95780.pdf
13183,,"December 04, 2025","Reserve Bank of India (Regional Rural Banks – Credit Information Reporting) Amendment Directions, 2025",https://rbidocs.rbi.org.in/rdocs/Notification/PDFs/NT11315658DBE07DC44ACBE4C931B7E7843F1.PDF,data\full_dataset\rbi\pdf\Reserve_Bank_of_India__Regional_Rural_Banks___Credit_Information_Reporting__Amendment_Directions__2025__61932db0.pdf
13182,,"December 04, 2025","Reserve Bank of India (Local Area Banks – Credit Information Reporting) Amendment Directions, 2025",https://rbidocs.rbi.org.in/rdocs/Notification/PDFs/NT11222B084C43B5848CCBE0E39EB1FA3489F.PDF,data\full_dataset\rbi\pdf\Reserve_Bank_of_India__Local_Area_Banks___Credit_Information_Reporting__Amendment_Directions__2025__9da80cc3.pdf
13181,,"December 04, 2025","Reserve Bank of India (Small Finance Banks – Credit Information Reporting) Amendment Directions, 2025",https://rbidocs.rbi.org.in/rdocs/Notification/PDFs/NT111ED8B98618B144A99950BF1A1E405C698.PDF,data\full_dataset\rbi\pdf\Reserve_Bank_of_India__Small_Finance_Banks___Credit_Information_Reporting__Amendment_Directions__2025__d79fd6c8.pdf
13180,,"December 04, 2025","Reserve Bank of India (Commercial Banks – Credit Information Reporting) Amendment Directions, 2025",https://rbidocs.rbi.org.in/rdocs/Notification/PDFs/NT11070606B6915F74CD2BFA1A91A9FCBFA3A.PDF,data\full_dataset\rbi\pdf\Reserve_Bank_of_India__Commercial_Banks___Credit_Information_Reporting__Amendment_Directions__2025__f65d2d7d.pdf
13179,RBI/2025-26/109 DOR.MCS.REC.No.316/01-01-038/2025-26,"December 04, 2025","Reserve Bank of India (Rural Co-operative Banks - Responsible Business Conduct) Amendment Directions, 2025",https://rbidocs.rbi.org.in/rdocs/Notification/PDFs/NT1093B6D3CC225DD4E979FE9EC85BD7F09B1.PDF,data\full_dataset\rbi\pdf\RBI_2025-26_109_DOR.MCS.REC.No.316_01-01-038_2025-26__befe4778.pdf
13178,RBI/2025-26/108 DOR.MCS.REC.No.315/01-01-037/2025-26,"December 04, 2025","Reserve Bank of India (Urban Co-operative Banks - Responsible Business Conduct) Amendment Directions, 2025",https://rbidocs.rbi.org.in/rdocs/Notification/PDFs/NT10861DF6505E67F4D979FFAD86333041172.PDF,data\full_dataset\rbi\pdf\RBI_2025-26_108_DOR.MCS.REC.No.315_01-01-037_2025-26__26eaea8a.pdf
13177,RBI/2025-26/107 DOR.MCS.REC.No.314/01-01-036/2025-26,"December 04, 2025","Reserve Bank of India (Regional Rural Banks - Responsible Business Conduct) Amendment Directions, 2025",https://rbidocs.rbi.org.in/rdocs/Notification/PDFs/NT107023366959BF9491C8A06A5B1E34F3C88.PDF,data\full_dataset\rbi\pdf\RBI_2025-26_107_DOR.MCS.REC.No.314_01-01-036_2025-26__f60801eb.pdf
13176,RBI/2025-26/106 DOR.MCS.REC.No.313/01-01-035/2025-26,"December 04, 2025","Reserve Bank of India (Local Area Banks - Responsible Business Conduct) Amendment Directions, 2025",https://rbidocs.rbi.org.in/rdocs/Notification/PDFs/NT10643EB323A07EC4CCBB9EBC0D5A938BF0E.PDF,data\full_dataset\rbi\pdf\RBI_2025-26_106_DOR.MCS.REC.No.313_01-01-035_2025-26__71feef2e.pdf
13175,RBI/2025-26/105 DOR.MCS.REC.No.312/01-01-034/2025-26,"December 04, 2025","Reserve Bank of India (Payments Banks - Responsible Business Conduct) Amendment Directions, 2025",https://rbidocs.rbi.org.in/rdocs/Notification/PDFs/NT105A1AD83E9737A4E9F9A14C8378EDB5E91.PDF,data\full_dataset\rbi\pdf\RBI_2025-26_105_DOR.MCS.REC.No.312_01-01-034_2025-26__631bdcef.pdf
13174,RBI/2025-26/104 DOR.MCS.REC.No.311/01-01-033/2025-26,"December 04, 2025","Reserve Bank of India (Small Finance Banks - Responsible Business Conduct) Amendment Directions, 2025",https://rbidocs.rbi.org.in/rdocs/Notification/PDFs/NT104FDF95EE260CB4CF7B693EAFB84B804EF.PDF,data\full_dataset\rbi\pdf\RBI_2025-26_104_DOR.MCS.REC.No.311_01-01-033_2025-26__8102bb12.pdf
13173,RBI/2025-26/103 DOR.MCS.REC.No.310/01-01-032/2025-26,"December 04, 2025","Reserve Bank of India (Commercial Banks - Responsible Business Conduct) Amendment Directions, 2025",https://rbidocs.rbi.org.in/rdocs/Notification/PDFs/NT10336988E2D94C54EF7B2BD8AFF9DBC60A3.PDF,data\full_dataset\rbi\pdf\RBI_2025-26_103_DOR.MCS.REC.No.310_01-01-032_2025-26__59728268.pdf
13172,RBI/2025-26/102 A.P. (DIR Series) Circular No.17,"December 03, 2025",Liberalised Remittance Scheme (LRS)- Submission of ‘LRS Daily Return’ by Authorised Dealers- Category -II banks/ entities and Full- Fledged Money Changers,https://rbidocs.rbi.org.in/rdocs/Notification/PDFs/102NTB4DE02C7FB5942A39E8F73640C49097D.PDF,data\full_dataset\rbi\pdf\RBI_2025-26_102_A.P.__DIR_Series__Circular_No.17__881bd3cd.pdf
13171,RBI/2025-26/101 CO.DPSS.POLC.No.S-955/02-30-010/2025-26,"November 28, 2025",Compliance with Know Your Customer (KYC) norms,https://rbidocs.rbi.org.in/rdocs/Notification/PDFs/NT101714E811B93AB49099C43A3B40F471DEC.PDF,data\full_dataset\rbi\pdf\RBI_2025-26_101_CO.DPSS.POLC.No.S-955_02-30-010_2025-26__cbc48f52.pdf
13170,RBI/2025-26/100 DOR.RRC.REC.302/33-01-010/2025-26,"November 28, 2025",Consolidation of Regulations – Withdrawal of circulars,https://rbidocs.rbi.org.in/rdocs/Notification/PDFs/100NTADBC8AC018BE437BBE70F8664031EB4A.PDF,data\full_dataset\rbi\pdf\RBI_2025-26_100_DOR.RRC.REC.302_33-01-010_2025-26__f2cada8b.pdf
13169,RBI/2025-26/99 A.P. (DIR Series) Circular No. 16,"November 28, 2025",Compliance with Know Your Customer (KYC) norms,https://rbidocs.rbi.org.in/rdocs/Notification/PDFs/99NT2C4DB1D4688E42AC93E9F2F0D7F9BE2F.PDF,data\full_dataset\rbi\pdf\RBI_2025-26_99_A.P.__DIR_Series__Circular_No._16__b5ebd3e6.pdf
13168,,"November 28, 2025","Reserve Bank of India (Universal Banks – Licensing) Guidelines, 2025",https://rbidocs.rbi.org.in/rdocs/Notification/PDFs/143MD.PDF,data\full_dataset\rbi\pdf\Reserve_Bank_of_India__Universal_Banks___Licensing__Guidelines__2025__0909eadd.pdf
13167,,"April 1, 2026","Reserve Bank of India (Setting Up of Wholly Owned Subsidiaries by Foreign Banks) Guidelines, 2025 (Updated as on April 1, 2026)",https://rbidocs.rbi.org.in/rdocs/Notification/PDFs/144MD.PDF,data\full_dataset\rbi\pdf\Reserve_Bank_of_India__Setting_Up_of_Wholly_Owned_Subsidiaries_by_Foreign_Banks__Guidelines__2025__Updated_as_on_April_1__2026___fa357476.pdf
13166,,"November 28, 2025","Reserve Bank of India (Commercial Banks – Acquisition and Holding of Shares or Voting Rights) Directions, 2025",https://rbidocs.rbi.org.in/rdocs/Notification/PDFs/145MD.PDF,data\full_dataset\rbi\pdf\Reserve_Bank_of_India__Commercial_Banks___Acquisition_and_Holding_of_Shares_or_Voting_Rights__Directions__2025__9bd2eff6.pdf
13165,,"November 28, 2025","Reserve Bank of India (Commercial Banks – Voluntary Amalgamation) Directions, 2025",https://rbidocs.rbi.org.in/rdocs/Notification/PDFs/146MD.PDF,data\full_dataset\rbi\pdf\Reserve_Bank_of_India__Commercial_Banks___Voluntary_Amalgamation__Directions__2025__a4242b7f.pdf
13164,,"November 28, 2025","Reserve Bank of India (Commercial Banks - Branch Authorisation) Directions, 2025",https://rbidocs.rbi.org.in/rdocs/Notification/PDFs/147MD.PDF,data\full_dataset\rbi\pdf\Reserve_Bank_of_India__Commercial_Banks_-_Branch_Authorisation__Directions__2025__ce48233f.pdf
13163,,"November 28, 2025","Reserve Bank of India (Commercial Banks – Digital Banking Channels Authorisation) Directions, 2025",https://rbidocs.rbi.org.in/rdocs/Notification/PDFs/380MD.PDF,data\full_dataset\rbi\pdf\Reserve_Bank_of_India__Commercial_Banks___Digital_Banking_Channels_Authorisation__Directions__2025__bff23ad6.pdf
13162,,"July 01, 2026","Reserve Bank of India (Commercial Banks – Undertaking of Financial Services) Directions, 2025 (Updated as on July 01, 2026)",https://rbidocs.rbi.org.in/rdocs/Notification/PDFs/148MD.PDF,data\full_dataset\rbi\pdf\Reserve_Bank_of_India__Commercial_Banks___Undertaking_of_Financial_Services__Directions__2025__Updated_as_on_July_01__2026___b7216301.pdf
13161,,"November 28, 2025","Reserve Bank of India (Commercial Banks - Governance) Directions, 2025",https://rbidocs.rbi.org.in/rdocs/Notification/PDFs/149MD.PDF,data\full_dataset\rbi\pdf\Reserve_Bank_of_India__Commercial_Banks_-_Governance__Directions__2025__3a170830.pdf
13160,,"August 25, 2026","Reserve Bank of India (Commercial Banks – Cash Reserve Ratio and Statutory Liquidity Ratio) Directions, 2025 (Updated as on August 25, 2026)",https://rbidocs.rbi.org.in/rdocs/Notification/PDFs/150MD.PDF,data\full_dataset\rbi\pdf\Reserve_Bank_of_India__Commercial_Banks___Cash_Reserve_Ratio_and_Statutory_Liquidity_Ratio__Directions__2025__Updated_as_on_August_25__2026___d4129797.pdf
13159,"RBI/2008-09/302.DBOD.No.BP.BC.89/21.04.141 /2008-09 dated December 1, 2008","July 01, 2026",Baseline,https://rbidocs.rbi.org.in/rdocs/Notification/PDFs/151MD.PDF,data\full_dataset\rbi\pdf\RBI_2008-09_302.DBOD.No.BP.BC.89_21.04.141__2008-09_dated_December_1__2008__98673deb.pdf
13158,,"November 28, 2025","Reserve Bank of India (Commercial Banks – Resource Raising Norms) Directions, 2025",https://rbidocs.rbi.org.in/rdocs/Notification/PDFs/152MD.PDF,data\full_dataset\rbi\pdf\Reserve_Bank_of_India__Commercial_Banks___Resource_Raising_Norms__Directions__2025__0c03ea98.pdf
13157,,"August 25, 2026","Reserve Bank of India (Commercial Banks – Interest Rate on Deposits) Directions, 2025 (Updated as on August 25, 2026)",https://rbidocs.rbi.org.in/rdocs/Notification/PDFs/153MD.PDF,data\full_dataset\rbi\pdf\Reserve_Bank_of_India__Commercial_Banks___Interest_Rate_on_Deposits__Directions__2025__Updated_as_on_August_25__2026___4b678630.pdf
13156,,"July 15, 2026",,https://rbidocs.rbi.org.in/rdocs/Notification/PDFs/154MD.PDF,data\full_dataset\rbi\pdf\7e35cbf3b35f__7e35cbf3.pdf
13155,,"November 28, 2025","Reserve Bank of India (Commercial Banks – Credit Cards and Debit Cards: Issuance and Conduct) Directions, 2025",https://rbidocs.rbi.org.in/rdocs/Notification/PDFs/155MD.PDF,data\full_dataset\rbi\pdf\Reserve_Bank_of_India__Commercial_Banks___Credit_Cards_and_Debit_Cards__Issuance_and_Conduct__Directions__2025__979bc463.pdf
13154,,"July 01, 2026","Reserve Bank of India (Commercial Banks – Credit Information Reporting) Directions, 2025 (Updated as on July 01, 2026)",https://rbidocs.rbi.org.in/rdocs/Notification/PDFs/156MD.PDF,data\full_dataset\rbi\pdf\Reserve_Bank_of_India__Commercial_Banks___Credit_Information_Reporting__Directions__2025__Updated_as_on_July_01__2026___f5c05a8b.pdf
13153,,"July 01, 2026","Reserve Bank of India (Commercial Banks – Credit Risk Management) Directions, 2025 (Updated as on July 01, 2026)",https://rbidocs.rbi.org.in/rdocs/Notification/PDFs/157MD.PDF,data\full_dataset\rbi\pdf\Reserve_Bank_of_India__Commercial_Banks___Credit_Risk_Management__Directions__2025__Updated_as_on_July_01__2026___8775fb9c.pdf
13152,,"July 01, 2026","Reserve Bank of India (Commercial Banks – Concentration Risk Management) Directions, 2025 (Updated as on July 01, 2026)",https://rbidocs.rbi.org.in/rdocs/Notification/PDFs/158MD.PDF,data\full_dataset\rbi\pdf\Reserve_Bank_of_India__Commercial_Banks___Concentration_Risk_Management__Directions__2025__Updated_as_on_July_01__2026___ffd58a57.pdf
13151,,"November 28, 2025","Reserve Bank of India (Commercial Banks - Transfer and Distribution of Credit Risk) Directions, 2025",https://rbidocs.rbi.org.in/rdocs/Notification/PDFs/159MD.PDF,data\full_dataset\rbi\pdf\Reserve_Bank_of_India__Commercial_Banks_-_Transfer_and_Distribution_of_Credit_Risk__Directions__2025__6047016c.pdf
13150,,"November 28, 2025","Reserve Bank of India (Commercial Banks – Securitisation Transactions) Directions, 2025",https://rbidocs.rbi.org.in/rdocs/Notification/PDFs/160MD.PDF,data\full_dataset\rbi\pdf\Reserve_Bank_of_India__Commercial_Banks___Securitisation_Transactions__Directions__2025__47a1eb77.pdf
13149,,"November 28, 2025","Reserve Bank of India (Commercial Banks – Interest Rates on Advances) Directions, 2025",https://rbidocs.rbi.org.in/rdocs/Notification/PDFs/161MD.PDF,data\full_dataset\rbi\pdf\Reserve_Bank_of_India__Commercial_Banks___Interest_Rates_on_Advances__Directions__2025__3e9a0ff8.pdf
13148,,"September 22, 2026","Reserve Bank of India (Commercial Banks – Classification, Valuation and Operation of Investment Portfolio) Directions, 2025 (Updated as on September 22, 2026)",https://rbidocs.rbi.org.in/rdocs/Notification/PDFs/162MD.PDF,data\full_dataset\rbi\pdf\Reserve_Bank_of_India__Commercial_Banks___Classification__Valuation_and_Operation_of_Investment_Portfolio__Directions__2025__Updated_as_on_September_2__0b25953d.pdf
13147,,"November 28, 2025","Reserve Bank of India (Commercial Banks – Asset Liability Management) Directions, 2025",https://rbidocs.rbi.org.in/rdocs/Notification/PDFs/163MD.PDF,data\full_dataset\rbi\pdf\Reserve_Bank_of_India__Commercial_Banks___Asset_Liability_Management__Directions__2025__f7ead657.pdf
13146,,"July 01, 2026","Reserve Bank of India (Commercial Banks – Income Recognition, Asset Classification and Provisioning) Directions, 2025 (updated as on July 01, 2026)",https://rbidocs.rbi.org.in/rdocs/Notification/PDFs/164MD.PDF,data\full_dataset\rbi\pdf\Reserve_Bank_of_India__Commercial_Banks___Income_Recognition__Asset_Classification_and_Provisioning__Directions__2025__updated_as_on_July_01__2026___a46bcc43.pdf
13145,,"July 01, 2026","Reserve Bank of India (Commercial Banks – Resolution of Stressed Assets) Directions, 2025 (updated as on July 01, 2026)",https://rbidocs.rbi.org.in/rdocs/Notification/PDFs/165MD.PDF,data\full_dataset\rbi\pdf\Reserve_Bank_of_India__Commercial_Banks___Resolution_of_Stressed_Assets__Directions__2025__updated_as_on_July_01__2026___d17fc1fe.pdf
13144,,"November 28, 2025","Reserve Bank of India (Commercial Banks – Treatment of Wilful Defaulters and Large Defaulters) Directions, 2025",https://rbidocs.rbi.org.in/rdocs/Notification/PDFs/166MD.PDF,data\full_dataset\rbi\pdf\Reserve_Bank_of_India__Commercial_Banks___Treatment_of_Wilful_Defaulters_and_Large_Defaulters__Directions__2025__3cd6ae58.pdf
13143,,"July 01, 2026","Reserve Bank of India (Commercial Banks - Financial Statements: Presentation and Disclosures) Directions, 2025 (Updated as on July 01, 2026)",https://rbidocs.rbi.org.in/rdocs/Notification/PDFs/167MD.PDF,data\full_dataset\rbi\pdf\Reserve_Bank_of_India__Commercial_Banks_-_Financial_Statements__Presentation_and_Disclosures__Directions__2025__Updated_as_on_July_01__2026___ffb24884.pdf
13142,,"November 28, 2025","Reserve Bank of India (Commercial Banks – Prudential Norms on Declaration of Dividends and Remittance of Profit) Directions, 2025",https://rbidocs.rbi.org.in/rdocs/Notification/PDFs/168MD.PDF,data\full_dataset\rbi\pdf\Reserve_Bank_of_India__Commercial_Banks___Prudential_Norms_on_Declaration_of_Dividends_and_Remittance_of_Profit__Directions__2025__43996c69.pdf
13141,,"September 18, 2026","Reserve Bank of India (Commercial Banks – Know Your Customer) Directions, 2025 (Updated as on September 18, 2026)",https://rbidocs.rbi.org.in/rdocs/Notification/PDFs/169MD.PDF,data\full_dataset\rbi\pdf\Reserve_Bank_of_India__Commercial_Banks___Know_Your_Customer__Directions__2025__Updated_as_on_September_18__2026___54a8672c.pdf
13140,,"July 1, 2026","Reserve Bank of India (Commercial Banks - Responsible Business Conduct) Directions, 2025 (Updated as on July 1, 2026)",https://rbidocs.rbi.org.in/rdocs/Notification/PDFs/170MD.PDF,data\full_dataset\rbi\pdf\Reserve_Bank_of_India__Commercial_Banks_-_Responsible_Business_Conduct__Directions__2025__Updated_as_on_July_1__2026___22f9a46c.pdf
13139,,"November 28, 2025","Reserve Bank of India (Commercial Banks – Managing Risks in Outsourcing) Directions, 2025",https://rbidocs.rbi.org.in/rdocs/Notification/PDFs/171MD.PDF,data\full_dataset\rbi\pdf\Reserve_Bank_of_India__Commercial_Banks___Managing_Risks_in_Outsourcing__Directions__2025__f86e3712.pdf
13138,,"November 28, 2025","Reserve Bank of India (Commercial Banks - Climate Finance and Management of Climate Change Risks) Directions, 2025",https://rbidocs.rbi.org.in/rdocs/Notification/PDFs/172MD.PDF,data\full_dataset\rbi\pdf\Reserve_Bank_of_India__Commercial_Banks_-_Climate_Finance_and_Management_of_Climate_Change_Risks__Directions__2025__b5fdb626.pdf
13137,,"November 28, 2025","Reserve Bank of India (Commercial Banks – Forthcoming Instructions) Directions, 2025",https://rbidocs.rbi.org.in/rdocs/Notification/PDFs/173MD.PDF,data\full_dataset\rbi\pdf\Reserve_Bank_of_India__Commercial_Banks___Forthcoming_Instructions__Directions__2025__414ca409.pdf
13136,,"November 28, 2025","Reserve Bank of India (Commercial Banks – Miscellaneous) Directions, 2025",https://rbidocs.rbi.org.in/rdocs/Notification/PDFs/174MD.PDF,data\full_dataset\rbi\pdf\Reserve_Bank_of_India__Commercial_Banks___Miscellaneous__Directions__2025__a7fb5914.pdf
13135,,"November 28, 2025","Reserve Bank of India (Small Finance Banks – Licensing) Guidelines, 2025",https://rbidocs.rbi.org.in/rdocs/Notification/PDFs/175MD.PDF,data\full_dataset\rbi\pdf\Reserve_Bank_of_India__Small_Finance_Banks___Licensing__Guidelines__2025__00ce7918.pdf
13134,,"November 28, 2025",Reserve,https://rbidocs.rbi.org.in/rdocs/Notification/PDFs/176MD.PDF,data\full_dataset\rbi\pdf\Reserve__27221a5b.pdf
13133,,"November 28, 2025","Reserve Bank of India (Small Finance Banks - Voluntary Amalgamation) Directions, 2025",https://rbidocs.rbi.org.in/rdocs/Notification/PDFs/177MD.PDF,data\full_dataset\rbi\pdf\Reserve_Bank_of_India__Small_Finance_Banks_-_Voluntary_Amalgamation__Directions__2025__dd4ebeaf.pdf
13132,,"November 28, 2025","Reserve Bank of India (Small Finance Banks – Branch Authorisation) Directions, 2025",https://rbidocs.rbi.org.in/rdocs/Notification/PDFs/178MD.PDF,data\full_dataset\rbi\pdf\Reserve_Bank_of_India__Small_Finance_Banks___Branch_Authorisation__Directions__2025__034b031a.pdf
13131,,"November 28, 2025","Reserve Bank of India (Small Finance Banks – Digital Banking Channels Authorisation) Directions, 2025",https://rbidocs.rbi.org.in/rdocs/Notification/PDFs/381MD.PDF,data\full_dataset\rbi\pdf\Reserve_Bank_of_India__Small_Finance_Banks___Digital_Banking_Channels_Authorisation__Directions__2025__5c3cd185.pdf
13130,,"April 27, 2026","(Updated as on April 27, 2026)",https://rbidocs.rbi.org.in/rdocs/Notification/PDFs/179MD.PDF,data\full_dataset\rbi\pdf\_Updated_as_on_April_27__2026___d97e2f9a.pdf
13129,,"November 28, 2025","Reserve Bank of India (Small Finance Banks – Governance) Directions, 2025",https://rbidocs.rbi.org.in/rdocs/Notification/PDFs/180MD.PDF,data\full_dataset\rbi\pdf\Reserve_Bank_of_India__Small_Finance_Banks___Governance__Directions__2025__97f537cc.pdf
13128,,"August 25, 2026","Reserve Bank of India (Small Finance Banks – Cash Reserve Ratio and Statutory Liquidity Ratio) Directions, 2025 (Updated as on August 25, 2026)",https://rbidocs.rbi.org.in/rdocs/Notification/PDFs/181MD.PDF,data\full_dataset\rbi\pdf\Reserve_Bank_of_India__Small_Finance_Banks___Cash_Reserve_Ratio_and_Statutory_Liquidity_Ratio__Directions__2025__Updated_as_on_August_25__2026___93d96f17.pdf
13127,"RBI/2008-09/302.DBOD.No.BP.BC.89/21.04.141/2008-09 dated December 1, 2008 .","July 01, 2026","Reserve Bank of India (Small Finance Banks – Prudential Norms on Capital Adequacy) Directions, 2025 (Updated as on July 01, 2026)",https://rbidocs.rbi.org.in/rdocs/Notification/PDFs/182MD.PDF,data\full_dataset\rbi\pdf\RBI_2008-09_302.DBOD.No.BP.BC.89_21.04.141_2008-09_dated_December_1__2008___753097d3.pdf
13126,,"November 28, 2025","Reserve Bank of India (Small Finance Banks - Resource Raising Norms) Directions, 2025",https://rbidocs.rbi.org.in/rdocs/Notification/PDFs/183MD.PDF,data\full_dataset\rbi\pdf\Reserve_Bank_of_India__Small_Finance_Banks_-_Resource_Raising_Norms__Directions__2025__30cf3b8a.pdf
13125,,"August 25, 2026",,https://rbidocs.rbi.org.in/rdocs/Notification/PDFs/184MD.PDF,data\full_dataset\rbi\pdf\64983ccf3996__64983ccf.pdf
13124,,"July 15, 2026","Reserve Bank of India (Small Finance Banks – Credit Facilities) Directions, 2025 (Updated as on July 15, 2026)",https://rbidocs.rbi.org.in/rdocs/Notification/PDFs/185MD.PDF,data\full_dataset\rbi\pdf\Reserve_Bank_of_India__Small_Finance_Banks___Credit_Facilities__Directions__2025__Updated_as_on_July_15__2026___004a1a45.pdf
13123,,"November 28, 2025","Reserve Bank of India (Small Finance Banks – Credit Cards and Debit Cards: Issuance and Conduct) Directions, 2025",https://rbidocs.rbi.org.in/rdocs/Notification/PDFs/186MD.PDF,data\full_dataset\rbi\pdf\Reserve_Bank_of_India__Small_Finance_Banks___Credit_Cards_and_Debit_Cards__Issuance_and_Conduct__Directions__2025__73b318b3.pdf
13122,,"July 01, 2026","Reserve Bank of India (Small Finance Banks – Credit Information Reporting) Directions, 2025 (Updated as on July 01, 2026)",https://rbidocs.rbi.org.in/rdocs/Notification/PDFs/187MD.PDF,data\full_dataset\rbi\pdf\Reserve_Bank_of_India__Small_Finance_Banks___Credit_Information_Reporting__Directions__2025__Updated_as_on_July_01__2026___57956e22.pdf
13121,,"July 01, 2026","Reserve Bank of India (Small Finance Banks – Credit Risk Management) Directions, 2025 (Updated as on July 01, 2026)",https://rbidocs.rbi.org.in/rdocs/Notification/PDFs/188MD.PDF,data\full_dataset\rbi\pdf\Reserve_Bank_of_India__Small_Finance_Banks___Credit_Risk_Management__Directions__2025__Updated_as_on_July_01__2026___dec4b17c.pdf
13120,"RBI/2025-26/189 DOR.CRE.REC.108/07-03-002/2025-26 November 28, 2025 Previou","July 01, 2026","Reserve Bank of India (Small Finance Banks – Concentration Risk Management) Directions, 2025 (Updated as on July 01, 2026)",https://rbidocs.rbi.org.in/rdocs/Notification/PDFs/189MD.PDF,data\full_dataset\rbi\pdf\RBI_2025-26_189_DOR.CRE.REC.108_07-03-002_2025-26_November_28__2025_Previou__b346d371.pdf
13119,,"November 28, 2025","Reserve Bank of India (Small Finance Banks – Transfer and Distribution of Credit Risk) Directions, 2025",https://rbidocs.rbi.org.in/rdocs/Notification/PDFs/190MD.PDF,data\full_dataset\rbi\pdf\Reserve_Bank_of_India__Small_Finance_Banks___Transfer_and_Distribution_of_Credit_Risk__Directions__2025__fc445b9c.pdf
13118,,"November 28, 2025","Reserve Bank of India (Small Finance Banks – Securitisation Transactions) Directions, 2025",https://rbidocs.rbi.org.in/rdocs/Notification/PDFs/191MD.PDF,data\full_dataset\rbi\pdf\Reserve_Bank_of_India__Small_Finance_Banks___Securitisation_Transactions__Directions__2025__4f0ea422.pdf
13117,,"November 28, 2025","Reserve Bank of India (Small Finance Banks – Interest Rates on Advances) Directions, 2025",https://rbidocs.rbi.org.in/rdocs/Notification/PDFs/192MD.PDF,data\full_dataset\rbi\pdf\Reserve_Bank_of_India__Small_Finance_Banks___Interest_Rates_on_Advances__Directions__2025__0393be15.pdf
13116,,"September 22, 2026","Reserve Bank of India (Small Finance Banks – Classification, Valuation and Operation of Investment Portfolio) Directions, 2025 (Updated as on September 22, 2026)",https://rbidocs.rbi.org.in/rdocs/Notification/PDFs/193MD.PDF,data\full_dataset\rbi\pdf\Reserve_Bank_of_India__Small_Finance_Banks___Classification__Valuation_and_Operation_of_Investment_Portfolio__Directions__2025__Updated_as_on_Septembe__b5e32dd9.pdf
13115,,"November 28, 2025","Reserve Bank of India (Small Finance Banks – Asset Liability Management) Directions, 2025",https://rbidocs.rbi.org.in/rdocs/Notification/PDFs/194MD.PDF,data\full_dataset\rbi\pdf\Reserve_Bank_of_India__Small_Finance_Banks___Asset_Liability_Management__Directions__2025__b9ac5ae6.pdf
13114,,"July 01, 2026","Reserve Bank of India (Small Finance Banks – Income Recognition, Asset Classification and Provisioning) Directions, 2025 (Updated as on July 01, 2026)",https://rbidocs.rbi.org.in/rdocs/Notification/PDFs/195MD.PDF,data\full_dataset\rbi\pdf\Reserve_Bank_of_India__Small_Finance_Banks___Income_Recognition__Asset_Classification_and_Provisioning__Directions__2025__Updated_as_on_July_01__2026___72bd6f75.pdf
13113,,"July 01, 2026","Reserve Bank of India (Small Finance Banks – Resolution of Stressed Assets) Directions, 2025 (Updated as on July 01, 2026)",https://rbidocs.rbi.org.in/rdocs/Notification/PDFs/196MD.PDF,data\full_dataset\rbi\pdf\Reserve_Bank_of_India__Small_Finance_Banks___Resolution_of_Stressed_Assets__Directions__2025__Updated_as_on_July_01__2026___f9a3d6ac.pdf
13112,,"November 28, 2025","Reserve Bank of India (Small Finance Banks – Treatment of Wilful Defaulters and Large Defaulters) Directions, 2025",https://rbidocs.rbi.org.in/rdocs/Notification/PDFs/197MD.PDF,data\full_dataset\rbi\pdf\Reserve_Bank_of_India__Small_Finance_Banks___Treatment_of_Wilful_Defaulters_and_Large_Defaulters__Directions__2025__9c98cba8.pdf
13111,,"July 01, 2026","Reserve Bank of India (Small Finance Banks - Financial Statements: Presentation and Disclosures) Directions, 2025 (Updated as on July 01, 2026)",https://rbidocs.rbi.org.in/rdocs/Notification/PDFs/198MD.PDF,data\full_dataset\rbi\pdf\Reserve_Bank_of_India__Small_Finance_Banks_-_Financial_Statements__Presentation_and_Disclosures__Directions__2025__Updated_as_on_July_01__2026___372afb5e.pdf
13110,,"November 28, 2025","Reserve Bank of India (Small Finance Banks – Prudential Norms on Declaration of Dividends) Directions, 2025",https://rbidocs.rbi.org.in/rdocs/Notification/PDFs/199MD.PDF,data\full_dataset\rbi\pdf\Reserve_Bank_of_India__Small_Finance_Banks___Prudential_Norms_on_Declaration_of_Dividends__Directions__2025__0874867a.pdf
13109,,"September 18, 2026","Reserve Bank of India (Small Finance Banks – Know Your Customer) Directions, 2025 (Updated as on September 18, 2026)",https://rbidocs.rbi.org.in/rdocs/Notification/PDFs/200MD.PDF,data\full_dataset\rbi\pdf\Reserve_Bank_of_India__Small_Finance_Banks___Know_Your_Customer__Directions__2025__Updated_as_on_September_18__2026___f65add8b.pdf
13108,,"July 1, 2026","Reserve Bank of India (Small Finance Banks – Responsible Business Conduct) Directions, 2025 (Updated as on July 1, 2026)",https://rbidocs.rbi.org.in/rdocs/Notification/PDFs/201MD.PDF,data\full_dataset\rbi\pdf\Reserve_Bank_of_India__Small_Finance_Banks___Responsible_Business_Conduct__Directions__2025__Updated_as_on_July_1__2026___f36e4691.pdf
13107,,"November 28, 2025","Reserve Bank of India (Small Finance Banks – Managing Risks in Outsourcing) Directions, 2025",https://rbidocs.rbi.org.in/rdocs/Notification/PDFs/202MD.PDF,data\full_dataset\rbi\pdf\Reserve_Bank_of_India__Small_Finance_Banks___Managing_Risks_in_Outsourcing__Directions__2025__eb290997.pdf
13106,,"November 28, 2025","Reserve Bank of India (Small Finance Banks – Climate Finance and Management of Climate Change Risks) Directions, 2025",https://rbidocs.rbi.org.in/rdocs/Notification/PDFs/203MD.PDF,data\full_dataset\rbi\pdf\Reserve_Bank_of_India__Small_Finance_Banks___Climate_Finance_and_Management_of_Climate_Change_Risks__Directions__2025__2959913b.pdf
13105,,"November 28, 2025","Reserve Bank of India (Small Finance Banks – Miscellaneous) Directions, 2025",https://rbidocs.rbi.org.in/rdocs/Notification/PDFs/204MD.PDF,data\full_dataset\rbi\pdf\Reserve_Bank_of_India__Small_Finance_Banks___Miscellaneous__Directions__2025__cff39f8b.pdf
13104,,"November 28, 2025","Reserve Bank of India (Payments Banks – Acquisition and Holding of Shares or Voting Rights) Directions, 2025",https://rbidocs.rbi.org.in/rdocs/Notification/PDFs/205MD.PDF,data\full_dataset\rbi\pdf\Reserve_Bank_of_India__Payments_Banks___Acquisition_and_Holding_of_Shares_or_Voting_Rights__Directions__2025__eed71754.pdf
13103,,"November 28, 2025","Reserve Bank of India (Payments Banks – Voluntary Amalgamation) Directions, 2025",https://rbidocs.rbi.org.in/rdocs/Notification/PDFs/206MD.PDF,data\full_dataset\rbi\pdf\Reserve_Bank_of_India__Payments_Banks___Voluntary_Amalgamation__Directions__2025__649ad86e.pdf
13102,,"November 28, 2025","Reserve Bank of India (Payments Banks – Branch Authorisation) Directions, 2025",https://rbidocs.rbi.org.in/rdocs/Notification/PDFs/207MD.PDF,data\full_dataset\rbi\pdf\Reserve_Bank_of_India__Payments_Banks___Branch_Authorisation__Directions__2025__cc74470c.pdf
13101,,"November 28, 2025","Reserve Bank of India (Payments Banks – Digital Banking Channels Authorisation) Directions, 2025",https://rbidocs.rbi.org.in/rdocs/Notification/PDFs/382MD.PDF,data\full_dataset\rbi\pdf\Reserve_Bank_of_India__Payments_Banks___Digital_Banking_Channels_Authorisation__Directions__2025__4bd649d5.pdf
13100,,"December 05, 2025",,https://rbidocs.rbi.org.in/rdocs/Notification/PDFs/208MD.PDF,data\full_dataset\rbi\pdf\611bc554860f__611bc554.pdf
13099,,"November 28, 2025","Reserve Bank of India (Payments Banks - Governance) Directions, 2025",https://rbidocs.rbi.org.in/rdocs/Notification/PDFs/209MD.PDF,data\full_dataset\rbi\pdf\Reserve_Bank_of_India__Payments_Banks_-_Governance__Directions__2025__a0f18adc.pdf
13098,,"January 22, 2026","Reserve Bank of India (Payments Banks – Cash Reserve Ratio and Statutory Liquidity Ratio) Directions, 2025 (Updated as on January 22, 2026)",https://rbidocs.rbi.org.in/rdocs/Notification/PDFs/210MD.PDF,data\full_dataset\rbi\pdf\Reserve_Bank_of_India__Payments_Banks___Cash_Reserve_Ratio_and_Statutory_Liquidity_Ratio__Directions__2025__Updated_as_on_January_22__2026___47a5a0d8.pdf
13097,,"May 08, 2026","ICVALt = Max [0,{(EEt *RPt) - (EE0 *RP0)}]",https://rbidocs.rbi.org.in/rdocs/Notification/PDFs/211MD.PDF,data\full_dataset\rbi\pdf\ICVALt___Max__0_EEt__RPt__-__EE0__RP0___77db8774.pdf
13096,,"November 28, 2025","Reserve Bank of India (Payments Banks – Interest Rate on Deposits) Directions, 2025",https://rbidocs.rbi.org.in/rdocs/Notification/PDFs/212MD.PDF,data\full_dataset\rbi\pdf\Reserve_Bank_of_India__Payments_Banks___Interest_Rate_on_Deposits__Directions__2025__a37db063.pdf
13095,,"November 28, 2025","Reserve Bank of India (Payments Banks – Debit Cards: Issuance and Conduct) Directions, 2025",https://rbidocs.rbi.org.in/rdocs/Notification/PDFs/213MD.PDF,data\full_dataset\rbi\pdf\Reserve_Bank_of_India__Payments_Banks___Debit_Cards__Issuance_and_Conduct__Directions__2025__93d43b73.pdf
13094,,"September 22, 2026","Reserve Bank of India (Payments Banks – Classification, Valuation and Operation of Investment Portfolio) Directions, 2025 (Updated as on September 22, 2026)",https://rbidocs.rbi.org.in/rdocs/Notification/PDFs/214MD.PDF,data\full_dataset\rbi\pdf\Reserve_Bank_of_India__Payments_Banks___Classification__Valuation_and_Operation_of_Investment_Portfolio__Directions__2025__Updated_as_on_September_22___2e39e684.pdf
13093,,"November 28, 2025","Reserve Bank of India (Payments Banks – Asset Liability Management) Directions, 2025",https://rbidocs.rbi.org.in/rdocs/Notification/PDFs/215MD.PDF,data\full_dataset\rbi\pdf\Reserve_Bank_of_India__Payments_Banks___Asset_Liability_Management__Directions__2025__2b924bb7.pdf
13092,,"April 1, 2026","Reserve Bank of India (Payments Banks – Financial Statements: Presentation and Disclosures) Directions, 2025 (Updated as on April 1, 2026)",https://rbidocs.rbi.org.in/rdocs/Notification/PDFs/216MD.PDF,data\full_dataset\rbi\pdf\Reserve_Bank_of_India__Payments_Banks___Financial_Statements__Presentation_and_Disclosures__Directions__2025__Updated_as_on_April_1__2026___b63e46ad.pdf
13091,,"November 28, 2025","Reserve Bank of India (Payments Banks – Prudential Norms on Declaration of Dividends) Directions, 2025",https://rbidocs.rbi.org.in/rdocs/Notification/PDFs/217MD.PDF,data\full_dataset\rbi\pdf\Reserve_Bank_of_India__Payments_Banks___Prudential_Norms_on_Declaration_of_Dividends__Directions__2025__f04e7ffc.pdf
13090,,"December 29, 2025","Reserve Bank of India (Payments Banks – Know Your Customer) Directions, 2025 (Updated as on December 29, 2025)",https://rbidocs.rbi.org.in/rdocs/Notification/PDFs/218MD.PDF,data\full_dataset\rbi\pdf\Reserve_Bank_of_India__Payments_Banks___Know_Your_Customer__Directions__2025__Updated_as_on_December_29__2025___64a6e758.pdf
13089,,"April 1, 2026","Reserve Bank of India (Payments Banks – Responsible Business Conduct) Directions, 2025 (Updated as on April 1, 2026)",https://rbidocs.rbi.org.in/rdocs/Notification/PDFs/219MD.PDF,data\full_dataset\rbi\pdf\Reserve_Bank_of_India__Payments_Banks___Responsible_Business_Conduct__Directions__2025__Updated_as_on_April_1__2026___ff7c8418.pdf
13088,,"November 28, 2025","Reserve Bank of India (Payments Banks – Managing Risks in Outsourcing) Directions, 2025",https://rbidocs.rbi.org.in/rdocs/Notification/PDFs/220MD.PDF,data\full_dataset\rbi\pdf\Reserve_Bank_of_India__Payments_Banks___Managing_Risks_in_Outsourcing__Directions__2025__8e1a054a.pdf
13087,,"April 01, 2026","Reserve Bank of India (Payments Banks – Miscellaneous) Directions, 2025 (Updated as on April 01, 2026)",https://rbidocs.rbi.org.in/rdocs/Notification/PDFs/221MD.PDF,data\full_dataset\rbi\pdf\Reserve_Bank_of_India__Payments_Banks___Miscellaneous__Directions__2025__Updated_as_on_April_01__2026___d7a24b51.pdf
13086,,"November 28, 2025","Reserve Bank of India (Local Area Banks – Acquisition and Holding of Shares or Voting Rights) Directions, 2025",https://rbidocs.rbi.org.in/rdocs/Notification/PDFs/222MD.PDF,data\full_dataset\rbi\pdf\Reserve_Bank_of_India__Local_Area_Banks___Acquisition_and_Holding_of_Shares_or_Voting_Rights__Directions__2025__07ebc65c.pdf
13085,,"November 28, 2025","Reserve Bank of India (Local Area Banks – Voluntary Amalgamation) Directions, 2025",https://rbidocs.rbi.org.in/rdocs/Notification/PDFs/223MD.PDF,data\full_dataset\rbi\pdf\Reserve_Bank_of_India__Local_Area_Banks___Voluntary_Amalgamation__Directions__2025__707115e2.pdf
13084,,"November 28, 2025","Reserve Bank of India (Local Area Banks – Branch Authorisation) Directions, 2025",https://rbidocs.rbi.org.in/rdocs/Notification/PDFs/224MD.PDF,data\full_dataset\rbi\pdf\Reserve_Bank_of_India__Local_Area_Banks___Branch_Authorisation__Directions__2025__67cc7e4e.pdf
13083,,"November 28, 2025","Reserve Bank of India (Local Area Banks – Digital Banking Channels Authorisation) Directions, 2025",https://rbidocs.rbi.org.in/rdocs/Notification/PDFs/383MD.PDF,data\full_dataset\rbi\pdf\Reserve_Bank_of_India__Local_Area_Banks___Digital_Banking_Channels_Authorisation__Directions__2025__690358ec.pdf
13082,,"November 28, 2025","Reserve Bank of India (Local Area Banks – Governance) Directions, 2025",https://rbidocs.rbi.org.in/rdocs/Notification/PDFs/225MD.PDF,data\full_dataset\rbi\pdf\Reserve_Bank_of_India__Local_Area_Banks___Governance__Directions__2025__d76f6f49.pdf
13081,,"September 11, 2026",Annex,https://rbidocs.rbi.org.in/rdocs/Notification/PDFs/226MD.PDF,data\full_dataset\rbi\pdf\Annex__160b0c94.pdf
13080,,"November 28, 2025","Reserve Bank of India (Local Area Banks – Prudential Norms on Capital Adequacy) Directions, 2025",https://rbidocs.rbi.org.in/rdocs/Notification/PDFs/227MD.PDF,data\full_dataset\rbi\pdf\Reserve_Bank_of_India__Local_Area_Banks___Prudential_Norms_on_Capital_Adequacy__Directions__2025__36b896e6.pdf
13079,,"August 25, 2026","Reserve Bank of India (Local Area Banks – Interest Rate on Deposits) Directions, 2025 (Updated as on August 25, 2026)",https://rbidocs.rbi.org.in/rdocs/Notification/PDFs/228MD.PDF,data\full_dataset\rbi\pdf\Reserve_Bank_of_India__Local_Area_Banks___Interest_Rate_on_Deposits__Directions__2025__Updated_as_on_August_25__2026___2e4f2833.pdf
13078,,"April 01, 2026","Reserve Bank of India (Local Area Banks – Credit Facilities) Directions, 2025 (Updated as on April 01, 2026)",https://rbidocs.rbi.org.in/rdocs/Notification/PDFs/229MD.PDF,data\full_dataset\rbi\pdf\Reserve_Bank_of_India__Local_Area_Banks___Credit_Facilities__Directions__2025__Updated_as_on_April_01__2026___9705835d.pdf
13077,,"November 28, 2025","Reserve Bank of India (Local Area Banks – Debit Cards: Issuance and Conduct) Directions, 2025",https://rbidocs.rbi.org.in/rdocs/Notification/PDFs/230MD.PDF,data\full_dataset\rbi\pdf\Reserve_Bank_of_India__Local_Area_Banks___Debit_Cards__Issuance_and_Conduct__Directions__2025__b46f0815.pdf
13076,,"July 01, 2026","Reserve Bank of India (Local Area Banks – Credit Information Reporting) Directions, 2025 (Updated as on July 01, 2026)",https://rbidocs.rbi.org.in/rdocs/Notification/PDFs/231MD.PDF,data\full_dataset\rbi\pdf\Reserve_Bank_of_India__Local_Area_Banks___Credit_Information_Reporting__Directions__2025__Updated_as_on_July_01__2026___f58c5269.pdf
13075,,"July 01, 2026","Reserve Bank of India (Local Area Banks – Credit Risk Management) Directions, 2025 (Updated as on July 01, 2026)",https://rbidocs.rbi.org.in/rdocs/Notification/PDFs/232MD.PDF,data\full_dataset\rbi\pdf\Reserve_Bank_of_India__Local_Area_Banks___Credit_Risk_Management__Directions__2025__Updated_as_on_July_01__2026___f25305b1.pdf
13074,,"November 28, 2025","Reserve Bank of India (Local Area Banks – Concentration Risk Management) Directions, 2025",https://rbidocs.rbi.org.in/rdocs/Notification/PDFs/233MD.PDF,data\full_dataset\rbi\pdf\Reserve_Bank_of_India__Local_Area_Banks___Concentration_Risk_Management__Directions__2025__398a0e8b.pdf
13073,,"November 28, 2025","Reserve Bank of India (Local Area Banks – Transfer and Distribution of Credit Risk) Directions, 2025",https://rbidocs.rbi.org.in/rdocs/Notification/PDFs/234MD.PDF,data\full_dataset\rbi\pdf\Reserve_Bank_of_India__Local_Area_Banks___Transfer_and_Distribution_of_Credit_Risk__Directions__2025__be32acb8.pdf
13072,,"November 28, 2025","Reserve Bank of India (Local Area Banks – Interest Rates on Advances) Directions, 2025",https://rbidocs.rbi.org.in/rdocs/Notification/PDFs/235MD.PDF,data\full_dataset\rbi\pdf\Reserve_Bank_of_India__Local_Area_Banks___Interest_Rates_on_Advances__Directions__2025__356358d1.pdf
13071,,"September 22, 2026","Reserve Bank of India (Local Area Banks – Classification, Valuation and Operation of Investment Portfolio) Directions, 2025 (Updated as on September 22, 2026)",https://rbidocs.rbi.org.in/rdocs/Notification/PDFs/236MD.PDF,data\full_dataset\rbi\pdf\Reserve_Bank_of_India__Local_Area_Banks___Classification__Valuation_and_Operation_of_Investment_Portfolio__Directions__2025__Updated_as_on_September_2__1c26da5a.pdf
13070,,"November 28, 2025","Reserve Bank of India (Local Area Banks – Asset Liability Management) Directions, 2025",https://rbidocs.rbi.org.in/rdocs/Notification/PDFs/237MD.PDF,data\full_dataset\rbi\pdf\Reserve_Bank_of_India__Local_Area_Banks___Asset_Liability_Management__Directions__2025__af3364d3.pdf
13069,,"July 1, 2026","Reserve Bank of India (Local Area Banks – Income Recognition, Asset Classification and Provisioning) Directions, 2025 (Updated as on July 1, 2026)",https://rbidocs.rbi.org.in/rdocs/Notification/PDFs/238MD.PDF,data\full_dataset\rbi\pdf\Reserve_Bank_of_India__Local_Area_Banks___Income_Recognition__Asset_Classification_and_Provisioning__Directions__2025__Updated_as_on_July_1__2026___48f97d4a.pdf
13068,,"July 1, 2026","Reserve Bank of India (Local Area Banks – Resolution of Stressed Assets) Directions, 2025 (Updated as on July 1, 2026)",https://rbidocs.rbi.org.in/rdocs/Notification/PDFs/239MD.PDF,data\full_dataset\rbi\pdf\Reserve_Bank_of_India__Local_Area_Banks___Resolution_of_Stressed_Assets__Directions__2025__Updated_as_on_July_1__2026___abe04fd2.pdf
13067,,"November 28, 2025","Reserve Bank of India (Local Area Banks – Treatment of Wilful Defaulters and Large Defaulters) Directions, 2025",https://rbidocs.rbi.org.in/rdocs/Notification/PDFs/240MD.PDF,data\full_dataset\rbi\pdf\Reserve_Bank_of_India__Local_Area_Banks___Treatment_of_Wilful_Defaulters_and_Large_Defaulters__Directions__2025__01d4ab50.pdf
13066,,"May 18, 2026","Reserve Bank of India (Local Area Banks – Financial Statements: Presentation and Disclosures) Directions, 2025 (Updated as on May 18, 2026)",https://rbidocs.rbi.org.in/rdocs/Notification/PDFs/241MD.PDF,data\full_dataset\rbi\pdf\Reserve_Bank_of_India__Local_Area_Banks___Financial_Statements__Presentation_and_Disclosures__Directions__2025__Updated_as_on_May_18__2026___8f265ec6.pdf
13065,,"November 28, 2025","Reserve Bank of India (Local Area Banks – Prudential Norms on Declaration of Dividends) Directions, 2025",https://rbidocs.rbi.org.in/rdocs/Notification/PDFs/242MD.PDF,data\full_dataset\rbi\pdf\Reserve_Bank_of_India__Local_Area_Banks___Prudential_Norms_on_Declaration_of_Dividends__Directions__2025__390a9c92.pdf
13064,,"September 18, 2026","Reserve Bank of India (Local Area Banks – Know Your Customer) Directions, 2025 (Updated as on September 18, 2026)",https://rbidocs.rbi.org.in/rdocs/Notification/PDFs/243MD.PDF,data\full_dataset\rbi\pdf\Reserve_Bank_of_India__Local_Area_Banks___Know_Your_Customer__Directions__2025__Updated_as_on_September_18__2026___debb9a90.pdf
13063,,"July 1, 2026","Reserve Bank of India (Local Area Banks - Responsible Business Conduct) Directions, 2025 (Updated as on July 1, 2026)",https://rbidocs.rbi.org.in/rdocs/Notification/PDFs/244MD.PDF,data\full_dataset\rbi\pdf\Reserve_Bank_of_India__Local_Area_Banks_-_Responsible_Business_Conduct__Directions__2025__Updated_as_on_July_1__2026___721288ef.pdf
13062,,"November 28, 2025","Reserve Bank of India (Local Area Banks – Managing Risks in Outsourcing) Directions, 2025",https://rbidocs.rbi.org.in/rdocs/Notification/PDFs/245MD.PDF,data\full_dataset\rbi\pdf\Reserve_Bank_of_India__Local_Area_Banks___Managing_Risks_in_Outsourcing__Directions__2025__4dda0df0.pdf
13061,,"April 27, 2026","Reserve Bank of India (Local Area Banks – Miscellaneous) Directions, 2025 (Updated as on April 27, 2026)",https://rbidocs.rbi.org.in/rdocs/Notification/PDFs/246MD.PDF,data\full_dataset\rbi\pdf\Reserve_Bank_of_India__Local_Area_Banks___Miscellaneous__Directions__2025__Updated_as_on_April_27__2026___cc116852.pdf
13060,,"November 28, 2025","Reserve Bank of India (Regional Rural Banks – Branch Authorisation) Directions, 2025",https://rbidocs.rbi.org.in/rdocs/Notification/PDFs/247MD.PDF,data\full_dataset\rbi\pdf\Reserve_Bank_of_India__Regional_Rural_Banks___Branch_Authorisation__Directions__2025__1205aee9.pdf
13059,,"November 28, 2025","Reserve Bank of India (Regional Rural Banks – Digital Banking Channels Authorisation) Directions, 2025",https://rbidocs.rbi.org.in/rdocs/Notification/PDFs/384MD.PDF,data\full_dataset\rbi\pdf\Reserve_Bank_of_India__Regional_Rural_Banks___Digital_Banking_Channels_Authorisation__Directions__2025__daa431dd.pdf
13058,,"April 27, 2026","Reserve Bank of India (Regional Rural Banks – Undertaking of Financial Services) Directions, 2025 (Updated as on April 27, 2026)",https://rbidocs.rbi.org.in/rdocs/Notification/PDFs/248MD.PDF,data\full_dataset\rbi\pdf\Reserve_Bank_of_India__Regional_Rural_Banks___Undertaking_of_Financial_Services__Directions__2025__Updated_as_on_April_27__2026___fae651fe.pdf
13057,,"November 28, 2025","Reserve Bank of India (Regional Rural Banks – Governance) Directions, 2025",https://rbidocs.rbi.org.in/rdocs/Notification/PDFs/249MD.PDF,data\full_dataset\rbi\pdf\Reserve_Bank_of_India__Regional_Rural_Banks___Governance__Directions__2025__cb15c1da.pdf
13056,,"August 25, 2026","Reserve Bank of India (Regional Rural Banks – Cash Reserve Ratio and Statutory Liquidity Ratio) Directions, 2025 (Updated as on August 25, 2026)",https://rbidocs.rbi.org.in/rdocs/Notification/PDFs/250MD.PDF,data\full_dataset\rbi\pdf\Reserve_Bank_of_India__Regional_Rural_Banks___Cash_Reserve_Ratio_and_Statutory_Liquidity_Ratio__Directions__2025__Updated_as_on_August_25__2026___7998bf35.pdf
13055,,"June 16, 2026","Reserve Bank of India (Regional Rural Banks - Prudential Norms on Capital Adequacy) Directions, 2025 (Updated as on June 16, 2026)",https://rbidocs.rbi.org.in/rdocs/Notification/PDFs/251MD.PDF,data\full_dataset\rbi\pdf\Reserve_Bank_of_India__Regional_Rural_Banks_-_Prudential_Norms_on_Capital_Adequacy__Directions__2025__Updated_as_on_June_16__2026___fd0ef6d0.pdf
13054,,"August 25, 2026","Reserve Bank of India (Regional Rural Banks – Interest Rate on Deposits) Directions, 2025 (Updated as on August 25, 2026)",https://rbidocs.rbi.org.in/rdocs/Notification/PDFs/252MD.PDF,data\full_dataset\rbi\pdf\Reserve_Bank_of_India__Regional_Rural_Banks___Interest_Rate_on_Deposits__Directions__2025__Updated_as_on_August_25__2026___59501316.pdf
13053,,"April 01, 2026","Reserve Bank of India (Regional Rural Banks – Credit Facilities) Directions, 2025 (Updated as on April 01, 2026)",https://rbidocs.rbi.org.in/rdocs/Notification/PDFs/253MD.PDF,data\full_dataset\rbi\pdf\Reserve_Bank_of_India__Regional_Rural_Banks___Credit_Facilities__Directions__2025__Updated_as_on_April_01__2026___df77a51b.pdf
13052,,"November 28, 2025","Reserve Bank of India (Regional Rural Banks – Credit Cards and Debit Cards: Issuance and Conduct) Directions, 2025",https://rbidocs.rbi.org.in/rdocs/Notification/PDFs/254MD.PDF,data\full_dataset\rbi\pdf\Reserve_Bank_of_India__Regional_Rural_Banks___Credit_Cards_and_Debit_Cards__Issuance_and_Conduct__Directions__2025__be212fca.pdf
13051,,"July 01, 2026","Reserve Bank of India (Regional Rural Banks – Credit Information Reporting) Directions, 2025 (Updated as on July 01, 2026)",https://rbidocs.rbi.org.in/rdocs/Notification/PDFs/255MD.PDF,data\full_dataset\rbi\pdf\Reserve_Bank_of_India__Regional_Rural_Banks___Credit_Information_Reporting__Directions__2025__Updated_as_on_July_01__2026___cb1b9755.pdf
13050,,"July 01, 2026","Reserve Bank of India (Regional Rural Banks – Credit Risk Management) Directions, 2025 (updated as on July 01, 2026)",https://rbidocs.rbi.org.in/rdocs/Notification/PDFs/256MD.PDF,data\full_dataset\rbi\pdf\Reserve_Bank_of_India__Regional_Rural_Banks___Credit_Risk_Management__Directions__2025__updated_as_on_July_01__2026___93058435.pdf
13049,,"November 28, 2025","Reserve Bank of India (Regional Rural Banks – Concentration Risk Management) Directions, 2025",https://rbidocs.rbi.org.in/rdocs/Notification/PDFs/257MD.PDF,data\full_dataset\rbi\pdf\Reserve_Bank_of_India__Regional_Rural_Banks___Concentration_Risk_Management__Directions__2025__abae1e67.pdf
13048,,"November 28, 2025","Reserve Bank of India (Regional Rural Banks – Transfer and Distribution of Credit Risk) Directions, 2025",https://rbidocs.rbi.org.in/rdocs/Notification/PDFs/258MD.PDF,data\full_dataset\rbi\pdf\Reserve_Bank_of_India__Regional_Rural_Banks___Transfer_and_Distribution_of_Credit_Risk__Directions__2025__9f5ed855.pdf
13047,,"November 28, 2025","Reserve Bank of India (Regional Rural Banks – Interest Rates on Advances) Directions, 2025",https://rbidocs.rbi.org.in/rdocs/Notification/PDFs/259MD.PDF,data\full_dataset\rbi\pdf\Reserve_Bank_of_India__Regional_Rural_Banks___Interest_Rates_on_Advances__Directions__2025__a2b2fb47.pdf
13046,,"May 18, 2026","Reserve Bank of India (Regional Rural Banks – Classification, Valuation and Operation of Investment Portfolio) Directions, 2025 (Updated as on May 18, 2026)",https://rbidocs.rbi.org.in/rdocs/Notification/PDFs/260MD.PDF,data\full_dataset\rbi\pdf\Reserve_Bank_of_India__Regional_Rural_Banks___Classification__Valuation_and_Operation_of_Investment_Portfolio__Directions__2025__Updated_as_on_May_18___fc230e17.pdf
13045,,"November 28, 2025","Reserve Bank of India (Regional Rural Banks – Asset Liability Management) Directions, 2025",https://rbidocs.rbi.org.in/rdocs/Notification/PDFs/261MD.PDF,data\full_dataset\rbi\pdf\Reserve_Bank_of_India__Regional_Rural_Banks___Asset_Liability_Management__Directions__2025__ec1add16.pdf
13044,,"July 01, 2026","Reserve Bank of India (Regional Rural Banks – Income Recognition, Asset Classification and Provisioning) Directions, 2025 (updated as on July 01, 2026)",https://rbidocs.rbi.org.in/rdocs/Notification/PDFs/262MD.PDF,data\full_dataset\rbi\pdf\Reserve_Bank_of_India__Regional_Rural_Banks___Income_Recognition__Asset_Classification_and_Provisioning__Directions__2025__updated_as_on_July_01__2026__89942f11.pdf
13043,,"July 01, 2026","Reserve Bank of India (Regional Rural Banks – Resolution of Stressed Assets) Directions, 2025 (updated as on July 01, 2026)",https://rbidocs.rbi.org.in/rdocs/Notification/PDFs/263MD.PDF,data\full_dataset\rbi\pdf\Reserve_Bank_of_India__Regional_Rural_Banks___Resolution_of_Stressed_Assets__Directions__2025__updated_as_on_July_01__2026___13192be0.pdf
13042,,"November 28, 2025",,https://rbidocs.rbi.org.in/rdocs/Notification/PDFs/264MDC9E9F8DD7A7D4A0D8C7661B8589E8605.PDF,data\full_dataset\rbi\pdf\bb97254862da__bb972548.pdf
13041,,"April 1, 2026","Reserve Bank of India (Regional Rural Banks – Financial Statements: Presentation and Disclosures) Directions, 2025 (Updated as on April 1, 2026)",https://rbidocs.rbi.org.in/rdocs/Notification/PDFs/265MD4C8ABA19A5194D39A7AD1071676C3060.PDF,data\full_dataset\rbi\pdf\Reserve_Bank_of_India__Regional_Rural_Banks___Financial_Statements__Presentation_and_Disclosures__Directions__2025__Updated_as_on_April_1__2026___3e6a2a8f.pdf
13040,,"September 18, 2026","Reserve Bank of India (Regional Rural Banks – Know Your Customer) Directions, 2025 (Updated as on September 18, 2026)",https://rbidocs.rbi.org.in/rdocs/Notification/PDFs/266MDB4BD80DE4B394A50808E81ACC3A2358E.PDF,data\full_dataset\rbi\pdf\Reserve_Bank_of_India__Regional_Rural_Banks___Know_Your_Customer__Directions__2025__Updated_as_on_September_18__2026___e61bb52e.pdf
13039,,"July 1, 2026","Reserve Bank of India (Regional Rural Banks – Responsible Business Conduct) Directions, 2025 (Updated as on July 1, 2026)",https://rbidocs.rbi.org.in/rdocs/Notification/PDFs/267MD96B7D24557AC47BFB051A5301120FFBB.PDF,data\full_dataset\rbi\pdf\Reserve_Bank_of_India__Regional_Rural_Banks___Responsible_Business_Conduct__Directions__2025__Updated_as_on_July_1__2026___ac555730.pdf
13038,,"November 28, 2025","Reserve Bank of India (Regional Rural Banks – Miscellaneous) Directions, 2025",https://rbidocs.rbi.org.in/rdocs/Notification/PDFs/268MD4759833478EF4A88898144BF91E4EE1B.PDF,data\full_dataset\rbi\pdf\Reserve_Bank_of_India__Regional_Rural_Banks___Miscellaneous__Directions__2025__02e0b105.pdf
13037,,,"Reserve Bank of India (Urban Co-operative Banks – Licensing, Scheduling and Regulatory Classification) Guidelines, 2025",https://rbidocs.rbi.org.in/rdocs/Notification/PDFs/269MDA8F99E5A672440648295DA0232A6FB65.PDF,data\full_dataset\rbi\pdf\Reserve_Bank_of_India__Urban_Co-operative_Banks___Licensing__Scheduling_and_Regulatory_Classification__Guidelines__2025__0c445059.pdf
13036,,"November 28, 2025","Reserve Bank of India (Urban Co-operative Banks – Voluntary Amalgamation) Directions, 2025",https://rbidocs.rbi.org.in/rdocs/Notification/PDFs/270MD0F410014D53F4900814935480D096DDA.PDF,data\full_dataset\rbi\pdf\Reserve_Bank_of_India__Urban_Co-operative_Banks___Voluntary_Amalgamation__Directions__2025__32248033.pdf
13035,,,"Reserve Bank of India (Urban Co-operative Banks – Branch Authorisation) Directions, 2025",https://rbidocs.rbi.org.in/rdocs/Notification/PDFs/271MDB844E1A63DD34750B8C2A09BE160DBDD.PDF,data\full_dataset\rbi\pdf\Reserve_Bank_of_India__Urban_Co-operative_Banks___Branch_Authorisation__Directions__2025__c5572c60.pdf
13034,,"November 28, 2025","Reserve Bank of India (Urban Co-operative Banks – Digital Banking Channels Authorisation) Directions, 2025",https://rbidocs.rbi.org.in/rdocs/Notification/PDFs/385MDE9EEBCE5D5EA40C5AD9FD122507E94F8.PDF,data\full_dataset\rbi\pdf\Reserve_Bank_of_India__Urban_Co-operative_Banks___Digital_Banking_Channels_Authorisation__Directions__2025__c6f802f3.pdf
13033,,"April 27, 2026","Reserve Bank of India (Urban Co-operative Banks – Undertaking of Financial Services) Directions, 2025 (Updated as on April 27, 2026)",https://rbidocs.rbi.org.in/rdocs/Notification/PDFs/272MD6C9694D129BC4A769CBCD6B206A345B5.PDF,data\full_dataset\rbi\pdf\Reserve_Bank_of_India__Urban_Co-operative_Banks___Undertaking_of_Financial_Services__Directions__2025__Updated_as_on_April_27__2026___1cc5a04d.pdf
13032,,"May 25, 2026","Reserve Bank of India (Urban Co-operative Banks - Governance) Directions, 2025 (Updated as on May 25, 2026)",https://rbidocs.rbi.org.in/rdocs/Notification/PDFs/273MD1E2C8ADF7F3D4881933547E0AAABCFA4.PDF,data\full_dataset\rbi\pdf\Reserve_Bank_of_India__Urban_Co-operative_Banks_-_Governance__Directions__2025__Updated_as_on_May_25__2026___6295dabf.pdf
13031,,"August 25, 2026","Reserve Bank of India (Urban Co-operative Banks – Cash Reserve Ratio and Statutory Liquidity Ratio) Directions, 2025 (Updated as on August 25, 2026)",https://rbidocs.rbi.org.in/rdocs/Notification/PDFs/274MD3A0AEE03DF1B4F39BB0F0B91BFC73A05.PDF,data\full_dataset\rbi\pdf\Reserve_Bank_of_India__Urban_Co-operative_Banks___Cash_Reserve_Ratio_and_Statutory_Liquidity_Ratio__Directions__2025__Updated_as_on_August_25__2026___876c578d.pdf
13030,,"June 16, 2026","Reserve Bank of India (Urban Co-operative Banks - Prudential Norms on Capital Adequacy) Directions, 2025 (Updated as on June 16, 2026)",https://rbidocs.rbi.org.in/rdocs/Notification/PDFs/275MD3D20366A706C4C13B4FA21A3DC0451A1.PDF,data\full_dataset\rbi\pdf\Reserve_Bank_of_India__Urban_Co-operative_Banks_-_Prudential_Norms_on_Capital_Adequacy__Directions__2025__Updated_as_on_June_16__2026___8c1b891b.pdf
13029,,"August 25, 2026","Reserve Bank of India (Urban Co-operative Banks – Interest Rate on Deposits) Directions, 2025 (Updated as on August 25, 2026)",https://rbidocs.rbi.org.in/rdocs/Notification/PDFs/276MD926CB0F1D85C4C7981A81F01AAEE0D13.PDF,data\full_dataset\rbi\pdf\Reserve_Bank_of_India__Urban_Co-operative_Banks___Interest_Rate_on_Deposits__Directions__2025__Updated_as_on_August_25__2026___394444ee.pdf
13028,,"July 15, 2026","Reserve Bank of India (Urban Co-operative Banks – Credit Facilities) Directions, 2025 (Updated as on July 15, 2026)",https://rbidocs.rbi.org.in/rdocs/Notification/PDFs/277MDFF00147367D64F02899A3A756CDA9093.PDF,data\full_dataset\rbi\pdf\Reserve_Bank_of_India__Urban_Co-operative_Banks___Credit_Facilities__Directions__2025__Updated_as_on_July_15__2026___2c52eb6e.pdf
13027,,"November 28, 2025","Reserve Bank of India (Urban Co-operative Banks – Credit Cards and Debit Cards: Issuance and Conduct) Directions, 2025",https://rbidocs.rbi.org.in/rdocs/Notification/PDFs/278MD2C704B1C34BF4E1BB8F6B710190D4E6C.PDF,data\full_dataset\rbi\pdf\Reserve_Bank_of_India__Urban_Co-operative_Banks___Credit_Cards_and_Debit_Cards__Issuance_and_Conduct__Directions__2025__e2db2177.pdf
13026,,"July 01, 2026","Reserve Bank of India (Urban Co-operative Banks – Credit Information Reporting) Directions, 2025 (Updated as on July 01, 2026)",https://rbidocs.rbi.org.in/rdocs/Notification/PDFs/279MD3334DC0D4F8F43068FA37F74DED62382.PDF,data\full_dataset\rbi\pdf\Reserve_Bank_of_India__Urban_Co-operative_Banks___Credit_Information_Reporting__Directions__2025__Updated_as_on_July_01__2026___5ac6dc31.pdf
13025,,"July 01, 2026","Reserve Bank of India (Urban Co-operative Banks – Credit Risk Management) Directions, 2025 (Updated as on July 01, 2026)",https://rbidocs.rbi.org.in/rdocs/Notification/PDFs/280MD71ABEC5E655C4CE7816646F849E5CB29.PDF,data\full_dataset\rbi\pdf\Reserve_Bank_of_India__Urban_Co-operative_Banks___Credit_Risk_Management__Directions__2025__Updated_as_on_July_01__2026___52d0f334.pdf
13024,,"November 28, 2025","Reserve Bank of India (Urban Co-operative Banks – Concentration Risk Management) Directions, 2025",https://rbidocs.rbi.org.in/rdocs/Notification/PDFs/281MD5AD018D50ACD4B10AF51DD504AD3DDB3.PDF,data\full_dataset\rbi\pdf\Reserve_Bank_of_India__Urban_Co-operative_Banks___Concentration_Risk_Management__Directions__2025__7257522c.pdf
13023,,"November 28, 2025","Reserve Bank of India (Urban Co-operative Banks – Transfer and Distribution of Credit Risk) Directions, 2025",https://rbidocs.rbi.org.in/rdocs/Notification/PDFs/282MD963601BD314543AD8105FDAFACD3AA91.PDF,data\full_dataset\rbi\pdf\Reserve_Bank_of_India__Urban_Co-operative_Banks___Transfer_and_Distribution_of_Credit_Risk__Directions__2025__b651c735.pdf
13022,,"November 28, 2025","Reserve Bank of India (Urban Co-operative Banks – Interest Rates on Advances) Directions, 2025",https://rbidocs.rbi.org.in/rdocs/Notification/PDFs/283MDC3CE849D1EE047478359BA164A180EB2.PDF,data\full_dataset\rbi\pdf\Reserve_Bank_of_India__Urban_Co-operative_Banks___Interest_Rates_on_Advances__Directions__2025__75b3a977.pdf
13021,,"September 2, 2026","Reserve Bank of India (Urban Co-operative Banks – Classification, Valuation and Operation of Investment Portfolio) Directions, 2025 (Updated as on September 2, 2026)",https://rbidocs.rbi.org.in/rdocs/Notification/PDFs/284MD47AE1D934ED549E2AEB98E30D3A85A57.PDF,data\full_dataset\rbi\pdf\Reserve_Bank_of_India__Urban_Co-operative_Banks___Classification__Valuation_and_Operation_of_Investment_Portfolio__Directions__2025__Updated_as_on_Sep__304582ea.pdf
13020,,"November 28, 2025","Reserve Bank of India (Urban Co-operative Banks – Asset Liability Management) Directions, 2025",https://rbidocs.rbi.org.in/rdocs/Notification/PDFs/285MDF435283E73444E45A54EC8764ABCC848.PDF,data\full_dataset\rbi\pdf\Reserve_Bank_of_India__Urban_Co-operative_Banks___Asset_Liability_Management__Directions__2025__831f60d4.pdf
13019,,"July 01, 2026","Reserve Bank of India (Urban Co-operative Banks – Income Recognition, Asset Classification and Provisioning) Directions, 2025 (updated as on July 01, 2026)",https://rbidocs.rbi.org.in/rdocs/Notification/PDFs/286MD85DCC2671BCB41DC8B0714812DAB799A.PDF,data\full_dataset\rbi\pdf\Reserve_Bank_of_India__Urban_Co-operative_Banks___Income_Recognition__Asset_Classification_and_Provisioning__Directions__2025__updated_as_on_July_01____3f37acbd.pdf
13018,,"July 1, 2026","Reserve Bank of India (Urban Co-operative Banks – Resolution of Stressed Assets) Directions, 2025 (Updated as on July 1, 2026)",https://rbidocs.rbi.org.in/rdocs/Notification/PDFs/287MDF9C64E970EA74C16A6FEAB59052A0F72.PDF,data\full_dataset\rbi\pdf\Reserve_Bank_of_India__Urban_Co-operative_Banks___Resolution_of_Stressed_Assets__Directions__2025__Updated_as_on_July_1__2026___2f4ef7b4.pdf
13017,,"November 28, 2025","Reserve Bank of India (Urban Co-operative Banks – Treatment of Wilful Defaulters and Large Defaulters) Directions, 2025",https://rbidocs.rbi.org.in/rdocs/Notification/PDFs/288MDFF01AB60686C42C3A362F83E87392224.PDF,data\full_dataset\rbi\pdf\Reserve_Bank_of_India__Urban_Co-operative_Banks___Treatment_of_Wilful_Defaulters_and_Large_Defaulters__Directions__2025__985e4971.pdf
13016,,"April 1, 2026","Reserve Bank of India (Urban Co-operative Banks – Financial Statements: Presentation and Disclosures) Directions, 2025 (Updated as on April 1, 2026)",https://rbidocs.rbi.org.in/rdocs/Notification/PDFs/289MDA4C31A1342334925BEA8860F1C07A2E2.PDF,data\full_dataset\rbi\pdf\Reserve_Bank_of_India__Urban_Co-operative_Banks___Financial_Statements__Presentation_and_Disclosures__Directions__2025__Updated_as_on_April_1__2026___2a109e42.pdf
13015,,"November 28, 2025","Reserve Bank of India (Urban Co-operative Banks – Prudential Norms on Declaration of Dividends) Directions, 2025",https://rbidocs.rbi.org.in/rdocs/Notification/PDFs/290MD616350878BDB425AB674BD8F44CECA6F.PDF,data\full_dataset\rbi\pdf\Reserve_Bank_of_India__Urban_Co-operative_Banks___Prudential_Norms_on_Declaration_of_Dividends__Directions__2025__78fd59d4.pdf
13014,,"September 18, 2026","Reserve Bank of India (Urban Co-operative Banks – Know Your Customer) Directions, 2025 (Updated as on September 18, 2026)",https://rbidocs.rbi.org.in/rdocs/Notification/PDFs/291MDE108E59AC43D4C13B2D06598B296C877.PDF,data\full_dataset\rbi\pdf\Reserve_Bank_of_India__Urban_Co-operative_Banks___Know_Your_Customer__Directions__2025__Updated_as_on_September_18__2026___c4629f45.pdf
13013,,"July 1, 2026","Reserve Bank of India (Urban Co-operative Banks – Responsible Business Conduct) Directions, 2025 (Updated as on July 1, 2026)",https://rbidocs.rbi.org.in/rdocs/Notification/PDFs/292MD76099C95D4BD4139A4EBCDA2F50BEFA2.PDF,data\full_dataset\rbi\pdf\Reserve_Bank_of_India__Urban_Co-operative_Banks___Responsible_Business_Conduct__Directions__2025__Updated_as_on_July_1__2026___0df5a852.pdf
13012,,"November 28, 2025","Reserve Bank of India (Urban Co-operative Banks – Managing Risks in Outsourcing) Directions, 2025",https://rbidocs.rbi.org.in/rdocs/Notification/PDFs/293MD6D08F6482DFE4A22AF441AD601136473.PDF,data\full_dataset\rbi\pdf\Reserve_Bank_of_India__Urban_Co-operative_Banks___Managing_Risks_in_Outsourcing__Directions__2025__18262fe5.pdf
13011,,"November 28, 2025","Reserve Bank of India (Urban Co-operative Banks – Miscellaneous) Directions, 2025",https://rbidocs.rbi.org.in/rdocs/Notification/PDFs/294MDA514F8EED7554D9F8B8DC461B55E4956.PDF,data\full_dataset\rbi\pdf\Reserve_Bank_of_India__Urban_Co-operative_Banks___Miscellaneous__Directions__2025__a946c47b.pdf
13010,,"November 28, 2025","Reserve Bank of India (Rural Co-operative Banks - Voluntary Amalgamation) Directions, 2025",https://rbidocs.rbi.org.in/rdocs/Notification/PDFs/295MD1EAD13C6D93B44E98AB6A4353542054E.PDF,data\full_dataset\rbi\pdf\Reserve_Bank_of_India__Rural_Co-operative_Banks_-_Voluntary_Amalgamation__Directions__2025__298f4d81.pdf
13009,,,"Reserve Bank of India (Rural Co-operative Banks – Branch Authorisation) Directions, 2025",https://rbidocs.rbi.org.in/rdocs/Notification/PDFs/296MDE69A81DF2870419C91106E9D102F9E86.PDF,data\full_dataset\rbi\pdf\Reserve_Bank_of_India__Rural_Co-operative_Banks___Branch_Authorisation__Directions__2025__0e5b5940.pdf
13008,,"November 28, 2025","Reserve Bank of India (Rural Co-operative Banks – Digital Banking Channels Authorisation) Directions, 2025",https://rbidocs.rbi.org.in/rdocs/Notification/PDFs/386MD2EA5A2249DB94541B485F19F9D6CEC6C.PDF,data\full_dataset\rbi\pdf\Reserve_Bank_of_India__Rural_Co-operative_Banks___Digital_Banking_Channels_Authorisation__Directions__2025__675d8f02.pdf
13007,,"April 27, 2026","Reserve Bank of India (Rural Co-operative Banks – Undertaking of Financial Services) Directions, 2025 (Updated as on April 27, 2026)",https://rbidocs.rbi.org.in/rdocs/Notification/PDFs/297MD8B97C3B046D84D0BAA969029B3B4F39F.PDF,data\full_dataset\rbi\pdf\Reserve_Bank_of_India__Rural_Co-operative_Banks___Undertaking_of_Financial_Services__Directions__2025__Updated_as_on_April_27__2026___14e8ff52.pdf
13006,,"May 25, 2026","Reserve Bank of India (Rural Co-operative Banks - Governance) Directions, 2025 (Updated as on May 25, 2026)",https://rbidocs.rbi.org.in/rdocs/Notification/PDFs/298MD47439C1E67454650A666D90BDDE73AC3.PDF,data\full_dataset\rbi\pdf\Reserve_Bank_of_India__Rural_Co-operative_Banks_-_Governance__Directions__2025__Updated_as_on_May_25__2026___fdbd9be4.pdf
13005,,"August 25, 2026","Reserve Bank of India (Rural Co-operative Banks – Cash Reserve Ratio and Statutory Liquidity Ratio) Directions, 2025 (Updated as on August 25, 2026)",https://rbidocs.rbi.org.in/rdocs/Notification/PDFs/299MDEC55794FB96E4E52A5B5D0893EBE36F6.PDF,data\full_dataset\rbi\pdf\Reserve_Bank_of_India__Rural_Co-operative_Banks___Cash_Reserve_Ratio_and_Statutory_Liquidity_Ratio__Directions__2025__Updated_as_on_August_25__2026___0b3fc2e9.pdf
13004,,"May 15, 2026","Reserve Bank of India (Rural Co-operative Banks – Prudential Norms on Capital Adequacy) Directions, 2025 (Updated as on May 15, 2026)",https://rbidocs.rbi.org.in/rdocs/Notification/PDFs/300MDF58DB7A7A9564C0CA00ABE5D6A0A07F1.PDF,data\full_dataset\rbi\pdf\Reserve_Bank_of_India__Rural_Co-operative_Banks___Prudential_Norms_on_Capital_Adequacy__Directions__2025__Updated_as_on_May_15__2026___a98ddbb4.pdf
13003,,"August 25, 2026","Reserve Bank of India (Rural Co-operative Banks – Interest Rate on Deposits) Directions, 2025 (Updated as on August 25, 2026)",https://rbidocs.rbi.org.in/rdocs/Notification/PDFs/301MD61FDD3EB323E49EEA9A1DFCE704E5BF9.PDF,data\full_dataset\rbi\pdf\Reserve_Bank_of_India__Rural_Co-operative_Banks___Interest_Rate_on_Deposits__Directions__2025__Updated_as_on_August_25__2026___75fb0be8.pdf
13002,,"April 01, 2026","Reserve Bank of India (Rural Co-operative Banks – Credit Facilities) Directions, 2025 (Updated as on April 01, 2026)",https://rbidocs.rbi.org.in/rdocs/Notification/PDFs/302MD9447AEE4C3A543AA970CAF17ECD0E440.PDF,data\full_dataset\rbi\pdf\Reserve_Bank_of_India__Rural_Co-operative_Banks___Credit_Facilities__Directions__2025__Updated_as_on_April_01__2026___4bff7948.pdf
13001,,"November 28, 2025","Reserve Bank of India (Rural Co-operative Banks – Debit Cards: Issuance and Conduct) Directions, 2025",https://rbidocs.rbi.org.in/rdocs/Notification/PDFs/303MD6394576E32E84D3FA6634CBA70F0291A.PDF,data\full_dataset\rbi\pdf\Reserve_Bank_of_India__Rural_Co-operative_Banks___Debit_Cards__Issuance_and_Conduct__Directions__2025__61d83b00.pdf
13000,,"July 01, 2026","Reserve Bank of India (Rural Co-operative Banks – Credit Information Reporting) Directions, 2025 (Updated as on July 01, 2026)",https://rbidocs.rbi.org.in/rdocs/Notification/PDFs/304MDB8CFC8C99FB2410A82F9022648786BD0.PDF,data\full_dataset\rbi\pdf\Reserve_Bank_of_India__Rural_Co-operative_Banks___Credit_Information_Reporting__Directions__2025__Updated_as_on_July_01__2026___31d054a8.pdf
12999,,"July 01, 2026","Reserve Bank of India (Rural Co-operative Banks – Credit Risk Management) Directions, 2025 (Updated as on July 01, 2026)",https://rbidocs.rbi.org.in/rdocs/Notification/PDFs/305MDBAA8E20812664CD58C98C7436D919C49.PDF,data\full_dataset\rbi\pdf\Reserve_Bank_of_India__Rural_Co-operative_Banks___Credit_Risk_Management__Directions__2025__Updated_as_on_July_01__2026___ff2fec27.pdf
12998,,"November 28, 2025","Reserve Bank of India (Rural Co-operative Banks – Concentration Risk Management) Directions, 2025",https://rbidocs.rbi.org.in/rdocs/Notification/PDFs/306MD1B2E712A2C85493B9597D742B7D0723D.PDF,data\full_dataset\rbi\pdf\Reserve_Bank_of_India__Rural_Co-operative_Banks___Concentration_Risk_Management__Directions__2025__3cb23aef.pdf
12997,,"November 28, 2025","Reserve Bank of India (Rural Co-operative Banks – Transfer and Distribution of Credit Risk) Directions, 2025",https://rbidocs.rbi.org.in/rdocs/Notification/PDFs/307MDA2E3C66F4060495EB4262788206D4624.PDF,data\full_dataset\rbi\pdf\Reserve_Bank_of_India__Rural_Co-operative_Banks___Transfer_and_Distribution_of_Credit_Risk__Directions__2025__56ec18d6.pdf
12996,,"November 28, 2025","Reserve Bank of India (Rural Co-operative Banks – Interest Rates on Advances) Directions, 2025",https://rbidocs.rbi.org.in/rdocs/Notification/PDFs/308MD5EFEC2756D6C49D89939321BFA1112ED.PDF,data\full_dataset\rbi\pdf\Reserve_Bank_of_India__Rural_Co-operative_Banks___Interest_Rates_on_Advances__Directions__2025__39ff812e.pdf
12995,,"May 18, 2026","Reserve Bank of India (Rural Co-operative Banks – Classification, Valuation and Operation of Investment Portfolio) Directions, 2025 (Updated as on May 18, 2026)",https://rbidocs.rbi.org.in/rdocs/Notification/PDFs/309MDA721C4C88C1C47618967DEE0A5DD8ECF.PDF,data\full_dataset\rbi\pdf\Reserve_Bank_of_India__Rural_Co-operative_Banks___Classification__Valuation_and_Operation_of_Investment_Portfolio__Directions__2025__Updated_as_on_May__969f7b14.pdf
12994,,"November 28, 2025","Reserve Bank of India (Rural Co-operative Banks – Asset Liability Management) Directions, 2025",https://rbidocs.rbi.org.in/rdocs/Notification/PDFs/310MDB3001389A9CC4E929E5C95170219D08C.PDF,data\full_dataset\rbi\pdf\Reserve_Bank_of_India__Rural_Co-operative_Banks___Asset_Liability_Management__Directions__2025__37200b4e.pdf
12993,,"July 01, 2026","Reserve Bank of India (Rural Co-operative Banks – Income Recognition, Asset Classification and Provisioning) Directions, 2025 (Updated as on July 01, 2026)",https://rbidocs.rbi.org.in/rdocs/Notification/PDFs/311MD325E093FC9B14A5E8D968E2BFC9A7CE2.PDF,data\full_dataset\rbi\pdf\Reserve_Bank_of_India__Rural_Co-operative_Banks___Income_Recognition__Asset_Classification_and_Provisioning__Directions__2025__Updated_as_on_July_01____b855e8e1.pdf
12992,,"July 01, 2026",(a) Eligibility,https://rbidocs.rbi.org.in/rdocs/Notification/PDFs/312MDED63664A2FAD47AAA2AF35B21B42D891.PDF,data\full_dataset\rbi\pdf\_a__Eligibility__91a62938.pdf
12991,,"November 28, 2025","Reserve Bank of India (Rural Co-operative Banks – Treatment of Wilful Defaulters and Large Defaulters) Directions, 2025",https://rbidocs.rbi.org.in/rdocs/Notification/PDFs/313MD02F712F901B74064B5DFB5389AAF4635.PDF,data\full_dataset\rbi\pdf\Reserve_Bank_of_India__Rural_Co-operative_Banks___Treatment_of_Wilful_Defaulters_and_Large_Defaulters__Directions__2025__be8c1e93.pdf
12990,,"April 1, 2026",,https://rbidocs.rbi.org.in/rdocs/Notification/PDFs/314MD105FDB4D92954DC8A332FDDD468727E2.PDF,data\full_dataset\rbi\pdf\079bfe28d81f__079bfe28.pdf
12989,,"November 28, 2025","Reserve Bank of India (Rural Co-operative Banks – Prudential Norms on Declaration of Dividends) Directions, 2025",https://rbidocs.rbi.org.in/rdocs/Notification/PDFs/315MDD4D6D28D4BD84F84A93DBB459D696D04.PDF,data\full_dataset\rbi\pdf\Reserve_Bank_of_India__Rural_Co-operative_Banks___Prudential_Norms_on_Declaration_of_Dividends__Directions__2025__382c6535.pdf
12988,,"September 18, 2026","Reserve Bank of India (Rural Co-operative Banks – Know Your Customer) Directions, 2025 (Updated as on September 18, 2026)",https://rbidocs.rbi.org.in/rdocs/Notification/PDFs/316MDC827AC45BD1248DFB272637379D4128C.PDF,data\full_dataset\rbi\pdf\Reserve_Bank_of_India__Rural_Co-operative_Banks___Know_Your_Customer__Directions__2025__Updated_as_on_September_18__2026___913f5c12.pdf
12987,,"July 1, 2026","Reserve Bank of India (Rural Co-operative Banks – Responsible Business Conduct) Directions, 2025 (Updated as on July 1, 2026)",https://rbidocs.rbi.org.in/rdocs/Notification/PDFs/317MD887462600A924B8CB0DD389AC78041C5.PDF,data\full_dataset\rbi\pdf\Reserve_Bank_of_India__Rural_Co-operative_Banks___Responsible_Business_Conduct__Directions__2025__Updated_as_on_July_1__2026___cf95bb1c.pdf
12986,,"November 28, 2025","Reserve Bank of India (Rural Co-operative Banks – Managing Risks in Outsourcing) Directions, 2025",https://rbidocs.rbi.org.in/rdocs/Notification/PDFs/318MDE0794991DA36479EAF4267E99E78C5D4.PDF,data\full_dataset\rbi\pdf\Reserve_Bank_of_India__Rural_Co-operative_Banks___Managing_Risks_in_Outsourcing__Directions__2025__ddc5297a.pdf
12985,,,"Reserve Bank of India (Rural Co-operative Banks – Miscellaneous) Directions, 2025",https://rbidocs.rbi.org.in/rdocs/Notification/PDFs/319MDA20ED1B72CEF4AAB8A9598DA2D0B08FD.PDF,data\full_dataset\rbi\pdf\Reserve_Bank_of_India__Rural_Co-operative_Banks___Miscellaneous__Directions__2025__7a7c1d45.pdf
12984,,"April 27, 2026","Reserve Bank of India (All India Financial Institutions – Undertaking of Financial Services) Directions, 2025 (Updated as on April 27, 2026)",https://rbidocs.rbi.org.in/rdocs/Notification/PDFs/320MDC5714911D38A471980DD2D5D9DB3AECD.PDF,data\full_dataset\rbi\pdf\Reserve_Bank_of_India__All_India_Financial_Institutions___Undertaking_of_Financial_Services__Directions__2025__Updated_as_on_April_27__2026___1e6cd4a1.pdf
12983,"RBI/2008-09/302.DBOD.No.BP.BC.89/21.04.141/2008-09 dated December 1, 2008 .","June 16, 2026","Reserve Bank of India (All India Financial Institutions - Prudential Norms on Capital Adequacy) Directions, 2025 (Updated as on June 16, 2026)",https://rbidocs.rbi.org.in/rdocs/Notification/PDFs/321MDD26060BC94C943C8B5907F5E328E0F1B.PDF,data\full_dataset\rbi\pdf\RBI_2008-09_302.DBOD.No.BP.BC.89_21.04.141_2008-09_dated_December_1__2008___9d689b17.pdf
12982,,"November 28, 2025","Reserve Bank of India (All India Financial Institutions– Resource Raising Norms) Directions, 2025",https://rbidocs.rbi.org.in/rdocs/Notification/PDFs/322MD52B038D169F34D5C9851D5F02E1C7044.PDF,data\full_dataset\rbi\pdf\Reserve_Bank_of_India__All_India_Financial_Institutions__Resource_Raising_Norms__Directions__2025__2a12e515.pdf
12981,,"July 15, 2026","Reserve Bank of India (All India Financial Institutions – Credit Facilities) Directions, 2025 (Updated as on July 15, 2026)",https://rbidocs.rbi.org.in/rdocs/Notification/PDFs/323MDC03F7527B77E43B586042F9F3104C2B7.PDF,data\full_dataset\rbi\pdf\Reserve_Bank_of_India__All_India_Financial_Institutions___Credit_Facilities__Directions__2025__Updated_as_on_July_15__2026___b24cc5e0.pdf
12980,,"July 01, 2026","Reserve Bank of India (All India Financial Institutions – Credit Information Reporting) Directions, 2025 (Updated as on July 01, 2026)",https://rbidocs.rbi.org.in/rdocs/Notification/PDFs/324MD7A26BF797952433E8A8D59AA98A79999.PDF,data\full_dataset\rbi\pdf\Reserve_Bank_of_India__All_India_Financial_Institutions___Credit_Information_Reporting__Directions__2025__Updated_as_on_July_01__2026___fe7b1b0f.pdf
12979,,"July 01, 2026","Reserve Bank of India (All India Financial Institutions – Credit Risk Management) Directions, 2025 (Updated as on July 01, 2026)",https://rbidocs.rbi.org.in/rdocs/Notification/PDFs/325MD9D1E9340756A42F183443F73A0B46998.PDF,data\full_dataset\rbi\pdf\Reserve_Bank_of_India__All_India_Financial_Institutions___Credit_Risk_Management__Directions__2025__Updated_as_on_July_01__2026___bd401527.pdf
12978,,"November 28, 2025","Reserve Bank of India (All India Financial Institutions – Concentration Risk Management) Directions, 2025",https://rbidocs.rbi.org.in/rdocs/Notification/PDFs/326MD7CB162D66FB043AFA384B6ED63EFA5D7.PDF,data\full_dataset\rbi\pdf\Reserve_Bank_of_India__All_India_Financial_Institutions___Concentration_Risk_Management__Directions__2025__2f0e7457.pdf
12977,,"November 28, 2025","Reserve Bank of India (All India Financial Institutions – Transfer and Distribution of Credit Risk) Directions, 2025",https://rbidocs.rbi.org.in/rdocs/Notification/PDFs/327MD7EA8E880A8D64D06B8AE74D8EDF60F17.PDF,data\full_dataset\rbi\pdf\Reserve_Bank_of_India__All_India_Financial_Institutions___Transfer_and_Distribution_of_Credit_Risk__Directions__2025__e2f56103.pdf
12976,,"November 28, 2025","Reserve Bank of India (All India Financial Institutions – Securitisation Transactions) Directions, 2025",https://rbidocs.rbi.org.in/rdocs/Notification/PDFs/328MDCA89E7AD35574A5E8A94F83F329293A2.PDF,data\full_dataset\rbi\pdf\Reserve_Bank_of_India__All_India_Financial_Institutions___Securitisation_Transactions__Directions__2025__3cdbaf74.pdf
12975,,"September 22, 2026","Reserve Bank of India (All India Financial Institutions – Classification, Valuation and Operation of Investment Portfolio) Directions, 2025 (Updated as on September 22, 2026)",https://rbidocs.rbi.org.in/rdocs/Notification/PDFs/329MDB471ED6596B74577A0D9BC3296ECC859.PDF,data\full_dataset\rbi\pdf\Reserve_Bank_of_India__All_India_Financial_Institutions___Classification__Valuation_and_Operation_of_Investment_Portfolio__Directions__2025__Updated_a__a6f2004d.pdf
12974,,"November 28, 2025","Reserve Bank of India (All India Financial Institutions – Asset Liability Management) Directions, 2025",https://rbidocs.rbi.org.in/rdocs/Notification/PDFs/330MD8EE03EACE9C840B78782487A56262606.PDF,data\full_dataset\rbi\pdf\Reserve_Bank_of_India__All_India_Financial_Institutions___Asset_Liability_Management__Directions__2025__baf14d1b.pdf
12973,,"July 01, 2026","Reserve Bank of India (All India Financial Institutions – Income Recognition, Asset Classification and Provisioning) Directions, 2025 (Updated as on July 01, 2026)",https://rbidocs.rbi.org.in/rdocs/Notification/PDFs/331MD8F94924174D045A9A61DB7472C935BBB.PDF,data\full_dataset\rbi\pdf\Reserve_Bank_of_India__All_India_Financial_Institutions___Income_Recognition__Asset_Classification_and_Provisioning__Directions__2025__Updated_as_on_J__9df2cf9a.pdf
12972,,"July 1, 2026","Reserve Bank of India (All India Financial Institutions – Resolution of Stressed Assets) Directions, 2025 (Updated as on July 1, 2026)",https://rbidocs.rbi.org.in/rdocs/Notification/PDFs/332MD172466A0BC46438DB5E53C03F90E5D97.PDF,data\full_dataset\rbi\pdf\Reserve_Bank_of_India__All_India_Financial_Institutions___Resolution_of_Stressed_Assets__Directions__2025__Updated_as_on_July_1__2026___eacee986.pdf
12971,,"November 28, 2025","Reserve Bank of India (All India Financial Institutions – Treatment of Wilful Defaulters and Large Defaulters) Directions, 2025",https://rbidocs.rbi.org.in/rdocs/Notification/PDFs/333MD5058C30FAE2B4BF7A6FA46FBF5BA1860.PDF,data\full_dataset\rbi\pdf\Reserve_Bank_of_India__All_India_Financial_Institutions___Treatment_of_Wilful_Defaulters_and_Large_Defaulters__Directions__2025__e62347e5.pdf
12970,,"April 1, 2026","Reserve Bank of India (All India Financial Institutions – Financial Statements: Presentation and Disclosures) Directions, 2025 (Updated as on April 1, 2026)",https://rbidocs.rbi.org.in/rdocs/Notification/PDFs/334MDBA729BB698594DF88D0C0F8AD14D6051.PDF,data\full_dataset\rbi\pdf\Reserve_Bank_of_India__All_India_Financial_Institutions___Financial_Statements__Presentation_and_Disclosures__Directions__2025__Updated_as_on_April_1___159f78f6.pdf
12969,,"December 29, 2025","Reserve Bank of India (All India Financial Institutions – Know Your Customer) Directions, 2025 (Updated as on December 29, 2025)",https://rbidocs.rbi.org.in/rdocs/Notification/PDFs/335MDB36143CAC69041858F40094B961AD8D1.PDF,data\full_dataset\rbi\pdf\Reserve_Bank_of_India__All_India_Financial_Institutions___Know_Your_Customer__Directions__2025__Updated_as_on_December_29__2025___442a9a96.pdf
12968,,"July 1, 2026","Reserve Bank of India (All India Financial Institutions – Responsible Business Conduct) Directions, 2025 (Updated as on July 1, 2026)",https://rbidocs.rbi.org.in/rdocs/Notification/PDFs/336MDE82A669C159C41D09B212DDF2908364A.PDF,data\full_dataset\rbi\pdf\Reserve_Bank_of_India__All_India_Financial_Institutions___Responsible_Business_Conduct__Directions__2025__Updated_as_on_July_1__2026___41844b90.pdf
12967,,"November 28, 2025","Reserve Bank of India (All India Financial Institutions – Managing Risks in Outsourcing) Directions, 2025",https://rbidocs.rbi.org.in/rdocs/Notification/PDFs/337MD82046EB95DF047E7B6D4977E1D1B344E.PDF,data\full_dataset\rbi\pdf\Reserve_Bank_of_India__All_India_Financial_Institutions___Managing_Risks_in_Outsourcing__Directions__2025__348c8121.pdf
12966,,"November 28, 2025","Reserve Bank of India (All India Financial Institutions – Miscellaneous) Directions, 2025",https://rbidocs.rbi.org.in/rdocs/Notification/PDFs/338MD82DA791B78C840DA9CE556AD2F6A099E.PDF,data\full_dataset\rbi\pdf\Reserve_Bank_of_India__All_India_Financial_Institutions___Miscellaneous__Directions__2025__5de6bc03.pdf
12965,,"July 01, 2026","Reserve Bank of India (Non-Banking Financial Companies – Registration, Exemptions and Framework for Scale Based Regulation) Directions, 2025 (Updated as on July 01, 2026)",https://rbidocs.rbi.org.in/rdocs/Notification/PDFs/339MD7166A79E96D64572B378949D3972DBD1.PDF,data\full_dataset\rbi\pdf\Reserve_Bank_of_India__Non-Banking_Financial_Companies___Registration__Exemptions_and_Framework_for_Scale_Based_Regulation__Directions__2025__Updated___19726084.pdf
12964,,"November 28, 2025","Reserve Bank of India (Non-Banking Financial Companies – Acquisition of Shareholding or Control) Directions, 2025",https://rbidocs.rbi.org.in/rdocs/Notification/PDFs/340MD4B77ED4B942E4F9FBECA5673D0360BA3.PDF,data\full_dataset\rbi\pdf\Reserve_Bank_of_India__Non-Banking_Financial_Companies___Acquisition_of_Shareholding_or_Control__Directions__2025__eed3b953.pdf
12963,,"November 28, 2025","Reserve Bank of India (Non-Banking Financial Companies – Voluntary Amalgamation) Directions, 2025",https://rbidocs.rbi.org.in/rdocs/Notification/PDFs/341MDDF7F3A9C8BF2439D828E773D444D7FD3.PDF,data\full_dataset\rbi\pdf\Reserve_Bank_of_India__Non-Banking_Financial_Companies___Voluntary_Amalgamation__Directions__2025__f87293bb.pdf
12962,,"April 15, 2026","Reserve Bank of India (Non-Banking Financial Companies – Branch Authorisation) Directions, 2025 (Updated as on April 15, 2026)",https://rbidocs.rbi.org.in/rdocs/Notification/PDFs/342MD6D0E541E684A451BB4BB80C4819B2BB1.PDF,data\full_dataset\rbi\pdf\Reserve_Bank_of_India__Non-Banking_Financial_Companies___Branch_Authorisation__Directions__2025__Updated_as_on_April_15__2026___3df79695.pdf
12961,,"July 01, 2026","Reserve Bank of India (Non-Banking Financial Companies – Undertaking of Financial Services) Directions, 2025 (Updated as on July 01, 2026)",https://rbidocs.rbi.org.in/rdocs/Notification/PDFs/343MD54448C9FA65A429BB5AFADBB162904F1.PDF,data\full_dataset\rbi\pdf\Reserve_Bank_of_India__Non-Banking_Financial_Companies___Undertaking_of_Financial_Services__Directions__2025__Updated_as_on_July_01__2026___a3f0b7bd.pdf
12960,,"June 24, 2026","Reserve Bank of India (Non-Banking Financial Companies – Governance) Directions, 2025 (Updated as on June 24, 2026)",https://rbidocs.rbi.org.in/rdocs/Notification/PDFs/344MD22F0E87F6DD848919A6459236939D76F.PDF,data\full_dataset\rbi\pdf\Reserve_Bank_of_India__Non-Banking_Financial_Companies___Governance__Directions__2025__Updated_as_on_June_24__2026___6b663306.pdf
12959,,"July 01, 2026","Reserve Bank of India (Non-Banking Financial Companies – Prudential Norms on Capital Adequacy) Directions, 2025 (Updated as on July 01, 2026)",https://rbidocs.rbi.org.in/rdocs/Notification/PDFs/345MDAB71EF5B2D534D7B92C654742BDF9A77.PDF,data\full_dataset\rbi\pdf\Reserve_Bank_of_India__Non-Banking_Financial_Companies___Prudential_Norms_on_Capital_Adequacy__Directions__2025__Updated_as_on_July_01__2026___2083b2cc.pdf
12958,,"April 15, 2026","Reserve Bank of India (Non-Banking Financial Companies – Acceptance of Public Deposits) Directions, 2025 (Updated as on April 15, 2026)",https://rbidocs.rbi.org.in/rdocs/Notification/PDFs/346MD6C1FC3FFE3E84415B12A1C05642FD3E3.PDF,data\full_dataset\rbi\pdf\Reserve_Bank_of_India__Non-Banking_Financial_Companies___Acceptance_of_Public_Deposits__Directions__2025__Updated_as_on_April_15__2026___9210f1b0.pdf
12957,,"July 15, 2026","Reserve Bank of India (Non-Banking Financial Companies – Credit Facilities) Directions, 2025 (updated as on July 15, 2026)",https://rbidocs.rbi.org.in/rdocs/Notification/PDFs/347MD5CC21D3597C04354B67A42A1A4CB439C.PDF,data\full_dataset\rbi\pdf\Reserve_Bank_of_India__Non-Banking_Financial_Companies___Credit_Facilities__Directions__2025__updated_as_on_July_15__2026___0b5f49f8.pdf
12956,,"November 28, 2025","Reserve Bank of India (Non-Banking Financial Companies – Credit Cards: Issuance and Conduct) Directions, 2025",https://rbidocs.rbi.org.in/rdocs/Notification/PDFs/348MD993245D8570047299D1814811F20AFEE.PDF,data\full_dataset\rbi\pdf\Reserve_Bank_of_India__Non-Banking_Financial_Companies___Credit_Cards__Issuance_and_Conduct__Directions__2025__7b2049f1.pdf
12955,,"July 01, 2026","Reserve Bank of India (Non-Banking Financial Companies – Credit Information Reporting) Directions, 2025 (Updated as on July 01, 2026)",https://rbidocs.rbi.org.in/rdocs/Notification/PDFs/349MD04B1F5EC16D84779BC61D9CC40552401.PDF,data\full_dataset\rbi\pdf\Reserve_Bank_of_India__Non-Banking_Financial_Companies___Credit_Information_Reporting__Directions__2025__Updated_as_on_July_01__2026___f16abb3d.pdf
12954,,"July 01, 2026","Reserve Bank of India (Non-Banking Financial Companies – Credit Risk Management) Directions, 2025 (Updated as on July 01, 2026)",https://rbidocs.rbi.org.in/rdocs/Notification/PDFs/350MDEF81E70DAB50429898EB2CF07BBCA09E.PDF,data\full_dataset\rbi\pdf\Reserve_Bank_of_India__Non-Banking_Financial_Companies___Credit_Risk_Management__Directions__2025__Updated_as_on_July_01__2026___da6c970e.pdf
12953,,"August 25, 2026","Reserve Bank of India (Non-Banking Financial Companies - Concentration Risk Management) Directions, 2025 (Updated as on August 25, 2026)",https://rbidocs.rbi.org.in/rdocs/Notification/PDFs/351MD74108723E6DA484E954DB9D2C7ED184C.PDF,data\full_dataset\rbi\pdf\Reserve_Bank_of_India__Non-Banking_Financial_Companies_-_Concentration_Risk_Management__Directions__2025__Updated_as_on_August_25__2026___4a5f7bf8.pdf
12952,,"July 01, 2026","Reserve Bank of India (Non-Banking Financial Companies - Transfer and Distribution of Credit Risk) Directions, 2025 (Updated as on July 01, 2026)",https://rbidocs.rbi.org.in/rdocs/Notification/PDFs/352MDCF4E55B0ACD24FCC8AED1C715997F0F9.PDF,data\full_dataset\rbi\pdf\Reserve_Bank_of_India__Non-Banking_Financial_Companies_-_Transfer_and_Distribution_of_Credit_Risk__Directions__2025__Updated_as_on_July_01__2026___68bbf3be.pdf
12951,,"July 01, 2026","Reserve Bank of India (Non-Banking Financial Companies – Securitisation Transactions) Directions, 2025 (Updated as on July 01, 2026)",https://rbidocs.rbi.org.in/rdocs/Notification/PDFs/353MD9A35481FC07E4D1199A62E5C2356B0C4.PDF,data\full_dataset\rbi\pdf\Reserve_Bank_of_India__Non-Banking_Financial_Companies___Securitisation_Transactions__Directions__2025__Updated_as_on_July_01__2026___87790901.pdf
12950,,"July 01, 2026","Reserve Bank of India (Non-Banking Financial Companies – Classification, Valuation and Operation of Investment Portfolio) Directions, 2025 (Updated as on July 01, 2026)",https://rbidocs.rbi.org.in/rdocs/Notification/PDFs/354MD1F909E42C44E481085D47ECF16A9EE26.PDF,data\full_dataset\rbi\pdf\Reserve_Bank_of_India__Non-Banking_Financial_Companies___Classification__Valuation_and_Operation_of_Investment_Portfolio__Directions__2025__Updated_as__9c66c38d.pdf
12949,,"July 01, 2026","Reserve Bank of India (Non-Banking Financial Companies – Asset Liability Management) Directions, 2025 (Updated as on July 01, 2026)",https://rbidocs.rbi.org.in/rdocs/Notification/PDFs/355MDDFD8E87964DD4F529248131781B5812F.PDF,data\full_dataset\rbi\pdf\Reserve_Bank_of_India__Non-Banking_Financial_Companies___Asset_Liability_Management__Directions__2025__Updated_as_on_July_01__2026___71063661.pdf
12948,,"July 01, 2026","Reserve Bank of India (Non-Banking Financial Companies – Income Recognition, Asset Classification and Provisioning) Directions, 2025 (updated as on July 01, 2026)",https://rbidocs.rbi.org.in/rdocs/Notification/PDFs/356MD4F8109CA54BE44A9805C5300601F8A11.PDF,data\full_dataset\rbi\pdf\Reserve_Bank_of_India__Non-Banking_Financial_Companies___Income_Recognition__Asset_Classification_and_Provisioning__Directions__2025__updated_as_on_Ju__b19fcbcd.pdf
12947,,"July 1, 2026","Reserve Bank of India (Non-Banking Financial Companies – Resolution of Stressed Assets) Directions, 2025 (updated as on July 1, 2026)",https://rbidocs.rbi.org.in/rdocs/Notification/PDFs/357MD501BDDC9758E40B592D1AD2D919CC6AF.PDF,data\full_dataset\rbi\pdf\Reserve_Bank_of_India__Non-Banking_Financial_Companies___Resolution_of_Stressed_Assets__Directions__2025__updated_as_on_July_1__2026___4c0fb9d2.pdf
12946,,"July 01, 2026","Reserve Bank of India (Non-Banking Financial Companies – Treatment of Wilful Defaulters and Large Defaulters) Directions, 2025 (Updated as on July 01, 2026)",https://rbidocs.rbi.org.in/rdocs/Notification/PDFs/358MDB0FF0CDD07C04BFAB5A97494E9BB7104.PDF,data\full_dataset\rbi\pdf\Reserve_Bank_of_India__Non-Banking_Financial_Companies___Treatment_of_Wilful_Defaulters_and_Large_Defaulters__Directions__2025__Updated_as_on_July_01___fe282b51.pdf
12945,,"July 01, 2026","Reserve Bank of India (Non-Banking Financial Companies – Financial Statements: Presentation and Disclosures) Directions, 2025 (Updated as on July 01, 2026)",https://rbidocs.rbi.org.in/rdocs/Notification/PDFs/359MD22B81FAE1AB9481BA79541602ADD032D.PDF,data\full_dataset\rbi\pdf\Reserve_Bank_of_India__Non-Banking_Financial_Companies___Financial_Statements__Presentation_and_Disclosures__Directions__2025__Updated_as_on_July_01____1013ed13.pdf
12944,,"July 01, 2026",,https://rbidocs.rbi.org.in/rdocs/Notification/PDFs/360MD1E07039E1DCA455B8CCB9D0C4BFD4BBE.PDF,data\full_dataset\rbi\pdf\37b3359d2f62__37b3359d.pdf
12943,,"December 29, 2025","Reserve Bank of India (Non-Banking Financial Companies – Know Your Customer) Directions, 2025 (Updated as on December 29, 2025)",https://rbidocs.rbi.org.in/rdocs/Notification/PDFs/361MD1E2F8EA063454AD5AFA1D02A1BA5ACA7.PDF,data\full_dataset\rbi\pdf\Reserve_Bank_of_India__Non-Banking_Financial_Companies___Know_Your_Customer__Directions__2025__Updated_as_on_December_29__2025___c7c2dbda.pdf
12942,,"July 1, 2026","Reserve Bank of India (Non-Banking Financial Companies – Responsible Business Conduct) Directions, 2025 (Updated as on July 1, 2026)",https://rbidocs.rbi.org.in/rdocs/Notification/PDFs/362MD26CA543937BA439A97E1BCFC08CF5808.PDF,data\full_dataset\rbi\pdf\Reserve_Bank_of_India__Non-Banking_Financial_Companies___Responsible_Business_Conduct__Directions__2025__Updated_as_on_July_1__2026___12f703cf.pdf
12941,,"November 28, 2025","Reserve Bank of India (Non-Banking Financial Companies – Managing Risks in Outsourcing) Directions, 2025",https://rbidocs.rbi.org.in/rdocs/Notification/PDFs/363MD40F22B0CDF734E3C884A9CBCE5DF9194.PDF,data\full_dataset\rbi\pdf\Reserve_Bank_of_India__Non-Banking_Financial_Companies___Managing_Risks_in_Outsourcing__Directions__2025__6e2d95d3.pdf
12940,,"November 28, 2025",11. External Review,https://rbidocs.rbi.org.in/rdocs/Notification/PDFs/364MD89C593EA3A124B1491E797D1A752110F.PDF,data\full_dataset\rbi\pdf\11._External_Review__ef394570.pdf
12939,,"April 15, 2026","Reserve Bank of India (Housing Finance Companies) Directions, 2025 (Updated as on April 15, 2026)",https://rbidocs.rbi.org.in/rdocs/Notification/PDFs/365MD8214102C853241B98E06B2123AB42657.PDF,data\full_dataset\rbi\pdf\Reserve_Bank_of_India__Housing_Finance_Companies__Directions__2025__Updated_as_on_April_15__2026___bd48be1f.pdf
12938,,"March 10, 2026",.,https://rbidocs.rbi.org.in/rdocs/Notification/PDFs/366MDF8A3AEF00BF24FFC8FA8F1B096F8E054.PDF,data\full_dataset\rbi\pdf\untitled__d2698c92.pdf
12937,,"March 10, 2026","Reserve Bank of India (Core Investment Companies) Directions, 2025 (Updated as on March 10, 2026)",https://rbidocs.rbi.org.in/rdocs/Notification/PDFs/367MD6F29605A9F984829B1DDFA72799197BB.PDF,data\full_dataset\rbi\pdf\Reserve_Bank_of_India__Core_Investment_Companies__Directions__2025__Updated_as_on_March_10__2026___e72d7c3f.pdf
12936,,"November 28, 2025","Reserve Bank of India (Non-Banking Financial Companies - Account Aggregator) Directions, 2025",https://rbidocs.rbi.org.in/rdocs/Notification/PDFs/368MDA3A72C813679452CB0A291E6B300DB59.PDF,data\full_dataset\rbi\pdf\Reserve_Bank_of_India__Non-Banking_Financial_Companies_-_Account_Aggregator__Directions__2025__6cfa6b08.pdf
12935,,"March 10, 2026",,https://rbidocs.rbi.org.in/rdocs/Notification/PDFs/369MD595FB8D5A60A4858AEADC3DA61569214.PDF,data\full_dataset\rbi\pdf\49324ac5b624__49324ac5.pdf
12934,,"November 28, 2025","Reserve Bank of India (Non-Banking Financial Companies – Peer to Peer Lending Platform) Directions, 2025",https://rbidocs.rbi.org.in/rdocs/Notification/PDFs/370MD60843CF99DE6468CA026BF367311796E.PDF,data\full_dataset\rbi\pdf\Reserve_Bank_of_India__Non-Banking_Financial_Companies___Peer_to_Peer_Lending_Platform__Directions__2025__e58407bf.pdf
12933,,"November 28, 2025","Reserve Bank of India (Non-Banking Financial Companies – Microfinance Institution) Directions, 2025",https://rbidocs.rbi.org.in/rdocs/Notification/PDFs/371MD93444E1CFB2749C6A9F8F0182794522B.PDF,data\full_dataset\rbi\pdf\Reserve_Bank_of_India__Non-Banking_Financial_Companies___Microfinance_Institution__Directions__2025__9af415e3.pdf
12932,,"December 05, 2025","Reserve Bank of India (Non-Operative Financial Holding Companies) Directions, 2025 (Updated as on December 05, 2025)",https://rbidocs.rbi.org.in/rdocs/Notification/PDFs/372MD72894C1BCD6646C582BDF57824ED849B.PDF,data\full_dataset\rbi\pdf\Reserve_Bank_of_India__Non-Operative_Financial_Holding_Companies__Directions__2025__Updated_as_on_December_05__2025___c2798eb0.pdf
12931,,"February 26, 2026","Reserve Bank of India (Non-Banking Financial Companies – Miscellaneous) Directions, 2025 (Updated as on February 26, 2026)",https://rbidocs.rbi.org.in/rdocs/Notification/PDFs/373MD7F3656C99F764E2F9CE1BC4A1337861F.PDF,data\full_dataset\rbi\pdf\Reserve_Bank_of_India__Non-Banking_Financial_Companies___Miscellaneous__Directions__2025__Updated_as_on_February_26__2026___445795a6.pdf
12930,,"March 10, 2026","Reserve Bank of India (Asset Reconstruction Companies) Directions, 2025 (Updated as on March 10, 2026)",https://rbidocs.rbi.org.in/rdocs/Notification/PDFs/374MD5EB12B213C134165BBC19F6F9B01434A.PDF,data\full_dataset\rbi\pdf\Reserve_Bank_of_India__Asset_Reconstruction_Companies__Directions__2025__Updated_as_on_March_10__2026___1f9918b6.pdf
12929,,"July 01, 2026","Reserve Bank of India (Asset Reconstruction Companies – Credit Information Reporting) Directions, 2025 (Updated as on July 01, 2026)",https://rbidocs.rbi.org.in/rdocs/Notification/PDFs/375MD4501F9CAB74942A5862702FA20D4F275.PDF,data\full_dataset\rbi\pdf\Reserve_Bank_of_India__Asset_Reconstruction_Companies___Credit_Information_Reporting__Directions__2025__Updated_as_on_July_01__2026___2ee0eb12.pdf
12928,,"November 28, 2025","Reserve Bank of India (Asset Reconstruction Companies – Treatment of Wilful Defaulters and Large Defaulters) Directions, 2025",https://rbidocs.rbi.org.in/rdocs/Notification/PDFs/376MD90C9663D1BA3430989254B93FFC0C975.PDF,data\full_dataset\rbi\pdf\Reserve_Bank_of_India__Asset_Reconstruction_Companies___Treatment_of_Wilful_Defaulters_and_Large_Defaulters__Directions__2025__4fc291aa.pdf
12927,,"December 29, 2025","Reserve Bank of India (Asset Reconstruction Companies – Know Your Customer) Directions, 2025 (Updated as on December 29, 2025)",https://rbidocs.rbi.org.in/rdocs/Notification/PDFs/377MDC2C0B12BF5FA4716B1186CBAFBAEE6DC.PDF,data\full_dataset\rbi\pdf\Reserve_Bank_of_India__Asset_Reconstruction_Companies___Know_Your_Customer__Directions__2025__Updated_as_on_December_29__2025___cc455945.pdf
12926,,"July 01, 2026","Reserve Bank of India (Credit Information Companies) Directions, 2025 (Updated as on July 01, 2026)",https://rbidocs.rbi.org.in/rdocs/Notification/PDFs/378MD65D46FCCF0C34491B34505C6E1DACFFE.PDF,data\full_dataset\rbi\pdf\Reserve_Bank_of_India__Credit_Information_Companies__Directions__2025__Updated_as_on_July_01__2026___d20454db.pdf
12925,,"November 28, 2025","Reserve Bank of India (Credit Information Companies – Managing Risks in Outsourcing) Directions, 2025",https://rbidocs.rbi.org.in/rdocs/Notification/PDFs/379MD4FB63C400E634A6EA5E9F800150E0643.PDF,data\full_dataset\rbi\pdf\Reserve_Bank_of_India__Credit_Information_Companies___Managing_Risks_in_Outsourcing__Directions__2025__9d2eed0d.pdf
12924,,"November 24, 2025","Amendments to Directions - Compounding of Contraventions under FEMA, 1999",https://rbidocs.rbi.org.in/rdocs/Notification/PDFs/NT982EE0FA9FD61B49589A734579B17F1598.PDF,data\full_dataset\rbi\pdf\Amendments_to_Directions_-_Compounding_of_Contraventions_under_FEMA__1999__9cae356e.pdf
12923,,"November 13, 2025","Foreign Exchange Management (Export of Goods and Services) (Second Amendment) Regulations, 2025",https://rbidocs.rbi.org.in/rdocs/Notification/PDFs/FEMA20112025D4D57FD6E9794372AB0640CCFF182277.PDF,data\full_dataset\rbi\pdf\Foreign_Exchange_Management__Export_of_Goods_and_Services___Second_Amendment__Regulations__2025__932e1c61.pdf
12922,RBI/2025-26/97 DOR.AML.REC.61/14.06.001/2025-26,"November 14, 2025","Implementation of Section 51A of UAPA,1967: Updates to UNSC’s 1267/1989 ISIL (Da'esh) & Al-Qaida Sanctions List: Delisting of 02 Entries",https://rbidocs.rbi.org.in/rdocs/Notification/PDFs/NT978AB28DBE30F440049F0EEC7EEEE9D3C5.PDF,data\full_dataset\rbi\pdf\RBI_2025-26_97_DOR.AML.REC.61_14.06.001_2025-26__fc62d1a3.pdf
12921,RBI/2025-26/96 DOR.STR.REC.60/21.04.048/2025-26,"November 14, 2025","Reserve Bank of India (Trade Relief Measures) Directions, 2025",https://rbidocs.rbi.org.in/rdocs/Notification/PDFs/96NT64128BCA543F4D898521AAB983AE8F1E.PDF,data\full_dataset\rbi\pdf\RBI_2025-26_96_DOR.STR.REC.60_21.04.048_2025-26__11df0d7a.pdf
12920,,"November 11, 2025","Master Direction – Reserve Bank of India (Repurchase Transactions (Repo)) Directions, 2025",https://rbidocs.rbi.org.in/rdocs/Notification/PDFs/142MD1111202598527CBD7B6D4BFC9792D568AD07F27D.PDF,data\full_dataset\rbi\pdf\Master_Direction___Reserve_Bank_of_India__Repurchase_Transactions__Repo__Directions__2025__f7f22686.pdf
12919,RBI/2025-26/95 DOR.MCS.REC.59/01.01.003/2025-26,"October 28, 2025","Reserve Bank of India (Nomination Facility in Deposit Accounts, Safe Deposit Lockers and Articles kept in Safe Custody with the Banks) Directions, 2025",https://rbidocs.rbi.org.in/rdocs/Notification/PDFs/95NT2810202592E69F27A05943ABA54F58EE0B16E1BF.PDF,data\full_dataset\rbi\pdf\RBI_2025-26_95_DOR.MCS.REC.59_01.01.003_2025-26__c092d8f4.pdf
12918,RBI/2025-26/94 DOR.AML.REC.58/14.06.001/2025-26,"October 24, 2025",QDi.065 Name:,https://rbidocs.rbi.org.in/rdocs/Notification/PDFs/94NTC5953ED4B3784933ACE8CE5C6DFE0CB2.PDF,data\full_dataset\rbi\pdf\RBI_2025-26_94_DOR.AML.REC.58_14.06.001_2025-26__36973168.pdf
12917,RBI/2025-26/93 DOR.AML.REC.57/14.06.001/2025-26,"October 23, 2025","Implementation of Section 51A of UAPA,1967: Updates to UNSC’s 1267/ 1989 ISIL (Da'esh) & Al-Qaida Sanctions List: Amendments to 01 Entry",https://rbidocs.rbi.org.in/rdocs/Notification/PDFs/NOTI9323102025CB09C16CFD4D48C2A8D0F0271B7E05BA.PDF,data\full_dataset\rbi\pdf\RBI_2025-26_93_DOR.AML.REC.57_14.06.001_2025-26__23518524.pdf
12916,,"October 06, 2025","Foreign Exchange Management (Foreign Currency Accounts by a person resident in India) (Seventh Amendment) Regulations, 2025",https://rbidocs.rbi.org.in/rdocs/Notification/PDFs/FEMA10R061020254CCE809F5B8E40A6A3C150BD8DE38125.PDF,data\full_dataset\rbi\pdf\Foreign_Exchange_Management__Foreign_Currency_Accounts_by_a_person_resident_in_India___Seventh_Amendment__Regulations__2025__15e991c6.pdf
12915,,"October 06, 2025","Foreign Exchange Management (Borrowing and Lending) (Amendment) Regulations, 2025",https://rbidocs.rbi.org.in/rdocs/Notification/PDFs/FEMA3(R)06102025F10F8B8EE9B1E43178BB46F3DE22060F8.PDF,data\full_dataset\rbi\pdf\Foreign_Exchange_Management__Borrowing_and_Lending___Amendment__Regulations__2025__bb311b6e.pdf
12914,,"October 17, 2019","Foreign Exchange Management (Debt Instruments) (Fourth Amendment) Regulations, 2025",https://rbidocs.rbi.org.in/rdocs/Notification/PDFs/396FEMANOT09102025BD9B126278D74E08B2B67250EC850A44.PDF,data\full_dataset\rbi\pdf\Foreign_Exchange_Management__Debt_Instruments___Fourth_Amendment__Regulations__2025__702c53c2.pdf
12913,,"October 17, 2019","Foreign Exchange Management (Debt Instruments) (Third Amendment) Regulations, 2024",https://rbidocs.rbi.org.in/rdocs/Notification/PDFs/396FEMANOT09102025B0F9C7081DF342B6921114D653BF3B58.PDF,data\full_dataset\rbi\pdf\Foreign_Exchange_Management__Debt_Instruments___Third_Amendment__Regulations__2024__a759cddb.pdf
12912,RBI/2025-26/92 DOR.AML.REC.56/14.06.001/2025-26,"October 09, 2025","Implementation of Section 51A of UAPA,1967: Updates to UNSC’s 1267/ 1989 ISIL (Da'esh) & Al-Qaida Sanctions List: Amendment of 02 Entries",https://rbidocs.rbi.org.in/rdocs/Notification/PDFs/NOTI927FC8ECD740CE405FB9314712CA15D4F6.PDF,data\full_dataset\rbi\pdf\RBI_2025-26_92_DOR.AML.REC.56_14.06.001_2025-26__888d23d3.pdf
12911,,"October 07, 2025","Reserve Bank - Integrated Ombudsman Scheme, 2021 (RB-IOS, 2021)",https://rbidocs.rbi.org.in/rdocs/Notification/PDFs/RCB0710202569BB4A3B1ECE4F7786AF0F01F931A1EA.PDF,data\full_dataset\rbi\pdf\Reserve_Bank_-_Integrated_Ombudsman_Scheme__2021__RB-IOS__2021___75ad7bb3.pdf
12910,RBI/2025-26/91 A.P. (DIR Series) Circular No. 14,"October 03, 2025",International Trade Settlement in Indian Rupees (INR),https://rbidocs.rbi.org.in/rdocs/Notification/PDFs/NT918B6D8279B1CC41B8B6D664BF8019E434.PDF,data\full_dataset\rbi\pdf\RBI_2025-26_91_A.P.__DIR_Series__Circular_No._14__cdc1c146.pdf
12909,RBI/2025-26/90 A.P. (DIR Series) Circular No. 13,"October 03, 2025",Investment in Corporate Debt Securities by Persons Resident Outside India through Special Rupee Vostro account,https://rbidocs.rbi.org.in/rdocs/Notification/PDFs/NT904BF7631A474C40B9AFA2F6395726A3CE.PDF,data\full_dataset\rbi\pdf\RBI_2025-26_90_A.P.__DIR_Series__Circular_No._13__6a574880.pdf
12908,RBI/2025-26/89 A.P. (DIR Series) Circular No.12,"October 01, 2025",Export Data Processing and Monitoring System (EDPMS) & Import Data Processing and Monitoring System (IDPMS) – reconciliation of export /import entries – Review of Guidelines,https://rbidocs.rbi.org.in/rdocs/Notification/PDFs/12APDIR8DD0C87C83074E37B5DADB8B8F72E935.PDF,data\full_dataset\rbi\pdf\RBI_2025-26_89_A.P.__DIR_Series__Circular_No.12__1fcd85de.pdf
12907,RBI/2025-26/88 A.P. (DIR Series) Circular No. 11,"October 01, 2025",Merchanting Trade Transactions (MTT) – Review of time period for outlay of foreign exchange,https://rbidocs.rbi.org.in/rdocs/Notification/PDFs/APDIR11E01102025611C3BABE67B442186CD5852D572142B.PDF,data\full_dataset\rbi\pdf\RBI_2025-26_88_A.P.__DIR_Series__Circular_No._11__ab141ffe.pdf
12906,RBI/2025-26/87 DOR.CAP.REC.No.55/21.01.002/2025-26,"September 29, 2025","Reserve Bank of India (Basel III Capital Regulations - Perpetual Debt Instruments (PDI) in Additional Tier 1 Capital – Eligible Limit for Instruments Denominated in Foreign Currency/Rupee Denominated Bonds Overseas) Directions, 2025",https://rbidocs.rbi.org.in/rdocs/Notification/PDFs/NOTI_8794BAC769F40E43098C94C8B04B67622A.PDF,data\full_dataset\rbi\pdf\RBI_2025-26_87_DOR.CAP.REC.No.55_21.01.002_2025-26__732d681f.pdf
12905,RBI/2025-26/86 DOR.CAP.REC.No.54/21.01.002/2025-26,"September 29, 2025","Reserve Bank of India (Basel III Capital Regulations - Perpetual Debt Instruments (PDI) in Additional Tier 1 Capital – Eligible Limit for Instruments Denominated in Foreign Currency/Rupee Denominated Bonds Overseas) Directions, 2025",https://rbidocs.rbi.org.in/rdocs/Notification/PDFs/86NOT29092025E3A18B8B41BB42B395FC91E78FD5EB06.PDF,data\full_dataset\rbi\pdf\RBI_2025-26_86_DOR.CAP.REC.No.54_21.01.002_2025-26__d1daf95f.pdf
12904,RBI/2025-26/85 DOR.CAP.REC.No.53/21.01.002/2025-26,"September 29, 2025","Reserve Bank of India (Basel III Capital Regulations - Perpetual Debt Instruments (PDI) in Additional Tier 1 Capital – Eligible Limit for Instruments Denominated in Foreign Currency/Rupee Denominated Bonds Overseas) Directions, 2025",https://rbidocs.rbi.org.in/rdocs/Notification/PDFs/CAPITAL290920205_854976943360B5487A941F5D1C453985D0.PDF,data\full_dataset\rbi\pdf\RBI_2025-26_85_DOR.CAP.REC.No.53_21.01.002_2025-26__37580680.pdf
12903,RBI/2025-26/84 DOR.CRE.REC.52/21.01.023/2025-26,"September 29, 2025","Reserve Bank of India (Lending Against Gold and Silver Collateral) – (1st Amendment) Directions, 2025",https://rbidocs.rbi.org.in/rdocs/Notification/PDFs/LENDING29092025_848868448A3958431988DC984EA91D9B20.PDF,data\full_dataset\rbi\pdf\RBI_2025-26_84_DOR.CRE.REC.52_21.01.023_2025-26__e07fd352.pdf
12902,RBI/2025-26/83 DOR.CRE.REC.51/13.03.00/2025-26,"September 29, 2025","Reserve Bank of India (Interest Rate on Advances) (Amendment Directions), 2025",https://rbidocs.rbi.org.in/rdocs/Notification/PDFs/RATES29092025_83258C432DD8924756BD6EFFBD87167B33.PDF,data\full_dataset\rbi\pdf\RBI_2025-26_83_DOR.CRE.REC.51_13.03.00_2025-26__26e8b8fe.pdf
12901,RBI/2025-26/82 DoR.MCS.REC.50/01.01.003/2025-26,"September 26, 2025","Reserve Bank of India (Settlement of Claims in respect of Deceased Customers of Banks) Directions, 2025",https://rbidocs.rbi.org.in/rdocs/Notification/PDFs/NT82880281BD5EB444BFAE554F1C816B3376.PDF,data\full_dataset\rbi\pdf\RBI_2025-26_82_DoR.MCS.REC.50_01.01.003_2025-26__aee7ef4d.pdf
12900,"RBI/2025-26/81 CO.DPSS.RLPD.No.S680/04-07-001/2025-2026 September 26, 2025","October 3, 2025","Special Clearing in Cheque Truncation System on October 3, 2025",https://rbidocs.rbi.org.in/rdocs/Notification/PDFs/NT812DFC20E6B57B45D3BC90EE41639F41BF.PDF,data\full_dataset\rbi\pdf\RBI_2025-26_81_CO.DPSS.RLPD.No.S680_04-07-001_2025-2026_September_26__2025__eb5b2701.pdf
12899,RBI/2025-26/80 DOR.MRG.REC.49/00.00.011/2025-26,"September 26, 2025",Investment by State Co-operative Banks (StCBs) and Central Co-operative Banks (CCBs) in Shared Service Entity (SSE) established by NABARD,https://rbidocs.rbi.org.in/rdocs/Notification/PDFs/NT809DFA68C537024898A0621D67CDFBE720.PDF,data\full_dataset\rbi\pdf\RBI_2025-26_80_DOR.MRG.REC.49_00.00.011_2025-26__9312a8bf.pdf
12898,RBI/2025-26/79 CO.DPSS.POLC.No. S 668/02-14-015/2025-2026,"September 25, 2025",,https://rbidocs.rbi.org.in/rdocs/Notification/PDFs/NT79258FF36ECA8F4886B3B01F55D166C2B2.PDF,data\full_dataset\rbi\pdf\RBI_2025-26_79_CO.DPSS.POLC.No._S_668_02-14-015_2025-2026__ca18278f.pdf
12897,RBI/2025-26/78 A. P. (DIR Series) Circular No. 10,"September 22, 2025",Participation of Standalone Primary Dealers in Non-deliverable Rupee Derivative Markets,https://rbidocs.rbi.org.in/rdocs/Notification/PDFs/NOTI78DF91B56D706147F89CCC4C0F89D5EDEB.PDF,data\full_dataset\rbi\pdf\RBI_2025-26_78_A._P.__DIR_Series__Circular_No._10__a60c54e1.pdf
12896,,"September 15, 2025",Master Direction on Regulation of Payment Aggregator (PA),https://rbidocs.rbi.org.in/rdocs/Notification/PDFs/141MD7D7F25DEBF1F48449E20D685E4B014E5.PDF,data\full_dataset\rbi\pdf\Master_Direction_on_Regulation_of_Payment_Aggregator__PA___4463e369.pdf
12895,RBI/2025-26/77 CO.DPSS.ODD.No.S604/06-08-024/2025-2026,"September 05, 2025",Returns – Department of Payment and Settlement Systems – Submission in CIMS,https://rbidocs.rbi.org.in/rdocs/Notification/PDFs/NT779BED43222A504197B9F4A4A194D9967C.PDF,data\full_dataset\rbi\pdf\RBI_2025-26_77_CO.DPSS.ODD.No.S604_06-08-024_2025-2026__95c46d2c.pdf
12894,RBI/2025-26/76 DOR.AML.REC.48/14.06.001/2025-26,"August 25, 2025",A. Individuals,https://rbidocs.rbi.org.in/rdocs/Notification/PDFs/NOTI76250820256F6A8D5C06E1461E85F716F5095065F6.PDF,data\full_dataset\rbi\pdf\RBI_2025-26_76_DOR.AML.REC.48_14.06.001_2025-26__f3f1e258.pdf
12893,RBI/2025-26/75 DOR.AML.REC.46/14.01.001/2025-26,"August 14, 2025","Reserve Bank of India (Know Your Customer (KYC)) (2nd Amendment) Directions, 2025",https://rbidocs.rbi.org.in/rdocs/Notification/PDFs/75NTAB0DE83945B84839B97066E75CF26FF7.PDF,data\full_dataset\rbi\pdf\RBI_2025-26_75_DOR.AML.REC.46_14.01.001_2025-26__b1cc7bd7.pdf
12892,"RBI/2025-26/74 DoR.MCS.REC.47/01.01.028/2025-26 August 14, 2025 All Banks","April 30, 2025","Compliance with Hon’ble Supreme Court Order dated April 30, 2025 in the matter of Pragya Prasun and Ors. vs Union of India (W.P.(C) 289 of 2024) and Amar Jain vs Union of India & Ors. (W.P.(C) 49 of 2025)",https://rbidocs.rbi.org.in/rdocs/Notification/PDFs/NOTI74501583903E6A4D5E896D7B729CAF2645.PDF,data\full_dataset\rbi\pdf\RBI_2025-26_74_DoR.MCS.REC.47_01.01.028_2025-26_August_14__2025_All_Banks__c522dade.pdf
12891,RBI/2025-26/73 CO.DPSS.RLPD.No.S536/04-07-001/2025-2026,"August 13, 2025",Introduction of Continuous Clearing and Settlement on Realisation in Cheque Truncation System,https://rbidocs.rbi.org.in/rdocs/Notification/PDFs/NT7318205B91DE0945C3AC4F58812511E5C7.PDF,data\full_dataset\rbi\pdf\RBI_2025-26_73_CO.DPSS.RLPD.No.S536_04-07-001_2025-2026__a3194551.pdf
12890,RBI/2025-26/72 A.P. (DIR Series) Circular No. 09,"August 12, 2025",Investment in Government Securities by Persons Resident Outside India through Special Rupee Vostro account,https://rbidocs.rbi.org.in/rdocs/Notification/PDFs/NT720EEF243F75E54D19A4C62B8259440A63.PDF,data\full_dataset\rbi\pdf\RBI_2025-26_72_A.P.__DIR_Series__Circular_No._09__4a0e8b1d.pdf
12889,,"August 06, 2025","Reserve Bank of India (Non-Fund Based Credit Facilities) Directions, 2025",https://rbidocs.rbi.org.in/rdocs/Notification/PDFs/140MDB4A7A26A5DE04D53A15437659A4F0434.PDF,data\full_dataset\rbi\pdf\Reserve_Bank_of_India__Non-Fund_Based_Credit_Facilities__Directions__2025__a6c2e014.pdf
12888,,"August 06, 2025","Reserve Bank of India (Co-Lending Arrangements) Directions, 2025",https://rbidocs.rbi.org.in/rdocs/Notification/PDFs/139MDBC1C6C3662194F5DB74A31255E5134F3.PDF,data\full_dataset\rbi\pdf\Reserve_Bank_of_India__Co-Lending_Arrangements__Directions__2025__67760c28.pdf
12887,RBI/2025-2026/71 A.P. (DIR Series) Circular No.08,"August 05, 2025",International Trade Settlement in Indian Rupees (INR),https://rbidocs.rbi.org.in/rdocs/Notification/PDFs/PADRNO8E0508202570205EF7D8474AC8AEBED9309413E4BC.PDF,data\full_dataset\rbi\pdf\RBI_2025-2026_71_A.P.__DIR_Series__Circular_No.08__34ff2542.pdf
12886,,"October 24, 2025","Reserve Bank of India (Investment in AIF) Directions, 2025 (Updated as on October 24, 2025)",https://rbidocs.rbi.org.in/rdocs/Notification/PDFs/138MD290720253B76DC1ABD824BD890EE6B4FF49C74F9.PDF,data\full_dataset\rbi\pdf\Reserve_Bank_of_India__Investment_in_AIF__Directions__2025__Updated_as_on_October_24__2025___afea70e4.pdf
12885,RBI/2025-26/69 DoR.RET.REC.41/12.07.160/2025-26,"July 25, 2025","Inclusion of “Ahmednagar Merchant’s Co-op. Bank Ltd., Ahmednagar” in the Second Schedule of the Reserve Bank of India Act, 1934",https://rbidocs.rbi.org.in/rdocs/Notification/PDFs/NT69EFD77565D0764072AB5EC19C32F83BD7.PDF,data\full_dataset\rbi\pdf\RBI_2025-26_69_DoR.RET.REC.41_12.07.160_2025-26__27745825.pdf
12884,RBI/2025-26/70 DoR.RET.REC.42/12.07.160/2025-26,"July 25, 2025","Inclusion of “Deogiri Nagari Sahakari Bank Ltd., Chhatrapati Sambhajinagar” in the Second Schedule of the Reserve Bank of India Act, 1934",https://rbidocs.rbi.org.in/rdocs/Notification/PDFs/42NTE4B04ED4A65D46B9AAA75EA7FC0829F4.PDF,data\full_dataset\rbi\pdf\RBI_2025-26_70_DoR.RET.REC.42_12.07.160_2025-26__a1ffab82.pdf
12883,RBI/2025-26/68 FIDD.CO.LBS.BC.No.14/02.08.001/2025-26,"July 18, 2025",Formation of new district in the State of Arunachal Pradesh – Assignment of Lead Bank Responsibility,https://rbidocs.rbi.org.in/rdocs/Notification/PDFs/NT685E288FA18C9E4944967588D24C116F35.PDF,data\full_dataset\rbi\pdf\RBI_2025-26_68_FIDD.CO.LBS.BC.No.14_02.08.001_2025-26__0a7143bd.pdf
12882,RBI/2025-26/67 DoR.RET.REC.40/12.07.160/2025-26,"July 17, 2025","Inclusion of “NSDL Payments Bank Limited” in the Second Schedule of the Reserve Bank of India Act, 1934",https://rbidocs.rbi.org.in/rdocs/Notification/PDFs/NOT67E76ABAD176824DCFB4ED944F1E83D91E.PDF,data\full_dataset\rbi\pdf\RBI_2025-26_67_DoR.RET.REC.40_12.07.160_2025-26__b501ddbe.pdf
12881,RBI/2025-2026/66 FIDD.CO.FSD.BC.No.08/05.05.010/2025-26,"July 11, 2025",Lending Against Gold and Silver Collateral - Voluntary Pledge of Gold and Silver as Collateral for Agriculture and MSME Loans,https://rbidocs.rbi.org.in/rdocs/Notification/PDFs/66NTE50AA8B224664F39B126A0ED516D1086.PDF,data\full_dataset\rbi\pdf\RBI_2025-2026_66_FIDD.CO.FSD.BC.No.08_05.05.010_2025-26__22c84574.pdf
12880,RBI/2025-26/65 DOR.STR.REC.39/21.06.008/2025-26,"July 10, 2025",Basel III Capital Regulations – External Credit Assessment Institutions (ECAIs) – CareEdge Global IFSC Limited,https://rbidocs.rbi.org.in/rdocs/Notification/PDFs/NT65813CBC3983FC48E98C230C92CD2830D7.PDF,data\full_dataset\rbi\pdf\RBI_2025-26_65_DOR.STR.REC.39_21.06.008_2025-26__14dc9079.pdf
12879,,"June 24, 2025","Foreign Exchange Management (Export of Goods & Services) (Amendment) Regulations, 2025",https://rbidocs.rbi.org.in/rdocs/Notification/PDFs/FEMA23R04072025C5E8E50817814A4FB4C7A77E0060B0D9.PDF,data\full_dataset\rbi\pdf\Foreign_Exchange_Management__Export_of_Goods___Services___Amendment__Regulations__2025__2e5cec55.pdf
12878,RBI/2025-26/64 DoR.MCS.REC.38/01.01.001/2025-26,"July 2, 2025","Reserve Bank of India (Pre-payment Charges on Loans) Directions, 2025",https://rbidocs.rbi.org.in/rdocs/Notification/PDFs/NT642A32A71F06D649B78A9622FB82B8C438.PDF,data\full_dataset\rbi\pdf\RBI_2025-26_64_DoR.MCS.REC.38_01.01.001_2025-26__bef04dd8.pdf
12877,RBI/2025-26/63 CO.DPSS.POLC.No.S339/02-01-001/2025-2026,"June 27, 2025",Aadhaar Enabled Payment System – Due Diligence of AePS Touchpoint Operators,https://rbidocs.rbi.org.in/rdocs/Notification/PDFs/NT63467C7E2AC96C4F1F88CC91C49CF18BEC.PDF,data\full_dataset\rbi\pdf\RBI_2025-26_63_CO.DPSS.POLC.No.S339_02-01-001_2025-2026__31ed85c1.pdf
12876,RBI/2025-26/62 DoR.SOG (DEA Fund) No.37/30.01.002/2025-26,"June 25, 2025","The Depositor Education and Awareness (DEA) Fund Scheme, 2014 – Revised Operational Guidelines",https://rbidocs.rbi.org.in/rdocs/Notification/PDFs/NT62D403946CC39F45969C0E416870B9CA80.PDF,data\full_dataset\rbi\pdf\RBI_2025-26_62_DoR.SOG__DEA_Fund__No.37_30.01.002_2025-26__b5f2edd6.pdf
12875,RBI/2025-26/61 DOR.LIC.REC.36/16.13.218/2025-26,"June 20, 2025",Review of Priority Sector Lending norms - Small Finance Banks,https://rbidocs.rbi.org.in/rdocs/Notification/PDFs/61NTFBC6FB2CC7AA4E048E0C7C5A44641939.PDF,data\full_dataset\rbi\pdf\RBI_2025-26_61_DOR.LIC.REC.36_16.13.218_2025-26__2ac003e7.pdf
12874,RBI/2025-26/60 DOR.AML.REC.35/14.06.001/2025-26,"June 19, 2025","Implementation of Section 51A of UAPA,1967: Updates to UNSC’s 1267/1989 ISIL (Da'esh) & Al-Qaida Sanctions List: Addition of 01 Entry",https://rbidocs.rbi.org.in/rdocs/Notification/PDFs/NT60DFF5D747DAE544A7AE898FCA281B5292.PDF,data\full_dataset\rbi\pdf\RBI_2025-26_60_DOR.AML.REC.35_14.06.001_2025-26__9ecc7f76.pdf
12873,RBI/2025-26/59 DOR.STR.REC.34/21.04.048/2025-26,"June 19, 2025","Reserve Bank of India (Project Finance) Directions, 2025",https://rbidocs.rbi.org.in/rdocs/Notification/PDFs/NT59345BFF7593E047D587358A7A802B0F4A.PDF,data\full_dataset\rbi\pdf\RBI_2025-26_59_DOR.STR.REC.34_21.04.048_2025-26__7173cee1.pdf
12872,RBI/2025-26/58 DOR.AML.REC.33/14.06.001/2025-26,"June 16, 2025","Implementation of Section 51A of UAPA,1967: Updates to UNSC’s 1267/ 1989 ISIL (Da'esh) & Al-Qaida Sanctions List: Removal of 01 Entry",https://rbidocs.rbi.org.in/rdocs/Notification/PDFs/NOTI58160620250A6E126B696E44C58930D9F3D76662F0.PDF,data\full_dataset\rbi\pdf\RBI_2025-26_58_DOR.AML.REC.33_14.06.001_2025-26__d5294240.pdf
12871,RBI/2025-26/57 CO.DGBA.GBD.No.S168/31-12-011/2025-2026,"June 16, 2025",Review of instructions issued vide Master Circular on Conduct of Government Business by Agency Banks - Payment of Agency Commission,https://rbidocs.rbi.org.in/rdocs/Notification/PDFs/57MCEE6ABC80BA8940F692E8603C861AE533.PDF,data\full_dataset\rbi\pdf\RBI_2025-26_57_CO.DGBA.GBD.No.S168_31-12-011_2025-2026__b1346bb2.pdf
12870,,"June 16, 2025","Master Direction – Reserve Bank of India (Electronic Trading Platforms) Directions, 2025",https://rbidocs.rbi.org.in/rdocs/Notification/PDFs/137MDEF04E0A142F948C58A9503C136E565AF.PDF,data\full_dataset\rbi\pdf\Master_Direction___Reserve_Bank_of_India__Electronic_Trading_Platforms__Directions__2025__134a6968.pdf
12869,RBI/2025-26/56 FIDD.CO.GSSD.BC.No.07/09.09.001/2025-26,"June 16, 2025",Master Circular - Credit facilities to Scheduled Castes (SCs) & Scheduled Tribes (STs),https://rbidocs.rbi.org.in/rdocs/Notification/PDFs/MC56490FDF9FBB3045C2936D194B2FFB7578.PDF,data\full_dataset\rbi\pdf\RBI_2025-26_56_FIDD.CO.GSSD.BC.No.07_09.09.001_2025-26__062d2913.pdf
12868,RBI/2025-26/55 A.P. (DIR Series) Circular No. 07,"June 13, 2025",Import of Shipping Vessel - Relaxation,https://rbidocs.rbi.org.in/rdocs/Notification/PDFs/55APDIR589952A39CDC4603A031807407C25C04.PDF,data\full_dataset\rbi\pdf\RBI_2025-26_55_A.P.__DIR_Series__Circular_No._07__a2761b87.pdf
12867,RBI/2025-26/54 IDMD.RD.S390/10.18.060/2025-26,"June 12, 2025",Stripping/Reconstitution in State Government Securities,https://rbidocs.rbi.org.in/rdocs/Notification/PDFs/NT54849E13D0F877484392E5D74AD575A317.PDF,data\full_dataset\rbi\pdf\RBI_2025-26_54_IDMD.RD.S390_10.18.060_2025-26__96e33454.pdf
12866,RBI/2025-26/51 DOR.AML.REC.30/14.01.001/2025-26,"June 12, 2025","Reserve Bank of India (Know Your Customer (KYC)) (Amendment) Directions, 2025",https://rbidocs.rbi.org.in/rdocs/Notification/PDFs/NT517A41C334FB0A42BC9D58A37DE3793F4E.PDF,data\full_dataset\rbi\pdf\RBI_2025-26_51_DOR.AML.REC.30_14.01.001_2025-26__feccb870.pdf
12865,RBI/2025-26/53 DOR.AML.REC.31/14.01.001/2025-26,"June 12, 2025",Updation/ Periodic Updation of KYC – Revised Instructions,https://rbidocs.rbi.org.in/rdocs/Notification/PDFs/NT52DD0CD290B156436CBF342592D55179DF.PDF,data\full_dataset\rbi\pdf\RBI_2025-26_53_DOR.AML.REC.31_14.01.001_2025-26__f3993675.pdf
12864,RBI/2025-26/52 DOR.SOG(LEG).REC/32/09.08.024/2025-26,"June 12, 2025",Inoperative Accounts/ Unclaimed Deposits in Banks - Revised Instructions (Amendment) 2025,https://rbidocs.rbi.org.in/rdocs/Notification/PDFs/NT51DBAEE225F2C146A387F924D11F548CB6.PDF,data\full_dataset\rbi\pdf\RBI_2025-26_52_DOR.SOG_LEG_.REC_32_09.08.024_2025-26__5e6aecfb.pdf
12863,RBI/2025-26/50 DOR.STR.REC.29/21.06.008/2025-26,"June 09, 2025",Basel III Capital Regulations - External Credit Assessment Institution (ECAI),https://rbidocs.rbi.org.in/rdocs/Notification/PDFs/NT506C9737A682AA4CA6884D0B61D9DEDFFA.PDF,data\full_dataset\rbi\pdf\RBI_2025-26_50_DOR.STR.REC.29_21.06.008_2025-26__7a408f4c.pdf
12862,RBI/2025-26/49 DoR.CRE.REC.28/07.10.002/2025-26,"June 9, 2025","Non-achievement of PSL targets – Prudential treatment of contribution towards eligible funds with NABARD, NHB, SIDBI and MUDRA Ltd.",https://rbidocs.rbi.org.in/rdocs/Notification/PDFs/NT49B3A1C79964A946319DB0F1179735608B.PDF,data\full_dataset\rbi\pdf\RBI_2025-26_49_DoR.CRE.REC.28_07.10.002_2025-26__1884c87d.pdf
12861,RBI/2025-26/48 DOR.CRE.REC.27/21.01.003/2025-26,"June 9, 2025",Large Exposures Framework – Amendment in the list of exempted exposures,https://rbidocs.rbi.org.in/rdocs/Notification/PDFs/48NT111A42F535504D05996071BCCA5B3B02.PDF,data\full_dataset\rbi\pdf\RBI_2025-26_48_DOR.CRE.REC.27_21.01.003_2025-26__fb07bf82.pdf
12860,,"April 29, 2025","Foreign Exchange Management (Foreign Currency Accounts by a Person Resident in India) (Sixth Amendment) Regulations, 2025",https://rbidocs.rbi.org.in/rdocs/Notification/PDFs/FEMA10R6062025C73FD4FFF21F4DC4A2828185B93EDA09.PDF,data\full_dataset\rbi\pdf\Foreign_Exchange_Management__Foreign_Currency_Accounts_by_a_Person_Resident_in_India___Sixth_Amendment__Regulations__2025__3b49118c.pdf
12859,"RBI/2025-26/47 DOR.CRE.REC.26/21.01.023/2025-26 June 6, 2025 ( Updated as","September 29, 2025","Reserve Bank of India (Lending Against Gold and Silver Collateral) Directions, 2025 (Updated as on September 29, 2025)",https://rbidocs.rbi.org.in/rdocs/Notification/PDFs/47NTEBC6E8C94DFB432797365CA984734797.PDF,data\full_dataset\rbi\pdf\RBI_2025-26_47_DOR.CRE.REC.26_21.01.023_2025-26_June_6__2025___Updated_as__6157054a.pdf
12858,RBI/2025-26/46 DoR.RET.REC.23/12.01.001/2025-26,"June 06, 2025",Maintenance of Cash Reserve Ratio (CRR),https://rbidocs.rbi.org.in/rdocs/Notification/PDFs/NOT46C0020E9720284AA0B2910B7298D1C5BC.PDF,data\full_dataset\rbi\pdf\RBI_2025-26_46_DoR.RET.REC.23_12.01.001_2025-26__4924f1f7.pdf
12857,RBI/2025-26/45 DoR.RET.REC.22/12.01.001/2025-26,"June 06, 2025",Penal Interest on shortfall in CRR and SLR requirements - Change in Bank Rate,https://rbidocs.rbi.org.in/rdocs/Notification/PDFs/NT4505AC4512ED904AAB8A8C4FEFE17BB33A.PDF,data\full_dataset\rbi\pdf\RBI_2025-26_45_DoR.RET.REC.22_12.01.001_2025-26__c98e4f03.pdf
12856,RBI/2025-26/44 DoR.FIN.REC.25/03.10.038/2025-26,"June 06, 2025",Review of Qualifying Assets Criteria,https://rbidocs.rbi.org.in/rdocs/Notification/PDFs/NT442346078CEB6C40FBADD03FB11FEAD207.PDF,data\full_dataset\rbi\pdf\RBI_2025-26_44_DoR.FIN.REC.25_03.10.038_2025-26__6447f4a8.pdf
12855,RBI/2025-26/43 REF.No.MPD.BC.400/07.01.279/2025-26,"June 6, 2025",Standing Liquidity Facility for Primary Dealers,https://rbidocs.rbi.org.in/rdocs/Notification/PDFs/NT437415F85ACBA048D5AF1481C49F65FD87.PDF,data\full_dataset\rbi\pdf\RBI_2025-26_43_REF.No.MPD.BC.400_07.01.279_2025-26__4606e179.pdf
12854,RBI/2025-26/42 FMOD.MAOG.No.152/01.01.001/2025-26,"June 06, 2025",Liquidity Adjustment Facility - Change in rates,https://rbidocs.rbi.org.in/rdocs/Notification/PDFs/NOTI42060620258B8E625066EA441C9E02AEF2CFB8BDFC.PDF,data\full_dataset\rbi\pdf\RBI_2025-26_42_FMOD.MAOG.No.152_01.01.001_2025-26__0e995398.pdf
12853,RBI/2025-26/41 DoR.RET.REC.21/12.07.160/2025-26,"May 27, 2025","Inclusion of “The Vishweshwar Sahakari Bank Ltd., Pune” in the Second Schedule of the Reserve Bank of India Act, 1934",https://rbidocs.rbi.org.in/rdocs/Notification/PDFs/NOTI41270520252B2886B5978646D1AA5E9F962359C51B.PDF,data\full_dataset\rbi\pdf\RBI_2025-26_41_DoR.RET.REC.21_12.07.160_2025-26__d02a96a8.pdf
12852,RBI/2025-26/40 A.P. (DIR Series) Circular No. 06,"May 23, 2025",Reporting on FIRMS portal – Issuance of Partly Paid Units by Investment Vehicles,https://rbidocs.rbi.org.in/rdocs/Notification/PDFs/NOT40716512B4DD71483093A4BFA8832016C5.PDF,data\full_dataset\rbi\pdf\RBI_2025-26_40_A.P.__DIR_Series__Circular_No._06__e70939da.pdf
12851,RBI/2025-26/39 FIDD.CO.GSSD.BC.No 06/09.16.003/2025-26,"May 21, 2025",Withdrawal of Master Circular on Deendayal Antyodaya Yojana – National Urban Livelihoods Mission (DAY-NULM) and related circulars,https://rbidocs.rbi.org.in/rdocs/Notification/PDFs/NT396D672E2BFD4B434892C8F03B887A20E5.PDF,data\full_dataset\rbi\pdf\RBI_2025-26_39_FIDD.CO.GSSD.BC.No_06_09.16.003_2025-26__2efdac6d.pdf
12850,RBI/2025-26/38 DoR.RET.REC.20/12.07.160/2025-26,"May 21, 2025","Alteration in the name of “North East Small Finance Bank Limited” to “slice Small Finance Bank Limited” in the Second Schedule to the Reserve Bank of India Act, 1934",https://rbidocs.rbi.org.in/rdocs/Notification/PDFs/NOTI38210520250267EEAA9BC64BFFA6538B1699BCCC37.PDF,data\full_dataset\rbi\pdf\RBI_2025-26_38_DoR.RET.REC.20_12.07.160_2025-26__b99b713d.pdf
12849,RBI/2025-2026/37 A.P. (DIR Series) Circular No. 05/2025-26,"May 16, 2025","Exim Bank’s GOI-supported Line of Credit (LOC) for USD 700 million to the Govt. of Mongolia (GO-MNG), for financing construction of Crude Oil Refinery Plant in Mongolia",https://rbidocs.rbi.org.in/rdocs/Notification/PDFs/37NT3C2BF84FCB57483DA25130C54759AB81.PDF,data\full_dataset\rbi\pdf\RBI_2025-2026_37_A.P.__DIR_Series__Circular_No._05_2025-26__bd3e4b7c.pdf
12848,RBI/2025-26/36 DOR.STR.REC.19/21.07.001/2025-26,"May 8, 2025","Reserve Bank of India (Digital Lending) Directions, 2025",https://rbidocs.rbi.org.in/rdocs/Notification/PDFs/36NT8C402BE7C2A349E0BFFF3C526668CD7A.PDF,data\full_dataset\rbi\pdf\RBI_2025-26_36_DOR.STR.REC.19_21.07.001_2025-26__2dd838cf.pdf
12847,RBI/2025-26/35 FMRD.FMD.No.01/14.01.006/2025-26,"May 08, 2025",Investments by Foreign Portfolio Investors in Corporate Debt Securities through the General Route – Relaxations,https://rbidocs.rbi.org.in/rdocs/Notification/PDFs/35NT1A4AAAC7E141470486FC6785028754FA.PDF,data\full_dataset\rbi\pdf\RBI_2025-26_35_FMRD.FMD.No.01_14.01.006_2025-26__b74da30c.pdf
12846,,,Policy Statement: Framework for Formulation of Regulations,https://rbidocs.rbi.org.in/rdocs/Notification/PDFs/FRAMRWORK07052025BE1CD2043A3A4D998A27B6E38D5AA2E6.PDF,data\full_dataset\rbi\pdf\Policy_Statement__Framework_for_Formulation_of_Regulations__acc4bcf8.pdf
12845,RBI/2025-26/34 DIT.CO.No.S-106/07.71.039/2025-26,"April 28, 2025",Processing of Regulatory Authorisations/ Licenses/ Approvals through PRAVAAH,https://rbidocs.rbi.org.in/rdocs/Notification/PDFs/NT348E4FCFCD79BD498C88CF6E285DE0CFEC.PDF,data\full_dataset\rbi\pdf\RBI_2025-26_34_DIT.CO.No.S-106_07.71.039_2025-26__7d49de08.pdf
12844,RBI/2025-26/33 DCM.RMMT.No.S312/20-02-001/2025-2026,"April 28, 2025",Dispensation of ₹100 and ₹200 denomination banknotes through ATMs,https://rbidocs.rbi.org.in/rdocs/Notification/PDFs/NOTI33280420255AF4C117DD2D4D2B89B4FB3B6F453A75.PDF,data\full_dataset\rbi\pdf\RBI_2025-26_33_DCM.RMMT.No.S312_20-02-001_2025-2026__79a32cb5.pdf
12843,"RBI/2018-19/166 DCM (CC) No. 2842/03.39.01/2018-19 dated April 08, 2019 . 2","September 29, 2025","Master Direction on Framework of incentives for Currency Distribution & Exchange Scheme for bank branches including currency chests (Updated as on September 29, 2025)",https://rbidocs.rbi.org.in/rdocs/Notification/PDFs/136MD25042025D32CA11EFBFC425288223F9E7FA96AF4.PDF,data\full_dataset\rbi\pdf\RBI_2018-19_166_DCM__CC__No._2842_03.39.01_2018-19_dated_April_08__2019_._2__37d5e275.pdf
12842,,"April 24, 2025","Amendments to Directions - Compounding of Contraventions under FEMA, 1999",https://rbidocs.rbi.org.in/rdocs/Notification/PDFs/NT32487356046A734602A503A8CCF5B1BC33.PDF,data\full_dataset\rbi\pdf\Amendments_to_Directions_-_Compounding_of_Contraventions_under_FEMA__1999__35e3d4ab.pdf
12841,RBI/2025-26/31 DCM (NPD) No.S287/18.00.014/2025-26,"April 24, 2025",Note Sorting Machines: Standards issued by the Bureau of Indian Standards -Revised Timeline for Implementation,https://rbidocs.rbi.org.in/rdocs/Notification/PDFs/NOTI3124042025EFEB4571703D4998AF854B608B0E5C7A.PDF,data\full_dataset\rbi\pdf\RBI_2025-26_31_DCM__NPD__No.S287_18.00.014_2025-26__ccb0b330.pdf
12840,RBI/2025-26/30 A.P. (DIR Series) Circular No. 03,"April 23, 2025",Exports through warehouses in ‘Bharat Mart’ in UAE – relaxations,https://rbidocs.rbi.org.in/rdocs/Notification/PDFs/03APDIR2304202563F1C840B9C445EC88ACE954E0CF1CD3.PDF,data\full_dataset\rbi\pdf\RBI_2025-26_30_A.P.__DIR_Series__Circular_No._03__633a8816.pdf
12839,,"April 22, 2025","Master Directions - Compounding of Contraventions under FEMA, 1999, dated April 22, 2025 (Updated as on April 24, 2025) (Supersedes Master Direction- Compounding of Contraventions under FEMA, 1999, (Updated as on May 24, 2022))",https://rbidocs.rbi.org.in/rdocs/Notification/PDFs/135MD89B55F672F36443FA02C0C53DC207FFF.PDF,data\full_dataset\rbi\pdf\Master_Directions_-_Compounding_of_Contraventions_under_FEMA__1999__dated_April_22__2025__Updated_as_on_April_24__2025___Supersedes_Master_Direction-___11536ce2.pdf
12838,,"April 22, 2025","Amendments to Directions - Compounding of Contraventions under FEMA, 1999",https://rbidocs.rbi.org.in/rdocs/Notification/PDFs/NT296569B9A65D704247B9760EFEBFD93D55.PDF,data\full_dataset\rbi\pdf\Amendments_to_Directions_-_Compounding_of_Contraventions_under_FEMA__1999__6218d574.pdf
12837,RBI/2025-26/28 CO.DIT.DCD.No.S81/01-71-110/2025-26,"April 22, 2025",Circular - Migration to '.bank.in' domain,https://rbidocs.rbi.org.in/rdocs/Notification/PDFs/NT2898A050AD36214AFAA5D63AC889B3FD4C.PDF,data\full_dataset\rbi\pdf\RBI_2025-26_28_CO.DIT.DCD.No.S81_01-71-110_2025-26__1f33c843.pdf
12836,RBI/2025-26/27 DOR.LRG.REC.18/03.10.001/2025-26,"April 21, 2025",Basel III Framework on Liquidity Standards – Liquidity Coverage Ratio (LCR) – Review of haircuts on High Quality Liquid Assets (HQLA) and review of composition and run-off rates on certain categories of deposits,https://rbidocs.rbi.org.in/rdocs/Notification/PDFs/NT27B682DBD9C0644CDE9CE054E65A49AFF4.PDF,data\full_dataset\rbi\pdf\RBI_2025-26_27_DOR.LRG.REC.18_03.10.001_2025-26__98f92ecc.pdf
12835,RBI/2025-26/26 DOR.MCS.REC.17/01.01.003/2025-26,"April 21, 2025",Opening of and operation in deposit accounts of minors,https://rbidocs.rbi.org.in/rdocs/Notification/PDFs/NOTI26E21042025B35AB7277C81467494DF47468C737383.PDF,data\full_dataset\rbi\pdf\RBI_2025-26_26_DOR.MCS.REC.17_01.01.003_2025-26__ecdff585.pdf
12834,RBI/2025-26/25 FIDD.CO.LBS.BC.No.05/02.08.001/2025-26,"April 11, 2025",Reorganisation of Districts in the State of Rajasthan – Review of Lead Bank Responsibility,https://rbidocs.rbi.org.in/rdocs/Notification/PDFs/NT25CA38902E30F7465FBF5005ADFD061761.PDF,data\full_dataset\rbi\pdf\RBI_2025-26_25_FIDD.CO.LBS.BC.No.05_02.08.001_2025-26__d365005a.pdf
12833,RBI/2025-26/24 REF.No.MPD.BC.399/07.01.279/2025-26,"April 09, 2025",Standing Liquidity Facility for Primary Dealers,https://rbidocs.rbi.org.in/rdocs/Notification/PDFs/NOTI241AA34550D87D411CA83127A044AC1C95.PDF,data\full_dataset\rbi\pdf\RBI_2025-26_24_REF.No.MPD.BC.399_07.01.279_2025-26__27854c55.pdf
12832,RBI/2025-26/23 DoR.RET.REC.16/12.01.001/2025-26,"April 09, 2025",Penal Interest on shortfall in CRR and SLR requirements-Change in Bank Rate,https://rbidocs.rbi.org.in/rdocs/Notification/PDFs/NOTI233D38AE66CB4A4093BDE53A7B5178B25B.PDF,data\full_dataset\rbi\pdf\RBI_2025-26_23_DoR.RET.REC.16_12.01.001_2025-26__429900ba.pdf
12831,RBI/2025-26/22 FMOD.MAOG.No.151/01.01.001/2025-26,"April 09, 2025",Liquidity Adjustment Facility - Change in rates,https://rbidocs.rbi.org.in/rdocs/Notification/PDFs/NT22F0043801856F4224B0165DC873C2C97A.PDF,data\full_dataset\rbi\pdf\RBI_2025-26_22_FMOD.MAOG.No.151_01.01.001_2025-26__dad87fdb.pdf
12830,RBI/2025-26/21 DOR.CO.SOG(Leg) No.15/09.08.024/2025-26,"April 8, 2025",Review of Regulatory Guidelines – Withdrawal of Circulars,https://rbidocs.rbi.org.in/rdocs/Notification/PDFs/NT2120C90DAE3DDC487983DA4257553CA15F.PDF,data\full_dataset\rbi\pdf\RBI_2025-26_21_DOR.CO.SOG_Leg__No.15_09.08.024_2025-26__a7c7a3f2.pdf
12829,RBI/2025-26/20 A.P. (DIR Series) Circular No. 01,"April 03, 2025",Limits for investment in debt and sale of Credit Default Swaps by Foreign Portfolio Investors (FPIs),https://rbidocs.rbi.org.in/rdocs/Notification/PDFs/20NTCC18A031BDA4428C8E992BC103E8FCB8.PDF,data\full_dataset\rbi\pdf\RBI_2025-26_20_A.P.__DIR_Series__Circular_No._01__2d05a6cd.pdf
12828,RBI/2025-26/19 DoR.CRE.REC.14/07.10.002/2025-26,"April 01, 2025",Master Circular - Exposure Norms and Statutory / Other Restrictions - UCBs,https://rbidocs.rbi.org.in/rdocs/Notification/PDFs/NT19E5A780CFF65B4D4583BB768C2E0897D8.PDF,data\full_dataset\rbi\pdf\RBI_2025-26_19_DoR.CRE.REC.14_07.10.002_2025-26__c63362da.pdf
12827,RBI/2025-26/18 DOR.CRE.REC.No.13/07.10.002/2025-26,"April 01, 2025",Master Circular - Management of Advances - UCBs,https://rbidocs.rbi.org.in/rdocs/Notification/PDFs/18MC01042025616166709B48430A987603C6FB23589F.PDF,data\full_dataset\rbi\pdf\RBI_2025-26_18_DOR.CRE.REC.No.13_07.10.002_2025-26__40814ea5.pdf
12826,RBI/2025-26/17 DOR.CRE.REC.No.11/07.10.002/2025-26,"April 1, 2025",Master Circular - Housing Finance for UCBs,https://rbidocs.rbi.org.in/rdocs/Notification/PDFs/NT17DC5A1D8BA84E420CA6AAA87B4E05F17F.PDF,data\full_dataset\rbi\pdf\RBI_2025-26_17_DOR.CRE.REC.No.11_07.10.002_2025-26__cb5fc67e.pdf
12825,RBI/2025-26/134 DOR.SOG(SPE).REC.8/13.03.00/2025-26,"April 01, 2025","Master Direction - Reserve Bank of India (Interest Rate on Deposits) Directions, 2025",https://rbidocs.rbi.org.in/rdocs/Notification/PDFs/MD134346AD90D94CE4C2683A4CC4D6A6B5576.PDF,data\full_dataset\rbi\pdf\RBI_2025-26_134_DOR.SOG_SPE_.REC.8_13.03.00_2025-26__38ed0e1d.pdf
12824,RBI/2025-26/16 DOR.CRE.REC.No.12/08.12.001/2025-26,"April 01, 2025",Master Circular – Housing Finance,https://rbidocs.rbi.org.in/rdocs/Notification/PDFs/NT168E73C887EB7C4C69A01A0F2FB458C9AB.PDF,data\full_dataset\rbi\pdf\RBI_2025-26_16_DOR.CRE.REC.No.12_08.12.001_2025-26__cb483b05.pdf
12823,RBI/2025-26/15 DOR.CRE.REC.No.05/21.04.172/2025-26,"April 01, 2025",Master Circular - Bank Finance to Non-Banking Financial Companies (NBFCs),https://rbidocs.rbi.org.in/rdocs/Notification/PDFs/NT150D4BEA3889CD42F794F124D97AEB5B69.PDF,data\full_dataset\rbi\pdf\RBI_2025-26_15_DOR.CRE.REC.No.05_21.04.172_2025-26__7f6ba8e5.pdf
12822,RBI/2025-26/13 DOR.STR.REC.9/21.04.048/2025-26,"April 01, 2025","Master Circular - Prudential norms on Income Recognition, Asset Classification and Provisioning pertaining to Advances",https://rbidocs.rbi.org.in/rdocs/Notification/PDFs/13MC01042025792E33CF094B46F2B838E6409777438D.PDF,data\full_dataset\rbi\pdf\RBI_2025-26_13_DOR.STR.REC.9_21.04.048_2025-26__125c58c3.pdf
12821,RBI/2025-26/14 DOR.STR.REC.10/21.04.048/2025-26,"April 01, 2025","Master Circular - Income Recognition, Asset Classification, Provisioning and Other Related Matters - UCBs",https://rbidocs.rbi.org.in/rdocs/Notification/PDFs/14MC01042025B5575C2EF9D247CAA5FBB2585B1CBB4B.PDF,data\full_dataset\rbi\pdf\RBI_2025-26_14_DOR.STR.REC.10_21.04.048_2025-26__3fdc1b71.pdf
12820,RBI/2025-26/12 DOR.STR.REC.06/13.07.010/2025-26,"April 01, 2025",Master Circular - Guarantees and Co-acceptances,https://rbidocs.rbi.org.in/rdocs/Notification/PDFs/12MC01042025798B538ADFE74E5FA4D88A5874AD7248.PDF,data\full_dataset\rbi\pdf\RBI_2025-26_12_DOR.STR.REC.06_13.07.010_2025-26__f985e132.pdf
12819,RBI/2025-26/11 DoR.STR.REC 07/09.27.000/2025-26,"April 01, 2025","Master Circular - Guarantees, Co-acceptances & Letters of Credit - UCBs",https://rbidocs.rbi.org.in/rdocs/Notification/PDFs/11MC01042025B50554F5151F4E2593699A034105BAA2.PDF,data\full_dataset\rbi\pdf\RBI_2025-26_11_DoR.STR.REC_07_09.27.000_2025-26__c0d4eacb.pdf
12818,RBI/2025-26/133 DCM (NE) No.G-5/08.07.18/2025-26,"April 01, 2025",Master Direction – Facility for Exchange of Notes and Coins,https://rbidocs.rbi.org.in/rdocs/Notification/PDFs/MD1332AB67885F67843569D47E893E23EF959.PDF,data\full_dataset\rbi\pdf\RBI_2025-26_133_DCM__NE__No.G-5_08.07.18_2025-26__e961db21.pdf
12817,RBI/2025-26/10 DOR.MRG.No.4/21.04.141/2025-26,"April 1, 2025","Reserve Bank of India (Classification, Valuation and Operation of the Investment Portfolio of Commercial Banks) Directions, 2023",https://rbidocs.rbi.org.in/rdocs/Notification/PDFs/10NTEEF0C3A849364D19BA1D99AD251E57DA.PDF,data\full_dataset\rbi\pdf\RBI_2025-26_10_DOR.MRG.No.4_21.04.141_2025-26__76e3cf5b.pdf
12816,RBI/2025-26/09 DOR.CAP.REC.03/09.18.201/2025-26,"April 01, 2025",Master Circular - Prudential Norms on Capital Adequacy - Primary (Urban) Co-operative Banks (UCBs),https://rbidocs.rbi.org.in/rdocs/Notification/PDFs/09MC01042025579866A57486476EBBEAB63366EB95B7.PDF,data\full_dataset\rbi\pdf\RBI_2025-26_09_DOR.CAP.REC.03_09.18.201_2025-26__95b15949.pdf
12815,RBI/2025-26/08 DOR.CAP.REC.2/21.06.201/2025-26,"April 01, 2025",Master Circular – Basel III Capital Regulations,https://rbidocs.rbi.org.in/rdocs/Notification/PDFs/NT08F65FDFBB966942CAA08E0D766F2F6BD4.PDF,data\full_dataset\rbi\pdf\RBI_2025-26_08_DOR.CAP.REC.2_21.06.201_2025-26__2ec47575.pdf
12814,RBI/2025-26/132 DCM (FNVD)/G4/16.01.05/2025-26,"April 01, 2025","Master Direction on Counterfeit Notes, 2025 – Detection, Reporting and Monitoring",https://rbidocs.rbi.org.in/rdocs/Notification/PDFs/MDCND0104202580F6E20BEB804BF6A10E8551EFDCA39F.PDF,data\full_dataset\rbi\pdf\RBI_2025-26_132_DCM__FNVD_G4_16.01.05_2025-26__8a9fafd6.pdf
12813,RBI/2025-26/07 DoR.HGG.GOV.No.1/18.10.010/2025-26,"April 1, 2025",Master Circular on Board of Directors - UCBs,https://rbidocs.rbi.org.in/rdocs/Notification/PDFs/07MC0104202508D52A1219FA468D864D393D72C3CC4B.PDF,data\full_dataset\rbi\pdf\RBI_2025-26_07_DoR.HGG.GOV.No.1_18.10.010_2025-26__49823db2.pdf
12812,RBI/2025-26/06 CO.DGBA.GBD.No.S2/31-12-010/2025-2026,"April 1, 2025",Master Circular on Conduct of Government Business by Agency Banks - Payment of Agency Commission,https://rbidocs.rbi.org.in/rdocs/Notification/PDFs/06MC010425F12568B380B14D9CBFEC5270EA9F5FF3.PDF,data\full_dataset\rbi\pdf\RBI_2025-26_06_CO.DGBA.GBD.No.S2_31-12-010_2025-2026__c413d668.pdf
12811,RBI/2025-26/05 CO.DGBA.GBD.No.S1/31.02.007/2025-26,"April 01, 2025",Master Circular - Disbursement of Government Pension by Agency Banks,https://rbidocs.rbi.org.in/rdocs/Notification/PDFs/05MC010420252ED8A74EE428468287D815016A33587F.PDF,data\full_dataset\rbi\pdf\RBI_2025-26_05_CO.DGBA.GBD.No.S1_31.02.007_2025-26__8e173e61.pdf
12810,,"April 01, 2025",Master Direction – Scheme of Penalties for bank branches and currency chests for deficiency in rendering customer service to the members of public,https://rbidocs.rbi.org.in/rdocs/Notification/PDFs/MD13101042025671F8F57253649588A32B08B06B0CA82.PDF,data\full_dataset\rbi\pdf\Master_Direction___Scheme_of_Penalties_for_bank_branches_and_currency_chests_for_deficiency_in_rendering_customer_service_to_the_members_of_public__165a7e7f.pdf
12809,,"April 01, 2025",Master Direction on Penal Provisions in reporting of transactions / balances at Currency Chests,https://rbidocs.rbi.org.in/rdocs/Notification/PDFs/MD130010420256D973D29CB9749AE93AA109978A2B9CB.PDF,data\full_dataset\rbi\pdf\Master_Direction_on_Penal_Provisions_in_reporting_of_transactions___balances_at_Currency_Chests__dc695a45.pdf
12808,RBI/2025-26/04 FIDD.CO.LBS.BC.No.03/02.01.001/2025-26,"April 01, 2025",Master Circular – Lead Bank Scheme,https://rbidocs.rbi.org.in/rdocs/Notification/PDFs/04MC01042025636879CB4F0548F490DC312D96B7D2C1.PDF,data\full_dataset\rbi\pdf\RBI_2025-26_04_FIDD.CO.LBS.BC.No.03_02.01.001_2025-26__dada0c7c.pdf
12807,RBI/2025-26/03 FIDD.CO.GSSD.BC.No.02/09.09.001/2025-26,"April 01, 2025",Master Circular - Credit facilities to Scheduled Castes (SCs) & Scheduled Tribes (STs),https://rbidocs.rbi.org.in/rdocs/Notification/PDFs/03MCCC01042025AE0443642B944F72936B15767028ED2B.PDF,data\full_dataset\rbi\pdf\RBI_2025-26_03_FIDD.CO.GSSD.BC.No.02_09.09.001_2025-26__632c495f.pdf
12806,RBI/2025-26/02 FIDD.GSSD.CO.BC.No.01/09.01.003/2025-26,"April 1, 2025",Master Circular – Deendayal Antyodaya Yojana - National Rural Livelihoods Mission (DAY-NRLM),https://rbidocs.rbi.org.in/rdocs/Notification/PDFs/02MC010420256177154636DF4920B0F75500DDCDB82D.PDF,data\full_dataset\rbi\pdf\RBI_2025-26_02_FIDD.GSSD.CO.BC.No.01_09.01.003_2025-26__a198a76a.pdf
12805,RBI/2025-26/01 FIDD.CO.FID.BC.No.4/12.01.033/2025-26,"April 01, 2025",Master Circular on SHG-Bank Linkage Programme,https://rbidocs.rbi.org.in/rdocs/Notification/PDFs/01MCD0D97308D3AD49A3908E2F4410ED4409.PDF,data\full_dataset\rbi\pdf\RBI_2025-26_01_FIDD.CO.FID.BC.No.4_12.01.033_2025-26__d5a1b16b.pdf
12804,,"March 29, 2025",Revised norms for Government Guaranteed Security Receipts (SRs),https://rbidocs.rbi.org.in/rdocs/Notification/PDFs/NOT13566D9130460024ABABA38EBCD37EDCBC0.PDF,data\full_dataset\rbi\pdf\Revised_norms_for_Government_Guaranteed_Security_Receipts__SRs___3b3f4105.pdf
12803,"RBI/2024-25/134 CO.DPSS.RPPD.No.S1278/03-01-002/2024-2025 March 28, 2025 Th","March 31, 2025","Special Clearing Operations on March 31, 2025",https://rbidocs.rbi.org.in/rdocs/Notification/PDFs/NOTI1347F70140D5FF94A8C82A4DEEB0877491E.PDF,data\full_dataset\rbi\pdf\RBI_2024-25_134_CO.DPSS.RPPD.No.S1278_03-01-002_2024-2025_March_28__2025_Th__2142b52d.pdf
12802,RBI/2024-25/133 Ref.No.IDMD.2320/08.01.01/2024-25,"March 27, 2025",General Notification for Sale and Issue of Government of India Securities (including Treasury Bills and Cash Management Bills),https://rbidocs.rbi.org.in/rdocs/Notification/PDFs/NT133C2FEA6B05C394AD78B74B79786B2EE09.PDF,data\full_dataset\rbi\pdf\RBI_2024-25_133_Ref.No.IDMD.2320_08.01.01_2024-25__168e7776.pdf
12801,RBI/2024-25/132 DoR.AUT.REC.71/23.67.001/2024-25,"March 25, 2025","Gold Monetization Scheme (GMS), 2015 - Amendment",https://rbidocs.rbi.org.in/rdocs/Notification/PDFs/NT132FF04041E12E04871A2995D5D698CF636.PDF,data\full_dataset\rbi\pdf\RBI_2024-25_132_DoR.AUT.REC.71_23.67.001_2024-25__bae9f874.pdf
12800,,"March 25, 2025","Master Direction – Reserve Bank of India (Prudential Norms on Capital Adequacy for Regional Rural Banks) Directions, 2025",https://rbidocs.rbi.org.in/rdocs/Notification/PDFs/129MD250320251F04FD11DA1D43FF86E869D8602C5077.PDF,data\full_dataset\rbi\pdf\Master_Direction___Reserve_Bank_of_India__Prudential_Norms_on_Capital_Adequacy_for_Regional_Rural_Banks__Directions__2025__4471a779.pdf
12799,,"September 11, 2026","Master Directions - Reserve Bank of India (Priority Sector Lending – Targets and Classification) Directions, 2025 (Updated as on September 11, 2026)",https://rbidocs.rbi.org.in/rdocs/Notification/PDFs/128MD66C4DDCB167C4DC9A5BD913570CB3D47.PDF,data\full_dataset\rbi\pdf\Master_Directions_-_Reserve_Bank_of_India__Priority_Sector_Lending___Targets_and_Classification__Directions__2025__Updated_as_on_September_11__2026___504ee809.pdf
12798,RBI/2024-25/131 FIDD.CO.PSD.BC.No.12/04.09.001/2024-25,"March 24, 2025",Priority Sector Lending Certificates,https://rbidocs.rbi.org.in/rdocs/Notification/PDFs/PSLC24032025CCC0651929684FA7AA161A1942D958EB.PDF,data\full_dataset\rbi\pdf\RBI_2024-25_131_FIDD.CO.PSD.BC.No.12_04.09.001_2024-25__0cead913.pdf
12797,RBI/2024-25/130 DOR.CRE.REC.69/07.10.002/2024-25,"March 24, 2025",Review of Priority Sector Lending (PSL) Target – Urban Co-operative Banks (UCBs),https://rbidocs.rbi.org.in/rdocs/Notification/PDFs/NOTI13007E38B1400B348A5807E941624DC0F87.PDF,data\full_dataset\rbi\pdf\RBI_2024-25_130_DOR.CRE.REC.69_07.10.002_2024-25__ca7d0b45.pdf
12796,"RBI/2024-25/129 DCM (CC) No.S3811/03.51.001/2024-25 March 24, 2025 All Curr","March 31, 2025","Currency Chest operations on March 31, 2025",https://rbidocs.rbi.org.in/rdocs/Notification/PDFs/NT1297DAC36E345994BFD8242322CF052A335.PDF,data\full_dataset\rbi\pdf\RBI_2024-25_129_DCM__CC__No.S3811_03.51.001_2024-25_March_24__2025_All_Curr__419ea1c9.pdf
12795,RBI/2024-25/128 DOR.CAP.REC.No.68/21.01.002/2024-25,"March 21, 2025",Treatment of Right-of-Use (ROU) Asset for Regulatory Capital Purposes,https://rbidocs.rbi.org.in/rdocs/Notification/PDFs/NT128E31592D405994DEDBC9401DDC04C23AF.PDF,data\full_dataset\rbi\pdf\RBI_2024-25_128_DOR.CAP.REC.No.68_21.01.002_2024-25__c92a3d8a.pdf
12794,"RBI/2024-2025/127 DOR.ACC.REC.No.67/21.04.018/2024-25 March 20, 2025 Madam /","November 1, 1993","Amortisation of additional pension liability - Implementation of Pension Scheme in Regional Rural Banks with effect from November 1, 1993 - Prudential Regulatory Treatment",https://rbidocs.rbi.org.in/rdocs/Notification/PDFs/NOT126F8D4D6C0D2C945718EE421C4C7711826.PDF,data\full_dataset\rbi\pdf\RBI_2024-2025_127_DOR.ACC.REC.No.67_21.04.018_2024-25_March_20__2025_Madam____b1c4d704.pdf
12793,RBI/2024-25/126 DOR.ACC.REC.No.66/21.04.018/2024-25,"March 20, 2025","Reserve Bank of India (Financial Statements - Presentation and Disclosures) Directions, 2021: Clarifications",https://rbidocs.rbi.org.in/rdocs/Notification/PDFs/NT1265E1D9BE7D3554413958AC8B6A96EAFED.PDF,data\full_dataset\rbi\pdf\RBI_2024-25_126_DOR.ACC.REC.No.66_21.04.018_2024-25__847a933c.pdf
12792,RBI/2024-2025/125 A.P. (DIR Series) Circular No. 22,"March 17, 2025",Asian Clearing Union (ACU) Mechanism – Indo-Maldives trade,https://rbidocs.rbi.org.in/rdocs/Notification/PDFs/NT1255E0A981CFBD04E0F88593B6FD1BF56F0.PDF,data\full_dataset\rbi\pdf\RBI_2024-2025_125_A.P.__DIR_Series__Circular_No._22__d58eb292.pdf
12791,RBI/2024-25/124 CO.DGBA.GBD.No.S1003/42-01-029/2024-2025,"March 17, 2025",Annual Closing of Government Accounts – Transactions of Central / State Governments – Special Measures for the Current Financial Year (2024-25),https://rbidocs.rbi.org.in/rdocs/Notification/PDFs/NT124D1B9303FED534F90A2C74FBC548228AE.PDF,data\full_dataset\rbi\pdf\RBI_2024-25_124_CO.DGBA.GBD.No.S1003_42-01-029_2024-2025__b532d1fa.pdf
12790,RBI/2024-25/123 DOR. AML.REC.65/14.06.001/2024-25,"March 15, 2025",A. Individuals,https://rbidocs.rbi.org.in/rdocs/Notification/PDFs/NT123686E94C3F3594648BC348052D9A18F79.PDF,data\full_dataset\rbi\pdf\RBI_2024-25_123_DOR._AML.REC.65_14.06.001_2024-25__7ed27879.pdf
12789,RBI/2024-25/122 CO.DGBA.GBD.No.S954/42-01-029/2024-2025,"February 28, 2025",Reporting and Accounting of Central Government transactions for March 2025,https://rbidocs.rbi.org.in/rdocs/Notification/PDFs/NT1224F9841371CF24946850A64B63D2685A8.PDF,data\full_dataset\rbi\pdf\RBI_2024-25_122_CO.DGBA.GBD.No.S954_42-01-029_2024-2025__92dd0f0c.pdf
12788,RBI/2024-25/121 DOR.AML.REC.64/14.06.001/2024-25,"February 27, 2025","Implementation of Section 51A of UAPA, 1967: Updates to UNSC’s 1267/1989 ISIL (Da'esh) & Al-Qaida Sanctions List: Amendments in 01 Entry",https://rbidocs.rbi.org.in/rdocs/Notification/PDFs/NOT121B12995B2B63945AA9FBED7A2747A6534.PDF,data\full_dataset\rbi\pdf\RBI_2024-25_121_DOR.AML.REC.64_14.06.001_2024-25__6019b9ec.pdf
12787,RBI/2024-25/120 DOR.STR.REC.61/21.06.001/2024-25,"February 25, 2025",Exposures of Scheduled Commercial Banks (SCBs) to Non-Banking Financial Companies (NBFCs) – Review of Risk Weights,https://rbidocs.rbi.org.in/rdocs/Notification/PDFs/NT120A97A4D3CBCCE4AEBAAE1B7DB7DCF177D.PDF,data\full_dataset\rbi\pdf\RBI_2024-25_120_DOR.STR.REC.61_21.06.001_2024-25__2ff34b75.pdf
12786,RBI/2024-25/119 DOR.CRE.REC.63/21.06.001/2024-25,"February 25, 2025",Review of Risk Weights on Microfinance Loans,https://rbidocs.rbi.org.in/rdocs/Notification/PDFs/NOTI1196B6C5C2DA9B045E1B78A66F75BB5DAB3.PDF,data\full_dataset\rbi\pdf\RBI_2024-25_119_DOR.CRE.REC.63_21.06.001_2024-25__3f697da3.pdf
12785,RBI/2024-25/118 DOR.CRE.REC.62/07.10.002/2024-25,"February 24, 2025",Review and rationalization of prudential norms - UCBs,https://rbidocs.rbi.org.in/rdocs/Notification/PDFs/NOTI1189494DE298E0745AF88C9B1CA4F4C1ED6.PDF,data\full_dataset\rbi\pdf\RBI_2024-25_118_DOR.CRE.REC.62_07.10.002_2024-25__af4d392c.pdf
12784,"RBI/2024-25/117 FMRD.DIRD.16/14.03.042/2024-25 February 21, 2025 ( Updated","September 22, 2026","Reserve Bank of India (Forward Contracts in Government Securities) Directions, 2025 (Updated as on September 22, 2026)",https://rbidocs.rbi.org.in/rdocs/Notification/PDFs/NT117115BA3350C4D4AEABEF8DE4C2BCDE7BB.PDF,data\full_dataset\rbi\pdf\RBI_2024-25_117_FMRD.DIRD.16_14.03.042_2024-25_February_21__2025___Updated__75adc5a1.pdf
12783,RBI/2024-25/116 DOR.MRG.REC.60/00-00-017/2024-25,"February 17, 2025","Reserve Bank of India (Prudential Regulations on Basel III Capital Framework, Exposure Norms, Significant Investments, Classification, Valuation and Operation of Investment Portfolio Norms and Resource Raising Norms for All India Financial Institutions) Directions, 2023 - Amendment",https://rbidocs.rbi.org.in/rdocs/Notification/PDFs/NT1169A68D6B7EB914975ACA7CB79F56E6655.PDF,data\full_dataset\rbi\pdf\RBI_2024-25_116_DOR.MRG.REC.60_00-00-017_2024-25__373d2eda.pdf
12782,RBI/2024-25/115 FMRD.MIOD.No.15/11.01.051/2024-25,"February 17, 2025",Government securities transactions between a Primary Member (PM) of NDS-OM and its own Gilt Account Holder (GAH) or between two GAHs of the same PM,https://rbidocs.rbi.org.in/rdocs/Notification/PDFs/NT1159066D9AFA3144AC69619285CD18E0B17.PDF,data\full_dataset\rbi\pdf\RBI_2024-25_115_FMRD.MIOD.No.15_11.01.051_2024-25__5636d9ba.pdf
12781,,"February 13, 2025",Export-Import Bank of India’s GOI-supported Line of Credit of USD 120 mn to the Government of the Socialist Republic of Vietnam (GO-VNM) for procurement of High-Speed Guard Boats in the Borrower’s Country,https://rbidocs.rbi.org.in/rdocs/Notification/PDFs/21APDIR13022025720D8E2807E541F299780813FF56C21C.PDF,data\full_dataset\rbi\pdf\Export-Import_Bank_of_India_s_GOI-supported_Line_of_Credit_of_USD_120_mn_to_the_Government_of_the_Socialist_Republic_of_Vietnam__GO-VNM__for_procureme__93afe432.pdf
12780,,"February 13, 2025",Export-Import Bank of India’s GOI-supported Line of Credit of USD 180 mn to the Government of the Socialist Republic of Vietnam for procurement of 4 Offshore Patrol Vessels (OPV) in the Borrower’s Country,https://rbidocs.rbi.org.in/rdocs/Notification/PDFs/20APDIR1302202593BA8C9846644B3ABE1E902A8FC00DCA.PDF,data\full_dataset\rbi\pdf\Export-Import_Bank_of_India_s_GOI-supported_Line_of_Credit_of_USD_180_mn_to_the_Government_of_the_Socialist_Republic_of_Vietnam_for_procurement_of_4_O__b899c8b0.pdf
12779,,"February 10, 2025","Foreign Exchange Management (Manner of Receipt and Payment) (Amendment) Regulations, 2025",https://rbidocs.rbi.org.in/rdocs/Notification/PDFs/FEMA14R(1)12022025937F223E951C4B17A572909928D39D35.PDF,data\full_dataset\rbi\pdf\Foreign_Exchange_Management__Manner_of_Receipt_and_Payment___Amendment__Regulations__2025__d012fc90.pdf
12778,"RBI/2024-25/112 DOR.CO.SOG(Leg) No.59/09.08.024/2024-25 February 11, 2025 A","March 31, 2025","All Agency Banks to remain open for public on March 31, 2025 (Monday)",https://rbidocs.rbi.org.in/rdocs/Notification/PDFs/NT112FF1E262985EE4D9EA04CD750EF955C1D.PDF,data\full_dataset\rbi\pdf\RBI_2024-25_112_DOR.CO.SOG_Leg__No.59_09.08.024_2024-25_February_11__2025_A__1edf4560.pdf
12777,,"February 07, 2025",Access of SEBI-registered non-bank brokers to NDS-OM,https://rbidocs.rbi.org.in/rdocs/Notification/PDFs/127MD_NDSOMDIRECTIONS5790D42339FB46569DBC0752355C159A.PDF,data\full_dataset\rbi\pdf\Access_of_SEBI-registered_non-bank_brokers_to_NDS-OM__deb048e4.pdf
12776,RBI/2024-25/111 DoR.RET.REC.57/12.01.001/2024-25,"February 07, 2025",Change in Bank Rate,https://rbidocs.rbi.org.in/rdocs/Notification/PDFs/NT11129E0B0E03DA348C4A33B5CAC4D7FC777.PDF,data\full_dataset\rbi\pdf\RBI_2024-25_111_DoR.RET.REC.57_12.01.001_2024-25__ef1176ab.pdf
12775,RBI/2024-25/110 REF.No.MPD.BC.398/07.01.279/2024-25,"February 07, 2025",Standing Liquidity Facility for Primary Dealers,https://rbidocs.rbi.org.in/rdocs/Notification/PDFs/NT1104EB9E99A9AD0417BB208D27EF7D2747D.PDF,data\full_dataset\rbi\pdf\RBI_2024-25_110_REF.No.MPD.BC.398_07.01.279_2024-25__30ba23b8.pdf
12774,RBI/2024-25/109 FMOD.MAOG.No.150/01.01.001/2024-25,"February 07, 2025",Liquidity Adjustment Facility - Change in rates,https://rbidocs.rbi.org.in/rdocs/Notification/PDFs/NOT1090C5E6F5BF60F4502873BDA6B6FB7108D.PDF,data\full_dataset\rbi\pdf\RBI_2024-25_109_FMOD.MAOG.No.150_01.01.001_2024-25__c2d74c35.pdf
12773,RBI/2024-25/108 EFD.CO.No.1/02.08.001/2024-25,"January 30, 2025","Framework for imposing monetary penalty and compounding of offences under the Payment and Settlement Systems Act, 2007",https://rbidocs.rbi.org.in/rdocs/Notification/PDFs/NT108AA12014D00734F849B0B871142686CC0.PDF,data\full_dataset\rbi\pdf\RBI_2024-25_108_EFD.CO.No.1_02.08.001_2024-25__4f053ac1.pdf
12772,RBI/2024-25/107 DOR.FIN.REC.No.58/03.10.136/2024-25,"January 29, 2025",Private Placement of Non-Convertible Debentures (NCDs) with maturity period of more than one year by HFCs – Review of guidelines,https://rbidocs.rbi.org.in/rdocs/Notification/PDFs/NT107F51C2368ABD744919286A390E3875FCC.PDF,data\full_dataset\rbi\pdf\RBI_2024-25_107_DOR.FIN.REC.No.58_03.10.136_2024-25__64f1ec0d.pdf
12771,RBI/2024-25/106 DoR.SIG.FIN.REC.56/26.03.001/2024-25,"January 20, 2025",Guidelines on Settlement of Dues of borrowers by ARCs,https://rbidocs.rbi.org.in/rdocs/Notification/PDFs/NT106271D7E1C6213494BBC7F0A5CC1B2ECAE.PDF,data\full_dataset\rbi\pdf\RBI_2024-25_106_DoR.SIG.FIN.REC.56_26.03.001_2024-25__2d4f6cf8.pdf
12770,RBI/2024-25/105 CEPD.CO.OBD.No.S1270/50-01-001/2024-25,"January 17, 2025",Prevention of financial frauds perpetrated using voice calls and SMS – Regulatory prescriptions and Institutional Safeguards,https://rbidocs.rbi.org.in/rdocs/Notification/PDFs/NT1058876D2198D1842F5B5CA2B669BCA5C97.PDF,data\full_dataset\rbi\pdf\RBI_2024-25_105_CEPD.CO.OBD.No.S1270_50-01-001_2024-25__d53df8c4.pdf
12769,RBI/2024-25/104 Ref.No.DoS.CO.PPG/SEC.13/11.01.005/2024-25,"January 17, 2025",Coverage of customers under the nomination facility,https://rbidocs.rbi.org.in/rdocs/Notification/PDFs/NT10407A7943D557D4FF4BD376800F331C3B9.PDF,data\full_dataset\rbi\pdf\RBI_2024-25_104_Ref.No.DoS.CO.PPG_SEC.13_11.01.005_2024-25__7126b5c8.pdf
12768,,"January 14, 2025","Foreign Exchange Management (Mode of Payment and Reporting of Non-Debt Instruments) (Third Amendment) Regulations, 2025",https://rbidocs.rbi.org.in/rdocs/Notification/PDFs/FEMA39516012025F6708D35EF714F0494C879D64D6E7EE6.PDF,data\full_dataset\rbi\pdf\Foreign_Exchange_Management__Mode_of_Payment_and_Reporting_of_Non-Debt_Instruments___Third_Amendment__Regulations__2025__b54e20e2.pdf
12767,,"January 14, 2025","Foreign Exchange Management (Foreign Currency Accounts by a person resident in India) (Fifth Amendment) Regulations, 2025",https://rbidocs.rbi.org.in/rdocs/Notification/PDFs/FEMA10R160120253E949765CCCB4B8FB73DF8528900E5A9.PDF,data\full_dataset\rbi\pdf\Foreign_Exchange_Management__Foreign_Currency_Accounts_by_a_person_resident_in_India___Fifth_Amendment__Regulations__2025__4c7a50b4.pdf
12766,,"January 14, 2025","Foreign Exchange Management (Deposit) (Fifth Amendment) Regulations, 2025",https://rbidocs.rbi.org.in/rdocs/Notification/PDFs/FEMA5R160120252E749A30BDE240B68D0CADA6A572F06A.PDF,data\full_dataset\rbi\pdf\Foreign_Exchange_Management__Deposit___Fifth_Amendment__Regulations__2025__50901d3a.pdf
12765,"RBI/2024-25/126 FMRD.FMD.No.10/14.01.006/2024-25 January 07, 2025 ( Updated","June 05, 2026",Short-term investment limit:,https://rbidocs.rbi.org.in/rdocs/Notification/PDFs/MD126B9CF2E0CABD14471955E50A54D8291F2.PDF,data\full_dataset\rbi\pdf\RBI_2024-25_126_FMRD.FMD.No.10_14.01.006_2024-25_January_07__2025___Updated__a8cff6b5.pdf
12764,,"January 06, 2025",Data Formats for reporting of Credit Information,https://rbidocs.rbi.org.in/rdocs/Notification/PDFs/125MD0601257105ED8375BB487AAA4C45F3B88AD0C5.PDF,data\full_dataset\rbi\pdf\Data_Formats_for_reporting_of_Credit_Information__cdfa1e40.pdf
12763,"RBI/2024-25/103 CO.DGBA.GBD.No.S770/42-01-029/2024-2025 January 03, 2025 Al","March 30, 2025","Status of March 30, 2025 for Government transactions through integration with e-Kuber",https://rbidocs.rbi.org.in/rdocs/Notification/PDFs/NOTI1033D63656112C84614A441726C51293520.PDF,data\full_dataset\rbi\pdf\RBI_2024-25_103_CO.DGBA.GBD.No.S770_42-01-029_2024-2025_January_03__2025_Al__ed16effd.pdf
12762,RBI/2024-25/102 FIDD.CO.LBS.BC.No.11/02.08.001/2024-25,"January 02, 2025",Formation of new district in the State of Nagaland – Assignment of Lead Bank Responsibility,https://rbidocs.rbi.org.in/rdocs/Notification/PDFs/NT1020E374133762045F4ACBB88BFFFD6D791.PDF,data\full_dataset\rbi\pdf\RBI_2024-25_102_FIDD.CO.LBS.BC.No.11_02.08.001_2024-25__d9b9135a.pdf
12761,RBI/2024-25/101 FMRD.DIRD.No.09/14.03.004/2024-25,"January 01, 2025",Participation of NaBFID as an AIFI in financial markets,https://rbidocs.rbi.org.in/rdocs/Notification/PDFs/NOTI1010101202527AE5FFA3B6C464AAECBC93D82779915.PDF,data\full_dataset\rbi\pdf\RBI_2024-25_101_FMRD.DIRD.No.09_14.03.004_2024-25__14b7e40b.pdf
12760,RBI/2024-25/100 DOR.STR.REC.54/21.04.048/2024-25,"December 31, 2024",Government Debt Relief Schemes (DRS),https://rbidocs.rbi.org.in/rdocs/Notification/PDFs/NT1002CED3F78E02D471A9C7ABB913F3FC257.PDF,data\full_dataset\rbi\pdf\RBI_2024-25_100_DOR.STR.REC.54_21.04.048_2024-25__6cfc2fc2.pdf
12759,RBI/2024-25/99 CO.DPSS.RPPD.No.S987/04.03.001/2024-25,"December 30, 2024",Introduction of beneficiary bank account name look-up facility for Real Time Gross Settlement (RTGS) and National Electronic Funds Transfer (NEFT) Systems,https://rbidocs.rbi.org.in/rdocs/Notification/PDFs/NT9967BC52F8F55C4ACB81C548E7EA1FC245.PDF,data\full_dataset\rbi\pdf\RBI_2024-25_99_CO.DPSS.RPPD.No.S987_04.03.001_2024-25__55a6cb92.pdf
12758,,"November 19, 2024","Foreign Exchange Management (Foreign Currency Accounts by a Person Resident in India) (Fourth Amendment) Regulations, 2024",https://rbidocs.rbi.org.in/rdocs/Notification/PDFs/NOTI10R42024B0BC1EE237A34670B40D1C0C09D1C42F.PDF,data\full_dataset\rbi\pdf\Foreign_Exchange_Management__Foreign_Currency_Accounts_by_a_Person_Resident_in_India___Fourth_Amendment__Regulations__2024__6b051542.pdf
12757,RBI/2024-25/98 FMRD.FMD.No.08/02.03.185/2024-25,"December 27, 2024",Reporting Platform for transactions undertaken to hedge price risk of gold,https://rbidocs.rbi.org.in/rdocs/Notification/PDFs/NT98DE7D00055A2D49B589DAAD69E4C6D44A.PDF,data\full_dataset\rbi\pdf\RBI_2024-25_98_FMRD.FMD.No.08_02.03.185_2024-25__540e4a1b.pdf
12756,RBI/2024-2025/97 CO.DPSS.POLC.No.S972/02-14-006/2024-25,"December 27, 2024",Unified Payments Interface (UPI) access for Prepaid Payment Instruments (PPIs) through third-party applications,https://rbidocs.rbi.org.in/rdocs/Notification/PDFs/NT9771BAA9F8215C4661BDBD7EE83A983FC8.PDF,data\full_dataset\rbi\pdf\RBI_2024-2025_97_CO.DPSS.POLC.No.S972_02-14-006_2024-25__17e2b392.pdf
12755,RBI/2024-2025/96 FIDD.CO.FSD.BC.No.10/05.05.010/2024-25,"December 6, 2024",Credit Flow to Agriculture – Collateral free agricultural loans,https://rbidocs.rbi.org.in/rdocs/Notification/PDFs/NOT96144E24E148514F10B93A2E1CD4D649B1.PDF,data\full_dataset\rbi\pdf\RBI_2024-2025_96_FIDD.CO.FSD.BC.No.10_05.05.010_2024-25__885e609a.pdf
12754,RBI/2024-25/95 DoR.RET.REC.52/12.01.001/2024-25,"December 06, 2024",Maintenance of Cash Reserve Ratio (CRR),https://rbidocs.rbi.org.in/rdocs/Notification/PDFs/NT95316AD26DF3224344A8DBD1C6F7D64A43.PDF,data\full_dataset\rbi\pdf\RBI_2024-25_95_DoR.RET.REC.52_12.01.001_2024-25__5c34118b.pdf
12753,RBI/2024-25/94 DoR.SPE.REC.No.51/13.03.00/2024-2025,"December 06, 2024",Interest Rates on Foreign Currency (Non-resident) Accounts (Banks) [FCNR(B)] Deposits,https://rbidocs.rbi.org.in/rdocs/Notification/PDFs/NOTI949439F31D59FD459081C099F4C71AAD1A.PDF,data\full_dataset\rbi\pdf\RBI_2024-25_94_DoR.SPE.REC.No.51_13.03.00_2024-2025__10063252.pdf
12752,RBI/2024-25/93 CO.DPSS.POLC.No.S908/02-14-003/2024-25,"December 04, 2024",Amendment to Framework for Facilitating Small Value Digital Payments in Offline Mode,https://rbidocs.rbi.org.in/rdocs/Notification/PDFs/NT93BF202BF7266D4E5FB257B8D6EDA5A686.PDF,data\full_dataset\rbi\pdf\RBI_2024-25_93_CO.DPSS.POLC.No.S908_02-14-003_2024-25__46d2e688.pdf
12751,RBI/2024-25/92 DOR.AML.REC.50/14.06.001/2024-25,"December 04, 2024",QDi.278 Name,https://rbidocs.rbi.org.in/rdocs/Notification/PDFs/NT92D42E8CAAE94E4B98966933A3B039B45E.PDF,data\full_dataset\rbi\pdf\RBI_2024-25_92_DOR.AML.REC.50_14.06.001_2024-25__985c4abc.pdf
12750,RBI/2024-25/91 DoS.CO.PPG.SEC.12/11.01.005/2024-25,"December 02, 2024",Inoperative Accounts / Unclaimed Deposits in banks,https://rbidocs.rbi.org.in/rdocs/Notification/PDFs/NT91FB21362848C044A7A5AC77EC6BF16069.PDF,data\full_dataset\rbi\pdf\RBI_2024-25_91_DoS.CO.PPG.SEC.12_11.01.005_2024-25__4cc62f22.pdf
12749,RBI/2024-25/90 A.P. (DIR Series) Circular No. 19,"November 11, 2024",Operational framework for reclassification of Foreign Portfolio Investment to Foreign Direct Investment (FDI),https://rbidocs.rbi.org.in/rdocs/Notification/PDFs/NT90625ECB4FD4F04239BA69B10E311A9941.PDF,data\full_dataset\rbi\pdf\RBI_2024-25_90_A.P.__DIR_Series__Circular_No._19__b4f296f4.pdf
12748,RBI/2024-25/89 FMRD.MIOD.07/02.05.002/2024-25,"November 08, 2024",Reporting of Foreign Exchange Transactions to Trade Repository,https://rbidocs.rbi.org.in/rdocs/Notification/PDFs/NT89F4D92410284144889D442DB87332875D.PDF,data\full_dataset\rbi\pdf\RBI_2024-25_89_FMRD.MIOD.07_02.05.002_2024-25__9cf94eb7.pdf
12747,RBI/2024-25/88 FMRD.FMD.No.06/14.01.006/2024-25,"November 07, 2024",‘Fully Accessible Route’ for Investment by Non-residents in Government Securities – Inclusion of Sovereign Green Bonds,https://rbidocs.rbi.org.in/rdocs/Notification/PDFs/NOTI8807112024C5A8965FF08349948FBE92259CD2CD51.PDF,data\full_dataset\rbi\pdf\RBI_2024-25_88_FMRD.FMD.No.06_14.01.006_2024-25__13ae70b2.pdf
12746,RBI/2024-2025/87 DOR.AML.REC.49/14.01.001/2024-25,"November 06, 2024","Amendment to the Master Direction - Know Your Customer (KYC) Direction, 2016",https://rbidocs.rbi.org.in/rdocs/Notification/PDFs/NOTI87296ED881E788420F971BE7ACDD35EAFE.PDF,data\full_dataset\rbi\pdf\RBI_2024-2025_87_DOR.AML.REC.49_14.01.001_2024-25__c050b05c.pdf
12745,RBI/2024-2025/86 DCM (NPD) No.S2193/09.45.000/2024-25,"October 30, 2024",Note Sorting Machines: Standards issued by the Bureau of Indian Standards,https://rbidocs.rbi.org.in/rdocs/Notification/PDFs/NOTI86BF5DEF043603436091B82A0E755FC6A3.PDF,data\full_dataset\rbi\pdf\RBI_2024-2025_86_DCM__NPD__No.S2193_09.45.000_2024-25__06ae5f5d.pdf
12744,RBI/2024-2025/85 DPSS.CO.RLVPD.No.S789/02.07.038/2024-25,"October 28, 2024",Directions for Central Counterparties (CCPs),https://rbidocs.rbi.org.in/rdocs/Notification/PDFs/NT859617AC3CE27F4311B552D75319D94DFC.PDF,data\full_dataset\rbi\pdf\RBI_2024-2025_85_DPSS.CO.RLVPD.No.S789_02.07.038_2024-25__2c4eda25.pdf
12743,RBI/2024-25/84 DOR.AML.REC.48/14.06.001/2024-25,"October 19, 2024","Designation of one organisation under Section 35(1) (a) and 2(1) (m) of the Unlawful Activities (Prevention) Act, 1967 and its listing in the First Schedule of the Act- Reg.",https://rbidocs.rbi.org.in/rdocs/Notification/PDFs/NT84C2136375F75045ABBBF01CADB0CE81A5.PDF,data\full_dataset\rbi\pdf\RBI_2024-25_84_DOR.AML.REC.48_14.06.001_2024-25__6c246026.pdf
12742,,"October 18, 2024","Reserve Bank of India (Access Criteria for NDS-OM) Directions, 2024 [These directions have been superseded by Master Direction - Reserve Bank of India (Access Criteria for NDS-OM) Directions, 2025]",https://rbidocs.rbi.org.in/rdocs/Notification/PDFs/124MD825F9F7127044B6F9BD2BDAA7C96D4B9.PDF,data\full_dataset\rbi\pdf\Reserve_Bank_of_India__Access_Criteria_for_NDS-OM__Directions__2024__These_directions_have_been_superseded_by_Master_Direction_-_Reserve_Bank_of_India__85e2f7b5.pdf
12741,RBI/2024-25/83 CO.DPSS.POLC.No.S-708/02-12-004/2024-25,"October 11, 2024",Facilitating accessibility to digital payment systems for Persons with Disabilities - Guidelines,https://rbidocs.rbi.org.in/rdocs/Notification/PDFs/NOT838196C0F37571427181419D7ADF9FFCC0.PDF,data\full_dataset\rbi\pdf\RBI_2024-25_83_CO.DPSS.POLC.No.S-708_02-12-004_2024-25__ea561d15.pdf
12740,RBI/2024-25/82 DoR.FIN.REC.No.46/26.03.001/2024-25,"October 10, 2024",Submission of information to Credit Information Companies (CICs) by ARCs,https://rbidocs.rbi.org.in/rdocs/Notification/PDFs/NT82D77886396CE0430A81D969BFCFF36677.PDF,data\full_dataset\rbi\pdf\RBI_2024-25_82_DoR.FIN.REC.No.46_26.03.001_2024-25__2b2606e1.pdf
12739,RBI/2024-25/81 DoR.FIN.REC.47/20.16.042/2024-25,"October 10, 2024",Implementation of Credit Information Reporting Mechanism subsequent to cancellation of licence or Certificate of Registration,https://rbidocs.rbi.org.in/rdocs/Notification/PDFs/NT8168B076CEC99F42B8B35977E11DE09224.PDF,data\full_dataset\rbi\pdf\RBI_2024-25_81_DoR.FIN.REC.47_20.16.042_2024-25__118cee77.pdf
12738,RBI/2024-25/80 DOR.STR.REC.45/04.02.001/2024-25,"October 9, 2024",Interest Equalization Scheme (IES) on Pre and Post Shipment Rupee Export Credit,https://rbidocs.rbi.org.in/rdocs/Notification/PDFs/NT80FF664C5E72AA4BCCAEC9976B9FF1DC8D.PDF,data\full_dataset\rbi\pdf\RBI_2024-25_80_DOR.STR.REC.45_04.02.001_2024-25__1a2c5ddd.pdf
12737,RBI/2024-25/79 A.P. (DIR Series) Circular No. 18,"October 04, 2024",Due diligence in relation to non-resident guarantees availed by persons resident in India,https://rbidocs.rbi.org.in/rdocs/Notification/PDFs/APDIR1886DDEC299F994B3DAB7B83E0B4842AED.PDF,data\full_dataset\rbi\pdf\RBI_2024-25_79_A.P.__DIR_Series__Circular_No._18__ed119b30.pdf
12736,,"October 01, 2024","Directions - Compounding of Contraventions under FEMA, 1999",https://rbidocs.rbi.org.in/rdocs/Notification/PDFs/78APDIR01102024FEF1F4D3296446078986E87F12B397A3.PDF,data\full_dataset\rbi\pdf\Directions_-_Compounding_of_Contraventions_under_FEMA__1999__adeabce2.pdf
12735,RBI/2024-25/77 DoS.CO.PPG.SEC.10/11.01.005/2024-25,"September 30, 2024",Gold loans - Irregular practices observed in grant of loans against pledge of gold ornaments and jewellery,https://rbidocs.rbi.org.in/rdocs/Notification/PDFs/NOTI74300924007B5C91C2704D8C8F5152E2FC314A66.PDF,data\full_dataset\rbi\pdf\RBI_2024-25_77_DoS.CO.PPG.SEC.10_11.01.005_2024-25__3f1af091.pdf
12734,RBI/2024-25/76 DOR.STR.REC.44/04.02.001/2024-25,"September 20, 2024",Interest Equalization Scheme (IES) on Pre and Post Shipment Rupee Export Credit,https://rbidocs.rbi.org.in/rdocs/Notification/PDFs/NT76A97AD9E6820E4BFBA1681F53F0CACA22.PDF,data\full_dataset\rbi\pdf\RBI_2024-25_76_DOR.STR.REC.44_04.02.001_2024-25__23d96bc6.pdf
12733,RBI/2024-25/75 DOR.AML.REC.43/14.06.001/2024-25,"September 19, 2024","Implementation of Section 12A of the Weapons of Mass Destruction and their Delivery Systems (Prohibition of Unlawful Activities) Act, 2005: Designated List (Amendments)",https://rbidocs.rbi.org.in/rdocs/Notification/PDFs/NT75CA5072A1B04B45E6AB2600D8625436C4.PDF,data\full_dataset\rbi\pdf\RBI_2024-25_75_DOR.AML.REC.43_14.06.001_2024-25__fe088cc5.pdf
12732,RBI/2024-25/74 A.P. (DIR Series) Circular No. 16,"September 06, 2024",Liberalised Remittance Scheme (LRS) for Resident Individuals- Discontinuation of Reporting of monthly return,https://rbidocs.rbi.org.in/rdocs/Notification/PDFs/NT7412065F7D5BEC4429A9A267DD46146B29.PDF,data\full_dataset\rbi\pdf\RBI_2024-25_74_A.P.__DIR_Series__Circular_No._16__1d3a136d.pdf
12731,RBI/2024-25/73 CO.FIDD.PCD.BC.No.9/04-04-003/2024-25,"September 02, 2024",Review of Extant Instructions – Withdrawal of Circulars,https://rbidocs.rbi.org.in/rdocs/Notification/PDFs/NOTI7325C3BDCB7FDD4984B32767AAC4EAEF30.PDF,data\full_dataset\rbi\pdf\RBI_2024-25_73_CO.FIDD.PCD.BC.No.9_04-04-003_2024-25__721bc5f2.pdf
12730,RBI/2024-25/72 CO.FMRD.FMIA.No.S242/11-01-051/2024-2025,"August 29, 2024",Scheme for Trading and Settlement of Sovereign Green Bonds in the International Financial Services Centre in India,https://rbidocs.rbi.org.in/rdocs/Notification/PDFs/NT7224C5BE6513F44CFBAF726741BAFF7209.PDF,data\full_dataset\rbi\pdf\RBI_2024-25_72_CO.FMRD.FMIA.No.S242_11-01-051_2024-2025__b609ce8f.pdf
12729,RBI/2024-25/71 DOR.STR.REC.41/04.02.001/2024-25,"August 29, 2024",Interest Equalization Scheme (IES) on Pre and Post Shipment Rupee Export Credit,https://rbidocs.rbi.org.in/rdocs/Notification/PDFs/NT719A188B4B0BFB40E9AA6DE460E6C38019.PDF,data\full_dataset\rbi\pdf\RBI_2024-25_71_DOR.STR.REC.41_04.02.001_2024-25__1859cf0f.pdf
12728,RBI/2024-25/70 DOR.AML.REC.42/14.06.001/2024-25,"August 27, 2024","Implementation of Section 51A of UAPA, 1967: Updates to UNSC’s 1267/1989 ISIL (Da'esh) & Al-Qaida Sanctions List: Amendments in 01 Entry",https://rbidocs.rbi.org.in/rdocs/Notification/PDFs/NT704AAB1201D110460CBA8FABE2D782EEBA.PDF,data\full_dataset\rbi\pdf\RBI_2024-25_70_DOR.AML.REC.42_14.06.001_2024-25__e9c5137f.pdf
12727,RBI/2024-25/66 DoR.RET.REC.37/12.07.160/2024-25,"August 22, 2024","Cessation of “Credit Suisse AG” as a banking company within the meaning of sub section (2) of Section 36 (A) of the Banking Regulation Act, 1949",https://rbidocs.rbi.org.in/rdocs/Notification/PDFs/NOTI66F7B57648EB754C299B2A6F06ECE170FD.PDF,data\full_dataset\rbi\pdf\RBI_2024-25_66_DoR.RET.REC.37_12.07.160_2024-25__dac0e964.pdf
12726,RBI/2024-25/65 DoR.RET.REC.36/12.07.160/2024-25,"August 22, 2024","Inclusion of “UBS AG” in the Second Schedule of the Reserve Bank of India Act, 1934",https://rbidocs.rbi.org.in/rdocs/Notification/PDFs/NOT659E17597FFD80443AB6C6EC563E7FB9E1.PDF,data\full_dataset\rbi\pdf\RBI_2024-25_65_DoR.RET.REC.36_12.07.160_2024-25__8e80d8f8.pdf
12725,RBI/2024-25/69 DoR.RET.REC.40/12.07.160/2024-25,"August 22, 2024","Cessation of “Krung Thai Bank Public Company Limited” as a banking company within the meaning of sub section (2) of Section 36 (A) of the Banking Regulation Act, 1949",https://rbidocs.rbi.org.in/rdocs/Notification/PDFs/NOTI69CD71B6481B4A4E35BC8545D28F85DB45.PDF,data\full_dataset\rbi\pdf\RBI_2024-25_69_DoR.RET.REC.40_12.07.160_2024-25__03cb6acd.pdf
12724,RBI/2024-25/67 DoR.RET.REC.38/12.07.160/2024-25,"August 22, 2024","Exclusion of “Credit Suisse AG” from the Second Schedule of the Reserve Bank of India Act, 1934",https://rbidocs.rbi.org.in/rdocs/Notification/PDFs/NT675BB44CA9055D4083B9A34A3155667AC1.PDF,data\full_dataset\rbi\pdf\RBI_2024-25_67_DoR.RET.REC.38_12.07.160_2024-25__8a41e9fa.pdf
12723,RBI/2024-25/68 DoR.RET.REC.39/12.07.160/2024-25,"August 22, 2024","Exclusion of “Krung Thai Bank Public Company Limited” from the Second Schedule of the Reserve Bank of India Act, 1934",https://rbidocs.rbi.org.in/rdocs/Notification/PDFs/NT68D9A589774DF945628E5EDC16C29C762D.PDF,data\full_dataset\rbi\pdf\RBI_2024-25_68_DoR.RET.REC.39_12.07.160_2024-25__86a3b5fd.pdf
12722,RBI/2024-25/64 CO.DPSS.POLC.No.S528/02-14-003/2024-25,"August 22, 2024",Processing of e-mandates for recurring transactions,https://rbidocs.rbi.org.in/rdocs/Notification/PDFs/NT64C1A72428CA094BCEAC4BC4740F016A9F.PDF,data\full_dataset\rbi\pdf\RBI_2024-25_64_CO.DPSS.POLC.No.S528_02-14-003_2024-25__f8de8395.pdf
12721,RBI/2024-25/63 DoR.FIN.REC.35/03.10.124/2024-25,"August 16, 2024","Review of Master Direction - Non-Banking Financial Company – Peer to Peer Lending Platform (Reserve Bank) Directions, 2017",https://rbidocs.rbi.org.in/rdocs/Notification/PDFs/CIRCULARREVIEWMD0EF8079DFF124A3E9B223F4AAEE6D8A5.PDF,data\full_dataset\rbi\pdf\RBI_2024-25_63_DoR.FIN.REC.35_03.10.124_2024-25__0dabc112.pdf
12720,RBI/2024-25/62 DOR.CRE.REC.33/08.12.001/2024-25,"August 12, 2024",Review of Risk Weights for Housing Finance Companies (HFCs),https://rbidocs.rbi.org.in/rdocs/Notification/PDFs/NT6275D15E08245042F9A7A498601A2023F3.PDF,data\full_dataset\rbi\pdf\RBI_2024-25_62_DOR.CRE.REC.33_08.12.001_2024-25__aed946e8.pdf
12719,RBI/2024-25/61 DOR.FIN.REC.No.34/03.10.136/2024-25,"August 12, 2024",Review of regulatory framework for HFCs and harmonisation of regulations applicable to HFCs and NBFCs,https://rbidocs.rbi.org.in/rdocs/Notification/PDFs/NT618E21D4E059654A64844371A4336600F1.PDF,data\full_dataset\rbi\pdf\RBI_2024-25_61_DOR.FIN.REC.No.34_03.10.136_2024-25__4a55ab16.pdf
12718,RBI/2024-25/60 DoR.FIN.REC.No.32/20.16.056/2024-25,"August 08, 2024",Frequency of reporting of credit information by Credit Institutions to Credit Information Companies,https://rbidocs.rbi.org.in/rdocs/Notification/PDFs/NT604457891C4CAA4D569FD7C06F4271AD17.PDF,data\full_dataset\rbi\pdf\RBI_2024-25_60_DoR.FIN.REC.No.32_20.16.056_2024-25__1795a808.pdf
12717,RBI/2024-25/59 FIDD.CO.FSD.BC.No.8/05.02.001/2024-25,"August 06, 2024",Modified Interest Subvention Scheme for Short Term Loans for Agriculture and Allied Activities availed through Kisan Credit Card (KCC) during the financial year 2024-25,https://rbidocs.rbi.org.in/rdocs/Notification/PDFs/NT59F9B73C95A4814EB1BC82D72A173A0770.PDF,data\full_dataset\rbi\pdf\RBI_2024-25_59_FIDD.CO.FSD.BC.No.8_05.02.001_2024-25__22cce36e.pdf
12716,RBI/2024-25/58 DOR.CAP.REC.No.27/09.18.201/2024-25,"August 02, 2024",Prudential Treatment of Bad and Doubtful Debt Reserve by Co-operative Banks,https://rbidocs.rbi.org.in/rdocs/Notification/PDFs/NT589B0818A4BB6C4A688EDE5E97EF1F2676.PDF,data\full_dataset\rbi\pdf\RBI_2024-25_58_DOR.CAP.REC.No.27_09.18.201_2024-25__619b892d.pdf
12715,,"July 30, 2024",Master Directions on Cyber Resilience and Digital Payment Security Controls for non-bank Payment System Operators,https://rbidocs.rbi.org.in/rdocs/Notification/PDFs/MD123C0C6F7FF70E34F3DA5623B9E72AB3181.PDF,data\full_dataset\rbi\pdf\Master_Directions_on_Cyber_Resilience_and_Digital_Payment_Security_Controls_for_non-bank_Payment_System_Operators__72caa082.pdf
12714,RBI/2024-25/57 DOR.CAP.REC.No.30/09.18.201/2024-25,"July 30, 2024",Guidelines on treatment of Dividend Equalisation Fund (DEF)- Primary (Urban) Co-operative Banks (UCBs),https://rbidocs.rbi.org.in/rdocs/Notification/PDFs/NOT5791BADC2338E3456D9C860F560AFDD115.PDF,data\full_dataset\rbi\pdf\RBI_2024-25_57_DOR.CAP.REC.No.30_09.18.201_2024-25__b606d495.pdf
12713,,"July 30, 2024",Master Direction on Treatment of Wilful Defaulters and Large Defaulters,https://rbidocs.rbi.org.in/rdocs/Notification/PDFs/MD122F0B6356D6BC14C85A960DEE7CDD9FBD8.PDF,data\full_dataset\rbi\pdf\Master_Direction_on_Treatment_of_Wilful_Defaulters_and_Large_Defaulters__980d5b68.pdf
12712,RBI/2024-25/56 FMRD.FMID.No.03/14.01.006/2024-25,"July 29, 2024",‘Fully Accessible Route’ for Investment by Non-residents in Government Securities – Exclusion of new issuances in 14-year and 30-year tenor securities,https://rbidocs.rbi.org.in/rdocs/Notification/PDFs/NOT56A267C7C0DAC04DC9AAF57F68453C8887.PDF,data\full_dataset\rbi\pdf\RBI_2024-25_56_FMRD.FMID.No.03_14.01.006_2024-25__cda77aa1.pdf
12711,RBI/2024-25/55 DOS.CO.PPG.SEC.No.8/11.01.005/2024-25,"July 26, 2024",Prompt Corrective Action (PCA) Framework for Primary (Urban) Co-operative Banks (UCBs),https://rbidocs.rbi.org.in/rdocs/Notification/PDFs/PCAFRAMEWORKFORUCBSF9A6325731F14E3D96A2E1081B7C8251.PDF,data\full_dataset\rbi\pdf\RBI_2024-25_55_DOS.CO.PPG.SEC.No.8_11.01.005_2024-25__cecc4ce2.pdf
12710,,"April 01, 2026","Master Direction - Overseas Investment (Updated as on April 01, 2026)",https://rbidocs.rbi.org.in/rdocs/Notification/PDFs/121MDOI2507202427D16C96B42C4E0B849FFD9732752B68.PDF,data\full_dataset\rbi\pdf\Master_Direction_-_Overseas_Investment__Updated_as_on_April_01__2026___c33590df.pdf
12709,RBI/2024-25/53 DOR.CRE.REC.28/07.10.002/2024-25,"July 25, 2024",Small Value Loans – Primary (Urban) Co-operative Banks (UCBs),https://rbidocs.rbi.org.in/rdocs/Notification/PDFs/NT5344988C6BA27643EBB1E210A27C13CCD3.PDF,data\full_dataset\rbi\pdf\RBI_2024-25_53_DOR.CRE.REC.28_07.10.002_2024-25__4e83ffc0.pdf
12708,RBI/2024-25/54 DOR.CRE.REC.29/07.10.002/2024-25,"July 25, 2024",Bank Finance against Shares and Debentures,https://rbidocs.rbi.org.in/rdocs/Notification/PDFs/NT543F9153FE510844BFA54ED5C4F9611824.PDF,data\full_dataset\rbi\pdf\RBI_2024-25_54_DOR.CRE.REC.29_07.10.002_2024-25__3e04af9e.pdf
12707,RBI/2024-25/52 CO.DPSS.POLC.No.S415/02.27.019/2024-25,"July 24, 2024",a) Cash Pay-out Service,https://rbidocs.rbi.org.in/rdocs/Notification/PDFs/NT52B66E482667DD49C19E61D7C6DED456FB.PDF,data\full_dataset\rbi\pdf\RBI_2024-25_52_CO.DPSS.POLC.No.S415_02.27.019_2024-25__149b1c28.pdf
12706,,"October 17, 2019","Foreign Exchange Management (Debt Instruments) (Second Amendment) Regulations, 2023",https://rbidocs.rbi.org.in/rdocs/Notification/PDFs/FEMA396(2)_1907202401B62C6D0F164B268EB6C796886BC8BE.PDF,data\full_dataset\rbi\pdf\Foreign_Exchange_Management__Debt_Instruments___Second_Amendment__Regulations__2023__0b82efbb.pdf
12705,,"October 17, 2019","Foreign Exchange Management (Debt Instruments) (First Amendment) Regulations, 2021",https://rbidocs.rbi.org.in/rdocs/Notification/PDFs/FEMA396(1)_19072024B0F961D870C94D37A069084695AAD88A.PDF,data\full_dataset\rbi\pdf\Foreign_Exchange_Management__Debt_Instruments___First_Amendment__Regulations__2021__38e2dfb2.pdf
12704,,"July 15, 2024",Master Directions on Fraud Risk Management in Non-Banking Financial Companies (NBFCs) (including Housing Finance Companies),https://rbidocs.rbi.org.in/rdocs/Notification/PDFs/120MDFRAUDRISKNBFCS82139F5C3E9E47798592706B653930FA.PDF,data\full_dataset\rbi\pdf\Master_Directions_on_Fraud_Risk_Management_in_Non-Banking_Financial_Companies__NBFCs___including_Housing_Finance_Companies___e8b55617.pdf
12703,,"July 15, 2024",Master Directions on Fraud Risk Management in Urban Cooperative Banks (UCBs) / State Cooperative Banks (StCBs) / Central Cooperative Banks (CCBs),https://rbidocs.rbi.org.in/rdocs/Notification/PDFs/119MD1507243E72581B827246DA93059E0EC1951F6F.PDF,data\full_dataset\rbi\pdf\Master_Directions_on_Fraud_Risk_Management_in_Urban_Cooperative_Banks__UCBs____State_Cooperative_Banks__StCBs____Central_Cooperative_Banks__CCBs___1a866614.pdf
12702,"RBI/2013-14/601 DBS.OSMOS.No.14703/33.01.001/2013-14, dated May 22, 2014 ).","July 15, 2024",Master Directions on Fraud Risk Management in Commercial Banks (including Regional Rural Banks) and All India Financial Institutions,https://rbidocs.rbi.org.in/rdocs/Notification/PDFs/118MDE97B8ED9A09B4B21BE7FDDE5F836CD09.PDF,data\full_dataset\rbi\pdf\RBI_2013-14_601_DBS.OSMOS.No.14703_33.01.001_2013-14__dated_May_22__2014____4cd4305e.pdf
12701,RBI/2024-25/51 DoS.CO.PPG/SEC.4/11.01.005/2024-25,"July 12, 2024",Withdrawal of Circulars – Internal Review,https://rbidocs.rbi.org.in/rdocs/Notification/PDFs/WITHDRAWALOFCIRCULARSSPARC47C1903B7714440C963995AD5C5570A0.PDF,data\full_dataset\rbi\pdf\RBI_2024-25_51_DoS.CO.PPG_SEC.4_11.01.005_2024-25__441bfc7e.pdf
12700,RBI/2024-25/50 DOR.STR.REC.26/21.06.008/2024-25,"July 10, 2024",Basel III Capital Regulations - Eligible Credit Rating Agencies (ECAI),https://rbidocs.rbi.org.in/rdocs/Notification/PDFs/CIRCULARBRIPL6FB6F5B6CE5A482B8C68DE63CAB98A18.PDF,data\full_dataset\rbi\pdf\RBI_2024-25_50_DOR.STR.REC.26_21.06.008_2024-25__e330d778.pdf
12699,RBI/2024-25/49 A.P. (DIR Series) Circular No. 15,"July 10, 2024",Remittances to International Financial Services Centres (IFSCs) under the Liberalised Remittance Scheme (LRS),https://rbidocs.rbi.org.in/rdocs/Notification/PDFs/APDIRCIRCULARNO15951E78C6770D4FDF97640B7E13DEDB08.PDF,data\full_dataset\rbi\pdf\RBI_2024-25_49_A.P.__DIR_Series__Circular_No._15__e5853a1d.pdf
12698,RBI/2024-2025/48 A.P. (DIR Series) Circular No. 14,"July 08, 2024","Export-Import Bank of India’s GOI-supported Line of Credit of USD 2.50 mn to the Government of Co-operative Republic of Guyana, for installation of Solar Photo Voltaic Power Plant at Cheddi Jagan International Airport",https://rbidocs.rbi.org.in/rdocs/Notification/PDFs/APDIRSERIESCIRCULARNO1426680D26984C4DB48DBD4136D2AA8CA3.PDF,data\full_dataset\rbi\pdf\RBI_2024-2025_48_A.P.__DIR_Series__Circular_No._14__6490f4e6.pdf
12697,RBI/2024-25/46 A.P. (DIR Series) Circular No. 12,"July 03, 2024",Online submission of Form A2: Removal of limits on amount of remittance,https://rbidocs.rbi.org.in/rdocs/Notification/PDFs/12APDIR030720245720DBC684E04D6D87BC44340C925C4B.PDF,data\full_dataset\rbi\pdf\RBI_2024-25_46_A.P.__DIR_Series__Circular_No._12__af70d11f.pdf
12696,RBI/2024-25/47 A.P. (DIR Series) Circular No. 13,"July 03, 2024",Release of foreign exchange for Miscellaneous Remittances,https://rbidocs.rbi.org.in/rdocs/Notification/PDFs/APDIRCIRCULAR13MISCELLANEOUSREMITTANCES9203E1CCD86041B793025A37F951F3F0.PDF,data\full_dataset\rbi\pdf\RBI_2024-25_47_A.P.__DIR_Series__Circular_No._13__2ea00816.pdf
12695,RBI/2024-25/45 DoR.RET.REC.25/12.07.160/2024-25,"June 25, 2024","Exclusion of “Nagar Urban Co-operative Bank Limited” from the Second Schedule of the Reserve Bank of India Act, 1934",https://rbidocs.rbi.org.in/rdocs/Notification/PDFs/NT45280624C0B918BBAFDE435583B5A074F214BFD2.PDF,data\full_dataset\rbi\pdf\RBI_2024-25_45_DoR.RET.REC.25_12.07.160_2024-25__7990b0c4.pdf
12694,RBI/2024-25/44 FIDD.CO.PSD.BC.No.7/04.09.01/2024-25,"June 21, 2024",Priority Sector Lending – Amendments to the Master Directions,https://rbidocs.rbi.org.in/rdocs/Notification/PDFs/NT449EDFFF5272CF42C8B34846D9B2FEE350.PDF,data\full_dataset\rbi\pdf\RBI_2024-25_44_FIDD.CO.PSD.BC.No.7_04.09.01_2024-25__4b97fe2f.pdf
12693,RBI/2024-2025/43 FED Circular No. 11,"June 11, 2024",International Trade Settlement in Indian Rupees (INR) – Opening of additional Current Account for settlement of trade transactions,https://rbidocs.rbi.org.in/rdocs/Notification/PDFs/FEDCIRCULAR05779C569DB84FEA8A5822D569F12F43.PDF,data\full_dataset\rbi\pdf\RBI_2024-2025_43_FED_Circular_No._11__87d813f1.pdf
12692,RBI/2024-2025/42 A.P. (DIR Series) Circular No. 10,"June 11, 2024","Export-Import Bank of India (Exim Bank)’s Government of India-supported Line of Credit of USD 23.37 mn to the Government of the Co-operative Republic of Guyana (GO-GUY), for procurement of two Hindustan 228-201 aircraft from Hindustan Aeronautics Ltd.",https://rbidocs.rbi.org.in/rdocs/Notification/PDFs/NT42A6FF6E5B030049CBAB0CB2F629F03633.PDF,data\full_dataset\rbi\pdf\RBI_2024-2025_42_A.P.__DIR_Series__Circular_No._10__fa7fbefb.pdf
12691,RBI/2024-25/41 A.P. (DIR Series) Circular No. 09,"June 07, 2024","Foreign Exchange Management (Overseas Investment) Directions, 2022 - Investments in Overseas Funds",https://rbidocs.rbi.org.in/rdocs/Notification/PDFs/APDIRCIRCULAR0983259ED23DD84EC0BC5D9864789C84CD.PDF,data\full_dataset\rbi\pdf\RBI_2024-25_41_A.P.__DIR_Series__Circular_No._09__10717729.pdf
12690,RBI/2024-25/40 DoR.SPE.REC.No.24/13.03.00/2024-2025,"June 07, 2024","Amendment to Master Direction - Reserve Bank of India (Interest Rate on Deposits) Directions, 2016",https://rbidocs.rbi.org.in/rdocs/Notification/PDFs/CIRCULARMDINTERESTRATED86B0C4C5DDE4D3F958D1C314007CB69.PDF,data\full_dataset\rbi\pdf\RBI_2024-25_40_DoR.SPE.REC.No.24_13.03.00_2024-2025__a6155ea3.pdf
12689,RBI/2024-25/39 A.P. (DIR Series) Circular No. 08,"May 27, 2024",Instructions on Money Changing Activities,https://rbidocs.rbi.org.in/rdocs/Notification/PDFs/39APDIRCIRCULARB627F3603D8B4C9483552A83EE7C4DFC.PDF,data\full_dataset\rbi\pdf\RBI_2024-25_39_A.P.__DIR_Series__Circular_No._08__553e89a4.pdf
12688,RBI/2024-25/38 DOR.RET.REC.23/12.07.160/2024-25,"May 24, 2024","Exclusion of ""Fincare Small Finance Bank Limited"" from the Second Schedule to the Reserve Bank of India Act, 1934 and cessation as a banking company",https://rbidocs.rbi.org.in/rdocs/Notification/PDFs/NT38E38FC9AB9EA245539F614DE46F302020.PDF,data\full_dataset\rbi\pdf\RBI_2024-25_38_DOR.RET.REC.23_12.07.160_2024-25__4414a979.pdf
12687,RBI/2024-25/37 DoS.CO.PPG.SEC.2/11.01.005/2024-25,"May 21, 2024",Internal Review – Interim Recommendations – Withdrawal of Circulars,https://rbidocs.rbi.org.in/rdocs/Notification/PDFs/NT37C3E500BEBDCA4186857D6D0DFFF3D277.PDF,data\full_dataset\rbi\pdf\RBI_2024-25_37_DoS.CO.PPG.SEC.2_11.01.005_2024-25__d1810c4e.pdf
12686,RBI/2024-25/36 A.P. (DIR Series) Circular No. 7,"May 21, 2024","Issuance of partly paid units to persons resident outside India by investment vehicles under Foreign Exchange Management (Non-debt Instruments) Rules, 2019",https://rbidocs.rbi.org.in/rdocs/Notification/PDFs/NT362F5EF8FA0945436394C9B0488117D492.PDF,data\full_dataset\rbi\pdf\RBI_2024-25_36_A.P.__DIR_Series__Circular_No._7__41838d43.pdf
12685,RBI/2024-25/35 FIDD.CO.LBS.BC.No.06/02.08.001/2024-25,"May 15, 2024",Formation of new district in the State of Assam – Assignment of Lead Bank Responsibility,https://rbidocs.rbi.org.in/rdocs/Notification/PDFs/NT35DBAD6E04983843129956B4453882C1FA.PDF,data\full_dataset\rbi\pdf\RBI_2024-25_35_FIDD.CO.LBS.BC.No.06_02.08.001_2024-25__298b0dad.pdf
12684,,"May 06, 2024",2. Amendment to Regulation 7 of the Principal Regulations:,https://rbidocs.rbi.org.in/rdocs/Notification/PDFs/FEMA5(R)10052024B1670F780B31466D9865CFECFD914115.PDF,data\full_dataset\rbi\pdf\2._Amendment_to_Regulation_7_of_the_Principal_Regulations___dc17078a.pdf
12683,RBI/2024-25/34 A. P. (DIR Series) Circular No.05,"May 08, 2024",Margin for Derivative Contracts,https://rbidocs.rbi.org.in/rdocs/Notification/PDFs/APDIRMARGINFORDERIVATIVECONTRACTS510D25D5E922401ABB3415821EF532F5.PDF,data\full_dataset\rbi\pdf\RBI_2024-25_34_A._P.__DIR_Series__Circular_No.05__cec18190.pdf
12682,,"February 21, 2025","Master Direction – Reserve Bank of India (Margining for Non-Centrally Cleared OTC Derivatives) Directions, 2024 (Updated as on February 21, 2025)",https://rbidocs.rbi.org.in/rdocs/Notification/PDFs/117MDRBIOTCDERIVATIVES20245DEA695183554A20B155CE65F58944DD.PDF,data\full_dataset\rbi\pdf\Master_Direction___Reserve_Bank_of_India__Margining_for_Non-Centrally_Cleared_OTC_Derivatives__Directions__2024__Updated_as_on_February_21__2025___5d7f7f40.pdf
12681,RBI/2024-25/33 DOR.CRE.REC.22/21.03.054/2024-25,"May 03, 2024",Banks' Exposure to Capital Market - Issue of Irrevocable Payment Commitments (IPCs),https://rbidocs.rbi.org.in/rdocs/Notification/PDFs/NT33E03052024AFA2B7D973C0479CA647DA02433E3F9C.PDF,data\full_dataset\rbi\pdf\RBI_2024-25_33_DOR.CRE.REC.22_21.03.054_2024-25__def58e5e.pdf
12680,RBI/2024-25/32 A. P. (DIR Series) Circular No. 04,"May 03, 2024",Master Direction – Risk Management and Inter-Bank Dealings: Amendments,https://rbidocs.rbi.org.in/rdocs/Notification/PDFs/APDIR03052024E1AD8B8C285C405393F484C1E598154A.PDF,data\full_dataset\rbi\pdf\RBI_2024-25_32_A._P.__DIR_Series__Circular_No._04__ded12589.pdf
12679,RBI/2024-25/31 DOR.ORG.REC.21/14.10.001/2024-25,"April 30, 2024",Guidance Note on Operational Risk Management and Operational Resilience,https://rbidocs.rbi.org.in/rdocs/Notification/PDFs/GUIDANCENOTEONORMANDORBFDF5D6F62CE430D82E672634B8C4F02.PDF,data\full_dataset\rbi\pdf\RBI_2024-25_31_DOR.ORG.REC.21_14.10.001_2024-25__122b9a1a.pdf
12678,RBI/2024-25/30 DoS.CO.PPG.SEC.1/11.01.005/2024-25,"April 29, 2024",Fair Practices Code for Lenders – Charging of Interest,https://rbidocs.rbi.org.in/rdocs/Notification/PDFs/NT304DC5E9FCD1ED493490460FA4A57D092B.PDF,data\full_dataset\rbi\pdf\RBI_2024-25_30_DoS.CO.PPG.SEC.1_11.01.005_2024-25__9b211d24.pdf
12677,RBI/2024-25/29 DOR.AML.REC.19/14.06.001/2024-25,"April 26, 2024",A. Individuals,https://rbidocs.rbi.org.in/rdocs/Notification/PDFs/IMPLEMENTATIONSECTION51AOFUAPA1967B493A8A8D36F45B2840BF190BFBF2E46.PDF,data\full_dataset\rbi\pdf\RBI_2024-25_29_DOR.AML.REC.19_14.06.001_2024-25__05c58d2e.pdf
12676,RBI/2024-25/28 DOR.LIC.REC.20/16.13.218/2024-25,"April 26, 2024",Voluntary transition of Small Finance Banks to Universal Banks,https://rbidocs.rbi.org.in/rdocs/Notification/PDFs/CIRCULARVOLUNTARYTRANSITIONFROMSFBTOUBDC5035CA4F8C4761AF5A5069859F4340.PDF,data\full_dataset\rbi\pdf\RBI_2024-25_28_DOR.LIC.REC.20_16.13.218_2024-25__22729f7b.pdf
12675,RBI/2024-25/27 A.P. (DIR Series) Circular No. 03,"April 26, 2024",Limits for investment in debt and sale of Credit Default Swaps by Foreign Portfolio Investors (FPIs),https://rbidocs.rbi.org.in/rdocs/Notification/PDFs/DIRMTFLIMITSFY202425DE62EE6021F7446B837785372E26D45C.PDF,data\full_dataset\rbi\pdf\RBI_2024-25_27_A.P.__DIR_Series__Circular_No._03__672256aa.pdf
12674,,"April 23, 2024","Foreign Exchange Management (Foreign Currency Accounts by a person resident in India) (Amendment) Regulations, 2024",https://rbidocs.rbi.org.in/rdocs/Notification/PDFs/FCM10R25042024BFD3086C81B14BE3AEF736407A9485B9.PDF,data\full_dataset\rbi\pdf\Foreign_Exchange_Management__Foreign_Currency_Accounts_by_a_person_resident_in_India___Amendment__Regulations__2024__b86dc589.pdf
12673,,"April 23, 2024",3. Amendment to Regulation 4 of the Principal Regulations,https://rbidocs.rbi.org.in/rdocs/Notification/PDFs/AMENDMENTFEMA395800362AB7AE242719B9DB8CE256E6329.PDF,data\full_dataset\rbi\pdf\3._Amendment_to_Regulation_4_of_the_Principal_Regulations__fe47fc6f.pdf
12672,RBI/2024-25/26 DOR.RET.REC.18/12.07.160/2024-25,"April 25, 2024","Alteration in the name of ""AB Bank Limited"" to ""AB Bank PLC"" in the Second Schedule to the Reserve Bank of India Act, 1934",https://rbidocs.rbi.org.in/rdocs/Notification/PDFs/NT2665FEDF3A18AE423D813D09AEF41FD6CD.PDF,data\full_dataset\rbi\pdf\RBI_2024-25_26_DOR.RET.REC.18_12.07.160_2024-25__8e8f1247.pdf
12671,RBI/2024-25/25 A.P. (DIR Series) Circular No.02,"April 24, 2024",Unauthorised foreign exchange transactions,https://rbidocs.rbi.org.in/rdocs/Notification/PDFs/APDIRSERIESCIRCULARNO02909A6DAF2C1D4EF695D8EA7622E4B8FE.PDF,data\full_dataset\rbi\pdf\RBI_2024-25_25_A.P.__DIR_Series__Circular_No.02__dd329840.pdf
12670,RBI/2024-25/24 DOR.CRE.REC.No.17/21.04.172/2024-25,"April 24, 2024",Master Circular - Bank Finance to Non-Banking Financial Companies (NBFCs),https://rbidocs.rbi.org.in/rdocs/Notification/PDFs/17MCBFNBFC2404248B82946058384C20B238766CB34566B7.PDF,data\full_dataset\rbi\pdf\RBI_2024-25_24_DOR.CRE.REC.No.17_21.04.172_2024-25__cf1d4d36.pdf
12669,,"April 23, 2025","Master Direction – Reserve Bank of India (Asset Reconstruction Companies) Directions, 2024 (Updated as on April 23, 2025)",https://rbidocs.rbi.org.in/rdocs/Notification/PDFs/115MD2404242C46DA28A8444FAE9BD210D08DC3D1C1.PDF,data\full_dataset\rbi\pdf\Master_Direction___Reserve_Bank_of_India__Asset_Reconstruction_Companies__Directions__2024__Updated_as_on_April_23__2025___e28bff71.pdf
12668,RBI/2024-25/23 DOR.MRG.REC.15/00.00.018/2024-25,"April 23, 2024",Dealing in Rupee Interest Rate Derivative products - Small Finance Banks,https://rbidocs.rbi.org.in/rdocs/Notification/PDFs/DEALINGINRUPEEINTERESTRATEDERIVATIVEPRODUCTSA7E7D3DFC3074657A497E0A237BD391B.PDF,data\full_dataset\rbi\pdf\RBI_2024-25_23_DOR.MRG.REC.15_00.00.018_2024-25__22619d9c.pdf
12667,RBI/2024-25/22 FIDD.CO.LBS.BC.No.05/02.08.001/2024-25,"April 18, 2024",Formation of new district in the State of Assam – Assignment of Lead Bank Responsibility,https://rbidocs.rbi.org.in/rdocs/Notification/PDFs/NT220497AA3BFAEE4243B29D9FD985F3EB06.PDF,data\full_dataset\rbi\pdf\RBI_2024-25_22_FIDD.CO.LBS.BC.No.05_02.08.001_2024-25__8416ba89.pdf
12666,RBI/2024-25/21 DOR.AML.REC.14/14.06.001/2024-25,"April 16, 2024","Implementation of Section 12A of the Weapons of Mass Destruction and their Delivery Systems (Prohibition of Unlawful Activities) Act, 2005: Designated List (Amendments)",https://rbidocs.rbi.org.in/rdocs/Notification/PDFs/CIRCULARWMDACTE860BD8021AA4D83BA2E3B2A5DAD77B0.PDF,data\full_dataset\rbi\pdf\RBI_2024-25_21_DOR.AML.REC.14_14.06.001_2024-25__ef9f93ff.pdf
12665,RBI/2024-25/20 FIDD.GSSD.CO.BC.No.03/09.01.003/2024-25,"April 16, 2024",Master Circular – Deendayal Antyodaya Yojana - National Rural Livelihoods Mission (DAY-NRLM),https://rbidocs.rbi.org.in/rdocs/Notification/PDFs/20MCNRLM1604202436A6E96BA7C44362A93B85BA99A3A906.PDF,data\full_dataset\rbi\pdf\RBI_2024-25_20_FIDD.GSSD.CO.BC.No.03_09.01.003_2024-25__844fd61b.pdf
12664,RBI/2024-25/19 FIDD.CO.GSSD.BC.No.04/09.09.001/2024-25,"April 16, 2024",Master Circular - Credit facilities to Scheduled Castes (SCs) & Scheduled Tribes (STs),https://rbidocs.rbi.org.in/rdocs/Notification/PDFs/19MCONSCST20242568616E151573407CB84FBA80F74609A4.PDF,data\full_dataset\rbi\pdf\RBI_2024-25_19_FIDD.CO.GSSD.BC.No.04_09.09.001_2024-25__e4e326e0.pdf
12663,RBI/2024-25/18 DOR.STR.REC.13/13.03.00/2024-25,"April 15, 2024",Key Facts Statement (KFS) for Loans & Advances,https://rbidocs.rbi.org.in/rdocs/Notification/PDFs/CIRCULARKFS1504242AE2500BAF494C2A82442B0B642705C1.PDF,data\full_dataset\rbi\pdf\RBI_2024-25_18_DOR.STR.REC.13_13.03.00_2024-25__0a9761e2.pdf
12662,RBI/2024-25/17 A. P. (DIR Series) Circular No. 01,"April 15, 2024",Hedging of Gold Price Risk in Overseas Markets,https://rbidocs.rbi.org.in/rdocs/Notification/PDFs/NT1758544AEC7D474BA4BD84ED73ED91A11A.PDF,data\full_dataset\rbi\pdf\RBI_2024-25_17_A._P.__DIR_Series__Circular_No._01__38271e99.pdf
12661,RBI/2024-25/16 DoR.RET.REC.12/12.01.001/2024-25,"April 15, 2024","CIMS Project Implementation - Submission of Statutory Returns (Form A, Form VIII and Form IX) on CIMS Portal",https://rbidocs.rbi.org.in/rdocs/Notification/PDFs/NOTI163F660CD6819C4F1FAAB9F631B1719741.PDF,data\full_dataset\rbi\pdf\RBI_2024-25_16_DoR.RET.REC.12_12.01.001_2024-25__1e1f25e9.pdf
12660,RBI/2024-25/15 DOR.RET.REC.11/12.07.160/2024-25,"April 10, 2024","Alteration in the name of ""Sonali Bank Limited"" to ""Sonali Bank PLC"" in the Second Schedule to the Reserve Bank of India Act, 1934",https://rbidocs.rbi.org.in/rdocs/Notification/PDFs/CIRCULARSONALIBANKPLCCD083B6483AD4E03AA06A35E695B1213.PDF,data\full_dataset\rbi\pdf\RBI_2024-25_15_DOR.RET.REC.11_12.07.160_2024-25__4a1c5dbb.pdf
12659,RBI/2024-25/14 DOR.RET.REC.10/12.07.160/2024-25,"April 05, 2024","Exclusion of “Kapol Co-operative Bank Limited” from the Second Schedule to the Reserve Bank of India Act, 1934",https://rbidocs.rbi.org.in/rdocs/Notification/PDFs/NOT148AB670DEFC004A5AAF203E6C730B79DE.PDF,data\full_dataset\rbi\pdf\RBI_2024-25_14_DOR.RET.REC.10_12.07.160_2024-25__3ac3da17.pdf
12658,RBI/2024-25/13 DOR.STR.REC.9/21.04.048/2024-25,"April 02, 2024","Master Circular - Income Recognition, Asset Classification, Provisioning and Other Related Matters - UCBs",https://rbidocs.rbi.org.in/rdocs/Notification/PDFs/13MCINCOMERECOGNITIONC107ADC8932F4928AC81EBD4116F59B0.PDF,data\full_dataset\rbi\pdf\RBI_2024-25_13_DOR.STR.REC.9_21.04.048_2024-25__ebb5b363.pdf
12657,RBI/2024-25/12 DOR.STR.REC.8/21.04.048/2024-25,"April 02, 2024",PART D - ANNEXES,https://rbidocs.rbi.org.in/rdocs/Notification/PDFs/12MCPRUDENTIAL9143DDA912A74B1E9C6D03FA1FA8001E.PDF,data\full_dataset\rbi\pdf\RBI_2024-25_12_DOR.STR.REC.8_21.04.048_2024-25__bce1a437.pdf
12656,RBI/2024-25/11 DOR.CRE.REC.No.07/08.12.001/2024-25,"April 02, 2024",Master Circular – Housing Finance,https://rbidocs.rbi.org.in/rdocs/Notification/PDFs/NOTI11E02042024A16134430F514F08A0DC7CBAA61CA15A.PDF,data\full_dataset\rbi\pdf\RBI_2024-25_11_DOR.CRE.REC.No.07_08.12.001_2024-25__50e35257.pdf
12655,RBI/2024-25/10 DOR.CRE.REC.No.6/07.10.002/2024-25,"April 2, 2024",Master Circular - Housing Finance for UCBs,https://rbidocs.rbi.org.in/rdocs/Notification/PDFs/NOTI1002042024510995E8248A417E955ED0A454117B70.PDF,data\full_dataset\rbi\pdf\RBI_2024-25_10_DOR.CRE.REC.No.6_07.10.002_2024-25__9d366dcc.pdf
12654,RBI/2024-25/09 DOR.CAP.REC.5/09.18.201/2024-25,"April 01, 2024",Master Circular - Prudential Norms on Capital Adequacy - Primary (Urban) Co-operative Banks (UCBs),https://rbidocs.rbi.org.in/rdocs/Notification/PDFs/NOTI09042024327AB770BE9640F48C3597C784A42AA5.PDF,data\full_dataset\rbi\pdf\RBI_2024-25_09_DOR.CAP.REC.5_09.18.201_2024-25__29f35e8b.pdf
12653,,"April 01, 2024","Master Direction on Counterfeit Notes, 2024 – Detection, Reporting and Monitoring",https://rbidocs.rbi.org.in/rdocs/Notification/PDFs/115MDCN01042024F088EFA4F3F04DC9968AD7EC6844AFE9.PDF,data\full_dataset\rbi\pdf\Master_Direction_on_Counterfeit_Notes__2024___Detection__Reporting_and_Monitoring__de9cc898.pdf
12652,RBI/2024-25/08 DOR.CAP.REC.4/21.06.201/2024-25,"April 01, 2024",Master Circular – Basel III Capital Regulations,https://rbidocs.rbi.org.in/rdocs/Notification/PDFs/08MC6EA19818F0C34BD38070D2960DE011C6.PDF,data\full_dataset\rbi\pdf\RBI_2024-25_08_DOR.CAP.REC.4_21.06.201_2024-25__88b46006.pdf
12651,RBI/2024-25/07 CO.DGBA.GBD.No.S2/31-12-010/2024-2025,"April 1, 2024",Master Circular on Conduct of Government Business by Agency Banks - Payment of Agency Commission,https://rbidocs.rbi.org.in/rdocs/Notification/PDFs/07MCGBAB0104202417E93F8440D4424AB66FD7E3827E3BC4.PDF,data\full_dataset\rbi\pdf\RBI_2024-25_07_CO.DGBA.GBD.No.S2_31-12-010_2024-2025__f7d3b8e4.pdf
12650,RBI/2024-25/06 DGBA.GBD.No.S1/31.02.007/2024-25,"April 01, 2024",Master Circular - Disbursement of Government Pension by Agency Banks,https://rbidocs.rbi.org.in/rdocs/Notification/PDFs/06MC010420244D9C0BB6AAF042F1A9EAB5A109220107.PDF,data\full_dataset\rbi\pdf\RBI_2024-25_06_DGBA.GBD.No.S1_31.02.007_2024-25__0b25f50b.pdf
12649,RBI/2024-25/05 FIDD.CO.FID.BC.No.1/12.01.033/2024-25,"April 01, 2024",Master Circular on SHG-Bank Linkage Programme,https://rbidocs.rbi.org.in/rdocs/Notification/PDFs/05MC01042024D552E9A92BDF4C4582922AAF02A9B465.PDF,data\full_dataset\rbi\pdf\RBI_2024-25_05_FIDD.CO.FID.BC.No.1_12.01.033_2024-25__6e022f15.pdf
12648,,"April 01, 2024",Master Direction on Penal Provisions in reporting of transactions / balances at Currency Chests,https://rbidocs.rbi.org.in/rdocs/Notification/PDFs/114MD01042024A655EA52DF584B2F83EFDC9EE14318A4.PDF,data\full_dataset\rbi\pdf\Master_Direction_on_Penal_Provisions_in_reporting_of_transactions___balances_at_Currency_Chests__f2266c65.pdf
12647,RBI/2024-25/04 DoR.STR.REC.3/09.27.000/2024-25,"April 01, 2024","Master Circular - Guarantees, Co-Acceptances & Letters of Credit - UCBs",https://rbidocs.rbi.org.in/rdocs/Notification/PDFs/04NT01042024AA5190D36FBA40C38972F3D69ABC4848.PDF,data\full_dataset\rbi\pdf\RBI_2024-25_04_DoR.STR.REC.3_09.27.000_2024-25__6e977712.pdf
12646,"RBI/2018-19/166 DCM(CC) No. 2842/03.39.01/2018-19 dated April 08, 2019. 202","April 1, 2024",Master Direction on Framework of incentives for Currency Distribution & Exchange Scheme for bank branches including currency chests,https://rbidocs.rbi.org.in/rdocs/Notification/PDFs/113MD01042024937B0D0040424E9D9D7FD66B31FCDFD0.PDF,data\full_dataset\rbi\pdf\RBI_2018-19_166_DCM_CC__No._2842_03.39.01_2018-19_dated_April_08__2019._202__3d6125f3.pdf
12645,,"April 01, 2024",Master Direction – Scheme of Penalties for bank branches and Currency Chests for deficiency in rendering customer service to the members of public,https://rbidocs.rbi.org.in/rdocs/Notification/PDFs/112MDSP010420245231CBB994974C658737DD8438EA6B75.PDF,data\full_dataset\rbi\pdf\Master_Direction___Scheme_of_Penalties_for_bank_branches_and_Currency_Chests_for_deficiency_in_rendering_customer_service_to_the_members_of_public__3b969259.pdf
12644,RBI/2024-25/03 DOR.STR.REC.2/13.07.010/2024-25,"April 1, 2024",Master Circular - Guarantees and Co-acceptances,https://rbidocs.rbi.org.in/rdocs/Notification/PDFs/03MCGUARCOA0104202471E5C2241C52434886F5183D7BF0CB19.PDF,data\full_dataset\rbi\pdf\RBI_2024-25_03_DOR.STR.REC.2_13.07.010_2024-25__41034723.pdf
12643,RBI/2024-25/02 FIDD.CO.LBS.BC.No.01/02.01.001/2024-25,"April 01, 2024",Master Circular – Lead Bank Scheme,https://rbidocs.rbi.org.in/rdocs/Notification/PDFs/02MCLBS01042024B961504F910540FEA72D8065A052EB3B.PDF,data\full_dataset\rbi\pdf\RBI_2024-25_02_FIDD.CO.LBS.BC.No.01_02.01.001_2024-25__2e9cf77a.pdf
12642,RBI/2024-25/01 DoR.HGG.GOV.No.1/18.10.010/2024-25,"April 1, 2024",Master Circular on Board of Directors - UCBs,https://rbidocs.rbi.org.in/rdocs/Notification/PDFs/01MC01042024E0D6B768164C41678A616F743BF7426B.PDF,data\full_dataset\rbi\pdf\RBI_2024-25_01_DoR.HGG.GOV.No.1_18.10.010_2024-25__919dede4.pdf
12641,"RBI/2023-24/142 DCM (CC) No.S3425/03.41.01/2023-24 March 27, 2024 All Curre","March 31, 2024","Currency Chests (CCs) operations on March 31, 2024",https://rbidocs.rbi.org.in/rdocs/Notification/PDFs/CCOPERATIONSONMARCH31202464D6027DFFA64B699D77F969FA372B83.PDF,data\full_dataset\rbi\pdf\RBI_2023-24_142_DCM__CC__No.S3425_03.41.01_2023-24_March_27__2024_All_Curre__5c4fcd71.pdf
12640,RBI/2023-24/141 CO.DPSS.RPPD.No.S1193/03-01-002/2023-2024,"March 27, 2024","Special Clearing Operations on March 30 & 31, 2024",https://rbidocs.rbi.org.in/rdocs/Notification/PDFs/CIRCULARSPECIALCLEARING165FC29E20DB430BA3B0C5F11F735489.PDF,data\full_dataset\rbi\pdf\RBI_2023-24_141_CO.DPSS.RPPD.No.S1193_03-01-002_2023-2024__5d776f11.pdf
12639,RBI/2023-24/140 DOR.STR.REC.85/21.04.048/2023-24,"March 27, 2024",Investments in Alternative Investment Funds (AIFs),https://rbidocs.rbi.org.in/rdocs/Notification/PDFs/NOTI14027032024A0474453CF9549A69FFB3EA0CA948602.PDF,data\full_dataset\rbi\pdf\RBI_2023-24_140_DOR.STR.REC.85_21.04.048_2023-24__1819c7d0.pdf
12638,RBI/2023-24/139 FIDD.CO.LBS.BC.No.16/02.08.001/2023-24,"March 22, 2024",Reassignment of Lead Bank Responsibility,https://rbidocs.rbi.org.in/rdocs/Notification/PDFs/NOTI139220320244E6C9DE14F994776974E8813955E37C8.PDF,data\full_dataset\rbi\pdf\RBI_2023-24_139_FIDD.CO.LBS.BC.No.16_02.08.001_2023-24__9ad03c2b.pdf
12637,RBI/2023-24/138 CO.DGBA.GBD.No.S1252/42-01-029/2023-2024,"March 22, 2024",Annual Closing of Government Accounts – Transactions of Central / State Governments – Special Measures for the Current Financial Year (2023-24),https://rbidocs.rbi.org.in/rdocs/Notification/PDFs/NOTI13812759DCA8A6B41E2B72B748196D531DB.PDF,data\full_dataset\rbi\pdf\RBI_2023-24_138_CO.DGBA.GBD.No.S1252_42-01-029_2023-2024__dd02e28d.pdf
12636,,"March 21, 2024","Omnibus Framework for recognising Self-Regulatory Organisations (SROs) for Regulated Entities (REs) of the Reserve Bank of India (issued by Department of Regulation on March 21, 2024)",https://rbidocs.rbi.org.in/rdocs/Notification/PDFs/OMNIBUSSROFRAMEWORK5409D9BD06FA4C489ED266763E354DE6.PDF,data\full_dataset\rbi\pdf\Omnibus_Framework_for_recognising_Self-Regulatory_Organisations__SROs__for_Regulated_Entities__REs__of_the_Reserve_Bank_of_India__issued_by_Department__2642f928.pdf
12635,"RBI/2023-24/137 DOR.SOG (LEG).REC/84/09.08.024/2023-24 March 20, 2024 All A","March 31, 2024","All Agency Banks to remain open for public on March 31, 2024 (Sunday)",https://rbidocs.rbi.org.in/rdocs/Notification/PDFs/CIRCULARAGENCYBANKSB093C797FBF14178AD52E31524C2EE46.PDF,data\full_dataset\rbi\pdf\RBI_2023-24_137_DOR.SOG__LEG_.REC_84_09.08.024_2023-24_March_20__2024_All_A__ad35de92.pdf
12634,,"December 3, 2004",Concurrent Audit in Banks - Examination of Speed Remittance,https://rbidocs.rbi.org.in/rdocs/Notification/PDFs/CABESR0312200493E9153C948E49C5BCA284652A38CE3C.PDF,data\full_dataset\rbi\pdf\Concurrent_Audit_in_Banks_-_Examination_of_Speed_Remittance__522a67dd.pdf
12633,,"June 5, 2003",Half yearly/Quarterly Review of Accounts of Public Sector Banks,https://rbidocs.rbi.org.in/rdocs/Notification/PDFs/QRAPSB05062003EC3BA904DE9F4CF5828733B613537629.PDF,data\full_dataset\rbi\pdf\Half_yearly_Quarterly_Review_of_Accounts_of_Public_Sector_Banks__025b2fea.pdf
12632,,"January 30, 2003",Concurrent Audit in Banks,https://rbidocs.rbi.org.in/rdocs/Notification/PDFs/CAIB30012003E50855B70EB640C786C7945C28150E28.PDF,data\full_dataset\rbi\pdf\Concurrent_Audit_in_Banks__31a9cf35.pdf
12631,,"October 25, 2001",Introduction of Half-yearly Review of Accounts of Public Sector Banks,https://rbidocs.rbi.org.in/rdocs/Notification/PDFs/IHYR25102001971F7EA4DA9E4D60833E5CC2F8DD6B97.PDF,data\full_dataset\rbi\pdf\Introduction_of_Half-yearly_Review_of_Accounts_of_Public_Sector_Banks__311e0be2.pdf
12630,,"May 17, 2001",Introduction of Half-yearly Review of Accounts of Public Sector Banks,https://rbidocs.rbi.org.in/rdocs/Notification/PDFs/IHYR170520016CD62795257E45CAB4CDD133D8D22243.PDF,data\full_dataset\rbi\pdf\Introduction_of_Half-yearly_Review_of_Accounts_of_Public_Sector_Banks__9f28c9b2.pdf
12629,,"May 25, 1999",DICGC Claims - Certificate to be Issued by Statutory Auditors,https://rbidocs.rbi.org.in/rdocs/Notification/PDFs/DICGC25051999680492922FF74F03AB101280DEFC23B7.PDF,data\full_dataset\rbi\pdf\DICGC_Claims_-_Certificate_to_be_Issued_by_Statutory_Auditors__8ee3b5c4.pdf
12628,,"May 25, 1999",Year 2000 (Y2K) Issues - Statutory Audit for the Year 1998-99,https://rbidocs.rbi.org.in/rdocs/Notification/PDFs/NOTISA19982505199884C76C0FDB3B4F1AB2225841D3DA2BDF.PDF,data\full_dataset\rbi\pdf\Year_2000__Y2K__Issues_-_Statutory_Audit_for_the_Year_1998-99__2b3fa884.pdf
12627,,"November 5, 2001",Introduction of Half Yearly Review of Accounts of Public Sector Banks,https://rbidocs.rbi.org.in/rdocs/Notification/PDFs/HYRNT0511200188C11302DC444EF68720F4791CC4C4C0.PDF,data\full_dataset\rbi\pdf\Introduction_of_Half_Yearly_Review_of_Accounts_of_Public_Sector_Banks__d4bc8365.pdf
12626,,"May 25, 1998",Year 2000 (Y2K) Issues - Statutory Audit for the Year 1998-99,https://rbidocs.rbi.org.in/rdocs/Notification/PDFs/NOTISA250519981FF6996776C742E9B7D62101CDC8F7C3.PDF,data\full_dataset\rbi\pdf\Year_2000__Y2K__Issues_-_Statutory_Audit_for_the_Year_1998-99__731ffbf6.pdf
12625,,"January 20, 1997",Public Sector Banks - Audit Committee of Board of Directors (ACB),https://rbidocs.rbi.org.in/rdocs/Notification/PDFs/PSBACB200119972DF2FBC50B864B5CB611D5131408FBE4.PDF,data\full_dataset\rbi\pdf\Public_Sector_Banks_-_Audit_Committee_of_Board_of_Directors__ACB___5886ca67.pdf
12624,RBI/2023-24/136 CO.DGBA.GBD.No.S1234/31-12-010/2023-2024,"March 13, 2024","Cut-off time for uploading of GST, ICEGATE and TIN 2.0 luggage files",https://rbidocs.rbi.org.in/rdocs/Notification/PDFs/NT1368306A232331B475F8E9BDE6A21F507B4.PDF,data\full_dataset\rbi\pdf\RBI_2023-24_136_CO.DGBA.GBD.No.S1234_31-12-010_2023-2024__e845e607.pdf
12623,RBI/2023-24/135 DGBA.GBD.No.S1217/42-01-029/2023-2024,"March 13, 2024",Reporting and Accounting of Central Government transactions for March 2024,https://rbidocs.rbi.org.in/rdocs/Notification/PDFs/REPORTINGACCOUNTINGD8E7308C991842018E9CB6699CAF49F4.PDF,data\full_dataset\rbi\pdf\RBI_2023-24_135_DGBA.GBD.No.S1217_42-01-029_2023-2024__ba580068.pdf
12622,RBI/2023-24/134 DOR. AML.REC.83/14.06.001/2023-24,"March 11, 2024","Implementation of Section 12A of the Weapons of Mass Destruction and their Delivery Systems (Prohibition of Unlawful Activities) Act, 2005: Designated List (Amendments)",https://rbidocs.rbi.org.in/rdocs/Notification/PDFs/CIRCULARWMDACT8D157A23CB32466F98029FDB4445ABEB.PDF,data\full_dataset\rbi\pdf\RBI_2023-24_134_DOR._AML.REC.83_14.06.001_2023-24__e45683b8.pdf
12621,RBI/2023-24/133 DOR.AML.REC.82/14.06.001/2023-24,"March 08, 2024","Designation of an individual under clause (a) of Sub-section (1) and Sub-section (2) of Section 35 of the Unlawful Activities (Prevention) Act (UAPA), 1967 and listing in the Fourth Schedule of the Act- Reg.",https://rbidocs.rbi.org.in/rdocs/Notification/PDFs/UAPA196735121D5779CC42F793819A671CC102A8.PDF,data\full_dataset\rbi\pdf\RBI_2023-24_133_DOR.AML.REC.82_14.06.001_2023-24__58a3214c.pdf
12620,RBI/2023-24/132 DOR.RAUG.AUT.REC.No.81/24.01.041/2023-24,"March 07, 2024","Amendment to the Master Direction - Credit Card and Debit Card – Issuance and Conduct Directions, 2022",https://rbidocs.rbi.org.in/rdocs/Notification/PDFs/CIRCULARAMENDMENTTOMDA5CCCE00D45C4B6E8990BCEEE5810A87.PDF,data\full_dataset\rbi\pdf\RBI_2023-24_132_DOR.RAUG.AUT.REC.No.81_24.01.041_2023-24__8fe52ba6.pdf
12619,RBI/2023-24/131 CO.DPSS.POLC.No.S1133/02-14-003/2023-24,"March 06, 2024",Arrangements with Card Networks for issue of Credit Cards,https://rbidocs.rbi.org.in/rdocs/Notification/PDFs/FINALCIRCULARDPSSC622292228054F9BB686657192C0D8F9.PDF,data\full_dataset\rbi\pdf\RBI_2023-24_131_CO.DPSS.POLC.No.S1133_02-14-003_2023-24__6d04364f.pdf
12618,RBI/2023-24/130 A.P. (DIR Series) Circular No.15,"March 05, 2024",Money Transfer Service Scheme - Submission of Statement on CIMS,https://rbidocs.rbi.org.in/rdocs/Notification/PDFs/APDIRMTSSCIMS69E6AD07D063414895D2DCC0F9F3DE3F.PDF,data\full_dataset\rbi\pdf\RBI_2023-24_130_A.P.__DIR_Series__Circular_No.15__71a2dac9.pdf
12617,RBI/2023-24/129 DoS.CO.ARG/SEC.11/08.91.001/2023-24,"March 01, 2024",Review of Guidelines - Withdrawal of Circulars,https://rbidocs.rbi.org.in/rdocs/Notification/PDFs/REVIEWOFGUDELINESWITHDRAWALOFCIRCULARS3DB58FA1839040D39040B44A85BF5A1F.PDF,data\full_dataset\rbi\pdf\RBI_2023-24_129_DoS.CO.ARG_SEC.11_08.91.001_2023-24__ebfd4dd7.pdf
12616,,"February 29, 2024","Master Direction – Reserve Bank of India (Bharat Bill Payment System) Directions, 2024",https://rbidocs.rbi.org.in/rdocs/Notification/PDFs/111MDONBBPS87BA4103916D4B21AE117F1443020ADB.PDF,data\full_dataset\rbi\pdf\Master_Direction___Reserve_Bank_of_India__Bharat_Bill_Payment_System__Directions__2024__86f2b9e9.pdf
12615,RBI/2023-24/128 DOR.MRG.REC.80/00-00-003/2023-24,"February 28, 2024",Capital Adequacy Guidelines – Review of Trading Book,https://rbidocs.rbi.org.in/rdocs/Notification/PDFs/CAPITALADEQUACY280220246F854C621F244D3C85EC3AA62EFB9E98.PDF,data\full_dataset\rbi\pdf\RBI_2023-24_128_DOR.MRG.REC.80_00-00-003_2023-24__489270a7.pdf
12614,RBI/2023-24/127 DOR.GOV.REC.79/18.10.006/2023-24,"February 27, 2024","Appointment/re-appointment of Director, Managing Director or Chief Executive Officer in Asset Reconstruction Companies",https://rbidocs.rbi.org.in/rdocs/Notification/PDFs/NT127BFA1B1711E00447A8480F4C07DA8BCA0.PDF,data\full_dataset\rbi\pdf\RBI_2023-24_127_DOR.GOV.REC.79_18.10.006_2023-24__25102874.pdf
12613,,"February 27, 2024",Master Direction – Reserve Bank of India (Filing of Supervisory Returns) Directions - 2024,https://rbidocs.rbi.org.in/rdocs/Notification/PDFs/MD11024D1EF9CB39B44ABB23DF586173E0CDE.PDF,data\full_dataset\rbi\pdf\Master_Direction___Reserve_Bank_of_India__Filing_of_Supervisory_Returns__Directions_-_2024__0d57a939.pdf
12612,RBI/2023-24/126 CO.DPSS.POLC.No.S1092/02-14-006/2023-2024,"February 23, 2024",Amendment to Master Direction on Prepaid Payment Instruments,https://rbidocs.rbi.org.in/rdocs/Notification/PDFs/NT12622B522112DA3446BA036B01770200F7D.PDF,data\full_dataset\rbi\pdf\RBI_2023-24_126_CO.DPSS.POLC.No.S1092_02-14-006_2023-2024__c184ca8d.pdf
12611,RBI/2023-24/125 DoR.FIN.REC.77/03.10.123/2023-24,"February 22, 2024",Inclusion of Clearing Corporation of India Limited as a Financial Information Provider under Account Aggregator Framework,https://rbidocs.rbi.org.in/rdocs/Notification/PDFs/CIRCULARINCLUSIONCCIL9520A6BC53544F7C823581B782E5A2C6.PDF,data\full_dataset\rbi\pdf\RBI_2023-24_125_DoR.FIN.REC.77_03.10.123_2023-24__64cfe639.pdf
12610,RBI/2023-24/124 DOR.STR.REC.78/04.02.001/2023-24,"February 22, 2024",Interest Equalization Scheme (IES) on Pre and Post Shipment Rupee Export Credit,https://rbidocs.rbi.org.in/rdocs/Notification/PDFs/NOTI124220220249452FA09A2CF4E61BB220C90D18DE5C4.PDF,data\full_dataset\rbi\pdf\RBI_2023-24_124_DOR.STR.REC.78_04.02.001_2023-24__41432e85.pdf
12609,RBI/2023-24/123 FIDD.CO.LBS.BC.No.15/02.08.001/2023-24,"February 20, 2024",Formation of new district in the State of Assam – Assignment of Lead Bank Responsibility,https://rbidocs.rbi.org.in/rdocs/Notification/PDFs/NT1237E010038335D483AA9FF6E80D29FDA81.PDF,data\full_dataset\rbi\pdf\RBI_2023-24_123_FIDD.CO.LBS.BC.No.15_02.08.001_2023-24__c2dec493.pdf
12608,RBI/2023-24/122 DOR.RET.REC.76/12.07.160/2023-24,"February 15, 2024","Exclusion of “Rupee Co-operative Bank Limited” from the Second Schedule to the Reserve Bank of India Act, 1934",https://rbidocs.rbi.org.in/rdocs/Notification/PDFs/NOTI122E150220247EC0131C98A24112B4148EF5D98C2034.PDF,data\full_dataset\rbi\pdf\RBI_2023-24_122_DOR.RET.REC.76_12.07.160_2023-24__03a6eb14.pdf
12607,RBI/2023-24/121 DoR.HGG.GOV.REC.75/29.67.001/2023-24,"February 9, 2024",Review of Fixed Remuneration granted to Non-Executive Directors (NEDs),https://rbidocs.rbi.org.in/rdocs/Notification/PDFs/REVIEWOFNEDE25205D476A940618D50B603F12553D5.PDF,data\full_dataset\rbi\pdf\RBI_2023-24_121_DoR.HGG.GOV.REC.75_29.67.001_2023-24__e554162e.pdf
12606,RBI/2023-24/120 DoR.AUT.REC.74/24.01.041/2023-24,"February 09, 2024",Participation of Indian Banks on India International Bullion Exchange IFSC Limited (IIBX),https://rbidocs.rbi.org.in/rdocs/Notification/PDFs/PARTICIPATIONINDIANBANKSIIBX7A2F78D93E9C4DD5B344C2F3D19569A2.PDF,data\full_dataset\rbi\pdf\RBI_2023-24_120_DoR.AUT.REC.74_24.01.041_2023-24__305820f4.pdf
12605,RBI/2023-24/119 DOR.AML.REC.73/14.06.001/2023-24,"February 08, 2024","Implementation of Section 51A of UAPA, 1967: Updates to UNSC’s 1267/ 1989 ISIL (Da'esh) & Al-Qaida Sanctions List: Amendments in 85 Entries",https://rbidocs.rbi.org.in/rdocs/Notification/PDFs/IMPLEMENTATIONUAPA1967927A33C35B914D4E956E13A64505A0BA.PDF,data\full_dataset\rbi\pdf\RBI_2023-24_119_DOR.AML.REC.73_14.06.001_2023-24__b57bc8aa.pdf
12604,RBI/2023-24/118 A.P. (DIR Series) Circular No.14,"January 31, 2024",Guidelines on import of gold by Tariff Rate Quota (TRQ) holders under the India-UAE CEPA as notified by–The International Financial Services Centres Authority (IFSCA),https://rbidocs.rbi.org.in/rdocs/Notification/PDFs/NOTI118310124B4CD27D54BBD4FCE8E4CA9DCB8E2A9A5.PDF,data\full_dataset\rbi\pdf\RBI_2023-24_118_A.P.__DIR_Series__Circular_No.14__4a7dafcc.pdf
12603,RBI/2023-24/117 DoS.CO.CSITEG.SEC.No.9/31-01-015/2023-24,"January 31, 2024",Streamlining of Internal Compliance monitoring function – leveraging use of technology,https://rbidocs.rbi.org.in/rdocs/Notification/PDFs/COMPLIANCEMISCIRCULARB019FBA6000948078940E94837A11A10.PDF,data\full_dataset\rbi\pdf\RBI_2023-24_117_DoS.CO.CSITEG.SEC.No.9_31-01-015_2023-24__f39fbfd0.pdf
12602,RBI/2023-24/116 FIDD.CO.LBS.BC.No.14/02.08.001/2023-24,"January 19, 2024",Formation of new districts in the State of Madhya Pradesh – Assignment of Lead Bank Responsibility,https://rbidocs.rbi.org.in/rdocs/Notification/PDFs/NT116055E57F56504437EAC96C1E62B997578.PDF,data\full_dataset\rbi\pdf\RBI_2023-24_116_FIDD.CO.LBS.BC.No.14_02.08.001_2023-24__37c95424.pdf
12601,RBI/2023-24/115 DoR.REG/LIC.No.72/16.05.000/2023-24,"January 17, 2024","Second Schedule to the Reserve Bank of India Act, 1934 – Norms for inclusion",https://rbidocs.rbi.org.in/rdocs/Notification/PDFs/SCHEDULINGOFUCBS5AD32298358A4BD2892398DD8EA7DD11.PDF,data\full_dataset\rbi\pdf\RBI_2023-24_115_DoR.REG_LIC.No.72_16.05.000_2023-24__06b908c3.pdf
12600,RBI/2023-24/114 DoR.CRE.REC.71/07.10.002/2023-24,"January 16, 2024",Master Circular- Exposure Norms and Statutory / Other Restrictions - UCBs,https://rbidocs.rbi.org.in/rdocs/Notification/PDFs/NT114ENSORB28494D89ABB49A6A4761D1596CC1DF0.PDF,data\full_dataset\rbi\pdf\RBI_2023-24_114_DoR.CRE.REC.71_07.10.002_2023-24__49a75434.pdf
12599,RBI/2023-24/113 Ref.No.DOS.ARG/SEC.8/08.91.001/2023-24,"January 15, 2024",,https://rbidocs.rbi.org.in/rdocs/Notification/PDFs/NT1136BB7C17AFD314B2A8C7CE1F271A882E9.PDF,data\full_dataset\rbi\pdf\RBI_2023-24_113_Ref.No.DOS.ARG_SEC.8_08.91.001_2023-24__cf6ded0e.pdf
12598,RBI/2023-24/112 DOR.CRE.REC.70/21.01.003/2023-24,"January 15, 2024",Credit/Investment Concentration Norms – Credit Risk Transfer,https://rbidocs.rbi.org.in/rdocs/Notification/PDFs/CIRCULARNBFCCRM4CF8A1691D204F28A307FD70C51C48B7.PDF,data\full_dataset\rbi\pdf\RBI_2023-24_112_DOR.CRE.REC.70_21.01.003_2023-24__9d06e309.pdf
12597,RBI/2023-24/111 DOR.AML.REC.69/14.06.001/2023-24,"January 11, 2024",QDi.059 Name:,https://rbidocs.rbi.org.in/rdocs/Notification/PDFs/UAPAUNSCA459D12DEEE74C469E9AF91701094006.PDF,data\full_dataset\rbi\pdf\RBI_2023-24_111_DOR.AML.REC.69_14.06.001_2023-24__6a9c434e.pdf
12596,RBI/2023-24/110 DOR.AML.REC.68/14.06.001/2023-24,"January 06, 2024","Implementation of Section 51A of UAPA, 1967 Updates to UNSC’s 1267 / 1989 ISIL (Da'esh) & Al-Qaida Sanctions List Amendments in 07 Entries",https://rbidocs.rbi.org.in/rdocs/Notification/PDFs/NT110A039500F4CA34DF6AE81AA1D3951475D.PDF,data\full_dataset\rbi\pdf\RBI_2023-24_110_DOR.AML.REC.68_14.06.001_2023-24__a8f0b2b4.pdf
12595,RBI/2023-24/109 DOR.AML.REC.67/14.06.001/2023-24,"January 06, 2024","Implementation of Section 12A of the Weapons of Mass Destruction and their Delivery Systems (Prohibition of Unlawful Activities) Act, 2005: Designated List (Amendments)",https://rbidocs.rbi.org.in/rdocs/Notification/PDFs/NT1092166F7BF544A4EFCB20122FAC9CE4A9A.PDF,data\full_dataset\rbi\pdf\RBI_2023-24_109_DOR.AML.REC.67_14.06.001_2023-24__8bdf350f.pdf
12594,RBI/2023-24/108 A. P. (DIR Series) Circular No. 13,"January 5, 2024",,https://rbidocs.rbi.org.in/rdocs/Notification/PDFs/RISKMANAGEMENTCD64F5FE4F7446568C18FF2185ED06ED.PDF,data\full_dataset\rbi\pdf\RBI_2023-24_108_A._P.__DIR_Series__Circular_No._13__c7919f58.pdf
12593,RBI/2023-24/107 DOR.AML.REC.66/14.01.001/2023-24,"January 04, 2024",Amendment to the Master Direction (MD) on KYC,https://rbidocs.rbi.org.in/rdocs/Notification/PDFs/CIRCULARMDKYC553C440DC3024D14B66C6C7B5E0206FA.PDF,data\full_dataset\rbi\pdf\RBI_2023-24_107_DOR.AML.REC.66_14.01.001_2023-24__63ed87f7.pdf
12592,,"January 03, 2024","Master Direction – Reserve Bank of India (Commercial Paper and Non-Convertible Debentures of original or initial maturity upto one year) Directions, 2024",https://rbidocs.rbi.org.in/rdocs/Notification/PDFs/109MDCPNCD797F42D139D741169EB58E637B243FF6.PDF,data\full_dataset\rbi\pdf\Master_Direction___Reserve_Bank_of_India__Commercial_Paper_and_Non-Convertible_Debentures_of_original_or_initial_maturity_upto_one_year__Directions__2__284d7197.pdf
12591,RBI/2023-24/106 DOR.AML.REC.65/14.06.001/2023-24,"January 02, 2024","Designation of 2 individuals as ‘Terrorists’ under Section 35 (1) (a) of the Unlawful Activities (Prevention) Act (UAPA), 1967 and their listing in the Schedule IV of the Act- Reg",https://rbidocs.rbi.org.in/rdocs/Notification/PDFs/UNLAWFULACTIVITIES74EA6DD8755A4698BC8655AB327FC013.PDF,data\full_dataset\rbi\pdf\RBI_2023-24_106_DOR.AML.REC.65_14.06.001_2023-24__4137ae5f.pdf
12590,,,Framework for Dealing with Domestic Systemically Important Banks (D-SIBs),https://rbidocs.rbi.org.in/rdocs/Notification/PDFs/DSIBFRAMEWORK214867632E8B4A6FAE7FA736322CC2AC04220EAEB495462896366EAA4EAE150A.PDF,data\full_dataset\rbi\pdf\Framework_for_Dealing_with_Domestic_Systemically_Important_Banks__D-SIBs___020ce619.pdf
12589,RBI/2023-24/105 DOR.SOG (LEG).REC/64/09.08.024/2023-24,"January 1, 2024",Inoperative Accounts /Unclaimed Deposits in Banks- Revised Instructions,https://rbidocs.rbi.org.in/rdocs/Notification/PDFs/NORI105010120246BDB83A816C34D04926F0F9CA205B864.PDF,data\full_dataset\rbi\pdf\RBI_2023-24_105_DOR.SOG__LEG_.REC_64_09.08.024_2023-24__57a2c540.pdf
12588,RBI/2023-24/104 DoR.SPE.REC.63/13.03.00/2023-2024,"January 01, 2024",Review of Instructions on Bulk Deposits for Urban Co-operative Banks (UCBs),https://rbidocs.rbi.org.in/rdocs/Notification/PDFs/NOT1043F020D7B94D649368D9A3F791B3BD3DB.PDF,data\full_dataset\rbi\pdf\RBI_2023-24_104_DoR.SPE.REC.63_13.03.00_2023-2024__ddd84d63.pdf
12587,RBI/2023-24/103 DOR.LRG.REC.62/03.10.001/2023-24,"December 29, 2023",Basel III Framework on Liquidity Standards – Net Stable Funding Ratio (NSFR) – Review of National Development Banks,https://rbidocs.rbi.org.in/rdocs/Notification/PDFs/NOTI103NSFR2912202346EE2A0CB6BD4705850B8F8AB3AA8D75.PDF,data\full_dataset\rbi\pdf\RBI_2023-24_103_DOR.LRG.REC.62_03.10.001_2023-24__b524e966.pdf
12586,,"December 29, 2023","Master Direction - Reserve Bank of India (Internal Ombudsman for Regulated Entities) Directions, 2023",https://rbidocs.rbi.org.in/rdocs/Notification/PDFs/108MDINTERNALOMBUDSMANCC05402F77BE4F229B59877F341386A4.PDF,data\full_dataset\rbi\pdf\Master_Direction_-_Reserve_Bank_of_India__Internal_Ombudsman_for_Regulated_Entities__Directions__2023__239aa233.pdf
12585,RBI/2023-24/102 DoR.MCS.REC.61/01.01.001/2023-24,"December 29, 2023",Fair Lending Practice - Penal Charges in Loan Accounts: Extension of Timeline for Implementation of Instructions,https://rbidocs.rbi.org.in/rdocs/Notification/PDFs/PENALCHARGES26A3A63141764128942EDBA48A78A491.PDF,data\full_dataset\rbi\pdf\RBI_2023-24_102_DoR.MCS.REC.61_01.01.001_2023-24__ea286abe.pdf
12584,RBI/2023-24/101 CO.DPSS.POLC.No.S940/02-29-005/2023-24,"December 29, 2023",Payments Infrastructure Development Fund – Extension of Scheme and Enhancements,https://rbidocs.rbi.org.in/rdocs/Notification/PDFs/NT10146C65C155A2C4C1A984E10C99903B517.PDF,data\full_dataset\rbi\pdf\RBI_2023-24_101_CO.DPSS.POLC.No.S940_02-29-005_2023-24__825d9407.pdf
12583,RBI/2023-24/100 FIDD.MSME & NFS.BC.No.13/06.02.31/2023-24,"December 28, 2023",Classification of MSMEs,https://rbidocs.rbi.org.in/rdocs/Notification/PDFs/NT100MSME6745E107E8E04A6199F63F010BE9DBE1.PDF,data\full_dataset\rbi\pdf\RBI_2023-24_100_FIDD.MSME___NFS.BC.No.13_06.02.31_2023-24__c8d482f6.pdf
12582,RBI/2023-24/99 DOR.STR.REC.60/21.04.048/2023-24,"December 28, 2023",MHP Exemption for Transfer of Receivables,https://rbidocs.rbi.org.in/rdocs/Notification/PDFs/CIRCULARMHP340F8B2C9C9D4B8AAAEA1491DD601EB3.PDF,data\full_dataset\rbi\pdf\RBI_2023-24_99_DOR.STR.REC.60_21.04.048_2023-24__fee3cf49.pdf
12581,RBI/2023-24/98 FMRD.FMSD.07/03.07.35/2023-24,"December 28, 2023","Reserve Bank of India (Financial Benchmark Administrators) Directions, 2023",https://rbidocs.rbi.org.in/rdocs/Notification/PDFs/NOTI98FBA281220235418D645715946F7A2C8905B39411F40.PDF,data\full_dataset\rbi\pdf\RBI_2023-24_98_FMRD.FMSD.07_03.07.35_2023-24__87b0f3ce.pdf
12580,RBI/2023-24/97 FMRD.DIRD.No.05/14.03.061/2023-2024,"December 27, 2023","Reserve Bank of India (Government Securities Lending) Directions, 2023",https://rbidocs.rbi.org.in/rdocs/Notification/PDFs/GSLDIRECTIONS0AF9CACC130344C0A261EAD47F277AF0.PDF,data\full_dataset\rbi\pdf\RBI_2023-24_97_FMRD.DIRD.No.05_14.03.061_2023-2024__0f711e8b.pdf
12579,,"February 12, 2025","Foreign Exchange Management (Manner of Receipt and Payment) Regulations, 2023 (Amended up to February 12, 2025)",https://rbidocs.rbi.org.in/rdocs/Notification/PDFs/FEMA14R952AB1118F28466C951910A7D957C382.PDF,data\full_dataset\rbi\pdf\Foreign_Exchange_Management__Manner_of_Receipt_and_Payment__Regulations__2023__Amended_up_to_February_12__2025___e4b7c5f8.pdf
12578,RBI/2023-24/96 A.P. (DIR Series) Circular No. 10,"December 22, 2023",Trade Credit for imports into India – Submission of return on issuance of bank guarantees for Trade Credits on the Centralised Information Management System (CIMS),https://rbidocs.rbi.org.in/rdocs/Notification/PDFs/APDIRCIRCULAR10A4BB984A8519486EB869092FFA3A6965.PDF,data\full_dataset\rbi\pdf\RBI_2023-24_96_A.P.__DIR_Series__Circular_No._10__0391f915.pdf
12577,RBI/2023-24/95 A.P. (DIR Series) Circular No.09,"December 22, 2023",Rupee Drawing Arrangement - Submission of statement/return on CIMS Portal,https://rbidocs.rbi.org.in/rdocs/Notification/PDFs/NT9544315F5FB02D44C586FD3A40767681AA.PDF,data\full_dataset\rbi\pdf\RBI_2023-24_95_A.P.__DIR_Series__Circular_No.09__c8912b02.pdf
12576,RBI/2023-24/94 A.P. (DIR Series) Circular No.12,"December 22, 2023",CIMS Project implementation - Discontinuation of submission in legacy XBRL,https://rbidocs.rbi.org.in/rdocs/Notification/PDFs/APDIRCIMSPROJECTE9DF12A49C0147B6A93A2C88B9584BFE.PDF,data\full_dataset\rbi\pdf\RBI_2023-24_94_A.P.__DIR_Series__Circular_No.12__0b1ca743.pdf
12575,RBI/2023-24/93 A.P. (DIR Series) Circular No.11,"December 22, 2023",Liberalised Remittance Scheme (LRS) for Resident Individuals- Reporting of monthly return and daily transactions,https://rbidocs.rbi.org.in/rdocs/Notification/PDFs/APDIR11E221220239ED2BFF6576C4F748AA71425D923E6AA.PDF,data\full_dataset\rbi\pdf\RBI_2023-24_93_A.P.__DIR_Series__Circular_No.11__a72cbd38.pdf
12574,RBI/2023-24/92 DoR.RET.REC.59/12.01.001/2023-24,"December 22, 2023",Reverse Repo transactions - Reporting in Form ‘A’ Return,https://rbidocs.rbi.org.in/rdocs/Notification/PDFs/REVERSEREPO098503FBFAC04CB6A774F4AD117154D7.PDF,data\full_dataset\rbi\pdf\RBI_2023-24_92_DoR.RET.REC.59_12.01.001_2023-24__f8702e46.pdf
12573,RBI/2023-24/91 CO.DPSS.POLC.No.S-919/02-14-003/2023-24,"December 20, 2023",Card-on-File Tokenisation (CoFT) – Enabling Tokenisation through Card Issuing Banks,https://rbidocs.rbi.org.in/rdocs/Notification/PDFs/TOKENISATIONCARDISSUINGBANKS2F413F22B12E4F85BBCB1DB662362234.PDF,data\full_dataset\rbi\pdf\RBI_2023-24_91_CO.DPSS.POLC.No.S-919_02-14-003_2023-24__3a5290ee.pdf
12572,RBI/2023-24/90 DOR.STR.REC.58/21.04.048/2023-24,"December 19, 2023",Investments in Alternative Investment Funds (AIFs),https://rbidocs.rbi.org.in/rdocs/Notification/PDFs/NT9051F8256D79234D5FA6D4E4CBD029E16D.PDF,data\full_dataset\rbi\pdf\RBI_2023-24_90_DOR.STR.REC.58_21.04.048_2023-24__07ecc477.pdf
12571,RBI/2023-24/89 FIDD.CO.LBS.BC. No.12/02.08.001/2023-24,"December 18, 2023",Formation of new district Mauganj in the State of Madhya Pradesh – Assignment of Lead Bank Responsibility,https://rbidocs.rbi.org.in/rdocs/Notification/PDFs/ASSIGNMENTLEADBANK59167A8BED5D4CAEB947E61FCC5EF36A.PDF,data\full_dataset\rbi\pdf\RBI_2023-24_89_FIDD.CO.LBS.BC._No.12_02.08.001_2023-24__d4e06dfa.pdf
12570,RBI/2023-2024/88 CO.DPSS.POLC.No.S-882/02.14.003/2023-24,"December 12, 2023",Processing of e-mandates for recurring transactions,https://rbidocs.rbi.org.in/rdocs/Notification/PDFs/EMANDATESRECURRINGTRANSACTIONSE1AAFB7024C84E519565DE2163AF18B1.PDF,data\full_dataset\rbi\pdf\RBI_2023-2024_88_CO.DPSS.POLC.No.S-882_02.14.003_2023-24__88857050.pdf
12569,RBI/2023-2024/87 IDMD.CDD.No.2128/14.04.050/2023-24,"December 11, 2023",Sovereign Gold Bond (SGB) Scheme 2023-24,https://rbidocs.rbi.org.in/rdocs/Notification/PDFs/SGBCIRCULAR202324H29FCBFB59688C4E75AD00969142631E72.PDF,data\full_dataset\rbi\pdf\RBI_2023-2024_87_IDMD.CDD.No.2128_14.04.050_2023-24__bd0187ac.pdf
12568,RBI/2023-2024/86 FED Circular No.08,"November 17, 2023",International Trade Settlement in Indian Rupees (INR) – Opening of additional Current Account for exports proceeds,https://rbidocs.rbi.org.in/rdocs/Notification/PDFs/FEDSRVA891FFD66D0394235AE0151CB8F46010D.PDF,data\full_dataset\rbi\pdf\RBI_2023-2024_86_FED_Circular_No.08__1188c391.pdf
12567,RBI/2023-24/85 DOR.STR.REC.57/21.06.001/2023-24,"November 16, 2023",Regulatory measures towards consumer credit and bank credit to NBFCs,https://rbidocs.rbi.org.in/rdocs/Notification/PDFs/REGULATORYMEASURES8785E7886A044B678FB8AF2C6C051807.PDF,data\full_dataset\rbi\pdf\RBI_2023-24_85_DOR.STR.REC.57_21.06.001_2023-24__77140ee5.pdf
12566,RBI/2023-2024/84 DOR.AML.REC.56/14.06.001/2023-24,"November 15, 2023","Implementation of Section 51A of UAPA,1967: Updates to UNSC’s 1267/1989 ISIL (Da'esh) & Al-Qaida Sanctions List: Amendments in 05 Entries",https://rbidocs.rbi.org.in/rdocs/Notification/PDFs/NOTI84B1B5C63E184843FCBE09F49ACB030A0B.PDF,data\full_dataset\rbi\pdf\RBI_2023-2024_84_DOR.AML.REC.56_14.06.001_2023-24__875e7c45.pdf
12565,RBI/2023-2024/83 A.P. (DIR Series) Circular No. 07,"November 10, 2023",Guidelines on import of silver by Qualified Jewellers as notified by – The International Financial Services Centres Authority (IFSCA),https://rbidocs.rbi.org.in/rdocs/Notification/PDFs/IMPORTOFSILVERBYQJ14421A459B4A4682B3F1CC5D16A1A53B.PDF,data\full_dataset\rbi\pdf\RBI_2023-2024_83_A.P.__DIR_Series__Circular_No._07__fea1b88f.pdf
12564,RBI/2023-24/82 FIDD.CO.LBS.BC. No.11/02.08.001/2023-24,"November 10, 2023",Formation of new districts in the State of Rajasthan – Assignment of Lead Bank Responsibility,https://rbidocs.rbi.org.in/rdocs/Notification/PDFs/LEADBANKRESPONSIBILITY12B035C8852B42C5916A34FC73C36305.PDF,data\full_dataset\rbi\pdf\RBI_2023-24_82_FIDD.CO.LBS.BC._No.11_02.08.001_2023-24__b6e716fb.pdf
12563,RBI/2023-24/81 FMRD.FMID.No. 04/14.01.006/2023-24,"November 08, 2023",‘Fully Accessible Route’ for Investment by Non-residents in Government Securities – Inclusion of Sovereign Green Bonds,https://rbidocs.rbi.org.in/rdocs/Notification/PDFs/NOT818EC8E91B0A0844F49136B67D7D99A58E.PDF,data\full_dataset\rbi\pdf\RBI_2023-24_81_FMRD.FMID.No._04_14.01.006_2023-24__28f6b7e4.pdf
12562,RBI/2023-24/107 DoS.CO.CSITEG/SEC.7/31.01.015/2023-24,"November 7, 2023","Master Direction on Information Technology Governance, Risk, Controls and Assurance Practices",https://rbidocs.rbi.org.in/rdocs/Notification/PDFs/107MDITGOVERNANCE3303572008604C67AC25B84292D85567.PDF,data\full_dataset\rbi\pdf\RBI_2023-24_107_DoS.CO.CSITEG_SEC.7_31.01.015_2023-24__8ad62866.pdf
12561,RBI/2023-24/80 CO.DPSS.POLC.No.S-786/02-14-008/2023-24,"October 31, 2023",Regulation of Payment Aggregator – Cross Border (PA - Cross Border),https://rbidocs.rbi.org.in/rdocs/Notification/PDFs/PACBCIRCULARDB9DB5A2DA544A44968A009E5CA07983.PDF,data\full_dataset\rbi\pdf\RBI_2023-24_80_CO.DPSS.POLC.No.S-786_02-14-008_2023-24__5a0230f0.pdf
12560,RBI/2023-24/79 DoR.REG/LIC.No.55/07.01.000/2023-24,"October 30, 2023",Banking Regulation (Amendment) Act 2020 - Change in Name of Co-operative Banks,https://rbidocs.rbi.org.in/rdocs/Notification/PDFs/CHANGENAMECOOPERATIVEBANKSEC2A4D45AAF140F1B90B91FA5C94C2EC.PDF,data\full_dataset\rbi\pdf\RBI_2023-24_79_DoR.REG_LIC.No.55_07.01.000_2023-24__290f93b8.pdf
12559,RBI/2023-24/78 DoR.REG/LIC.No.54/19.51.052/2023-24,"October 30, 2023","Clarification regarding Shifting of Branches/Offices/Extension Counters within the same city, town or village by District Central Co-operative Banks (DCCBs) and Guidelines on Closure of Branches and Extension Counters by DCCBs",https://rbidocs.rbi.org.in/rdocs/Notification/PDFs/NT78C2E46BC87891452A90144B2FFA25A93F.PDF,data\full_dataset\rbi\pdf\RBI_2023-24_78_DoR.REG_LIC.No.54_19.51.052_2023-24__8189b629.pdf
12558,RBI/2023-24/77 DoR.FIN.REC.53/03.10.123/2023-24,"October 26, 2023",Joining the Account Aggregator Ecosystem as Financial Information User,https://rbidocs.rbi.org.in/rdocs/Notification/PDFs/NOTI773109DABBDE4E4E27B93AB7325962E43A.PDF,data\full_dataset\rbi\pdf\RBI_2023-24_77_DoR.FIN.REC.53_03.10.123_2023-24__0fcf58e0.pdf
12557,RBI/2023-24/76 DoR.FIN.REC.52/03.10.123/2023-24,"October 26, 2023",Review of Financial Information Provider (FIP) under Account Aggregator Framework,https://rbidocs.rbi.org.in/rdocs/Notification/PDFs/CIRCULARNO52E20668E92E444741B5783425C949FEA6.PDF,data\full_dataset\rbi\pdf\RBI_2023-24_76_DoR.FIN.REC.52_03.10.123_2023-24__15e4d7d2.pdf
12556,RBI/2023-24/75 DoR.SPE.REC.50/13.03.00/2023-2024,"October 26, 2023",Review of Instructions on Bulk Deposits for Regional Rural Banks (RRBs),https://rbidocs.rbi.org.in/rdocs/Notification/PDFs/NT75589AC4A988D446CA94182886F6D8EADD.PDF,data\full_dataset\rbi\pdf\RBI_2023-24_75_DoR.SPE.REC.50_13.03.00_2023-2024__2a33e553.pdf
12555,RBI/2023-24/74 DOR.SPE. REC. No 51/13.03.000/2023-24,"October 26, 2023",Non-Callable Deposits - Master Direction on Interest Rate on Deposits,https://rbidocs.rbi.org.in/rdocs/Notification/PDFs/NONCALLALBETERMDEPOSITS71750C5E1EB24693A092BEE2620995B0.PDF,data\full_dataset\rbi\pdf\RBI_2023-24_74_DOR.SPE._REC._No_51_13.03.000_2023-24__a85295a2.pdf
12554,RBI/2023-24/72 DoR.FIN.REC.48/20.16.003/2023-24,"October 26, 2023",Framework for compensation to customers for delayed updation/ rectification of credit information,https://rbidocs.rbi.org.in/rdocs/Notification/PDFs/NOTI72FCCD26102301BDA57DCC7B47C9BB0B0994716BED22.PDF,data\full_dataset\rbi\pdf\RBI_2023-24_72_DoR.FIN.REC.48_20.16.003_2023-24__5b35999d.pdf
12553,RBI/2023-24/73 DoR.FIN.REC.49/20.16.003/2023-24,"October 26, 2023",Strengthening of customer service rendered by Credit Information Companies and Credit Institutions,https://rbidocs.rbi.org.in/rdocs/Notification/PDFs/NT73D86ADB78399949C199250E3E16F037D5.PDF,data\full_dataset\rbi\pdf\RBI_2023-24_73_DoR.FIN.REC.49_20.16.003_2023-24__4b8b91f2.pdf
12552,RBI/2023-24/71 DOR.ACC.47/21.04.018/2023-24,"October 25, 2023","Reserve Bank of India (Financial Statements - Presentation and Disclosures) Directions, 2021: Presentation of unclaimed liabilities transferred to Depositor Education and Awareness (DEA) Fund",https://rbidocs.rbi.org.in/rdocs/Notification/PDFs/PRESENTATIONDEAFUNDAC1E9AF49AA54DEB976C41A44A1237C0.PDF,data\full_dataset\rbi\pdf\RBI_2023-24_71_DOR.ACC.47_21.04.018_2023-24__50ced5b0.pdf
12551,RBI/2023-24/70 DOR.HGG.GOV.REC.46/29.67.001/2023-24,"October 25, 2023",Appointment of Whole-Time Director(s),https://rbidocs.rbi.org.in/rdocs/Notification/PDFs/NT7046236E0FB4144D6B94B0367F6DF87382.PDF,data\full_dataset\rbi\pdf\RBI_2023-24_70_DOR.HGG.GOV.REC.46_29.67.001_2023-24__cb6ba503.pdf
12550,,"July 17, 2025","Master Direction – Reserve Bank of India (Non-Banking Financial Company – Scale Based Regulation) Directions, 2023 (Updated as on July 17, 2025)",https://rbidocs.rbi.org.in/rdocs/Notification/PDFs/106MDNBFCS1910202343073E3EF57A4916AA5042911CD8D562.PDF,data\full_dataset\rbi\pdf\Master_Direction___Reserve_Bank_of_India__Non-Banking_Financial_Company___Scale_Based_Regulation__Directions__2023__Updated_as_on_July_17__2025___bfe1aa7f.pdf
12549,RBI/2023-24/69 DOR.AML.REC.44/14.01.001/2023-24,"October 17, 2023",Amendment to the Master Direction (MD) on KYC,https://rbidocs.rbi.org.in/rdocs/Notification/PDFs/CIRCULARMDONKYC5406E44FAC85476798B09989D51F7498.PDF,data\full_dataset\rbi\pdf\RBI_2023-24_69_DOR.AML.REC.44_14.01.001_2023-24__8564b078.pdf
12548,RBI/2023-24/68 DoR.RET.REC.43/12.01.001/2023-24,"October 16, 2023",Reverse Repo transactions - Reporting in Form ‘A’ Return,https://rbidocs.rbi.org.in/rdocs/Notification/PDFs/CIRCULARREVERSEREPODE792A9B024946C5AA976BAC8C75E835.PDF,data\full_dataset\rbi\pdf\RBI_2023-24_68_DoR.RET.REC.43_12.01.001_2023-24__898691bd.pdf
12547,,"July 06, 2010",Display at ATM sites – procedure for lodging of ATM complaints and uniform template for filing complaints,https://rbidocs.rbi.org.in/rdocs/Notification/PDFs/ATMSITESJULY0620101BCB2BB742DF4C8489AB68AEDE960E31.PDF,data\full_dataset\rbi\pdf\Display_at_ATM_sites___procedure_for_lodging_of_ATM_complaints_and_uniform_template_for_filing_complaints__6d1bc043.pdf
12546,,"June 15, 2010",Display at ATM sites – procedure for lodging of ATM complaints and uniform template for filing complaints,https://rbidocs.rbi.org.in/rdocs/Notification/PDFs/ATMSITEJUNE1520105C78784CF7214B348EA8FE9455E8F7AA.PDF,data\full_dataset\rbi\pdf\Display_at_ATM_sites___procedure_for_lodging_of_ATM_complaints_and_uniform_template_for_filing_complaints__6d2248fa.pdf
12545,,"May 03, 2010",Customer complaints relating to ATM transactions,https://rbidocs.rbi.org.in/rdocs/Notification/PDFs/ATMMAY0320102155BE2BEEEB4B0FB2447D1395D4E47C.PDF,data\full_dataset\rbi\pdf\Customer_complaints_relating_to_ATM_transactions__25bf027e.pdf
12544,,"March 19, 2010",Customer complaints relating to ATM transactions,https://rbidocs.rbi.org.in/rdocs/Notification/PDFs/ATMMARCH192010A43CC27168394A979501DE8CC01EBEA0.PDF,data\full_dataset\rbi\pdf\Customer_complaints_relating_to_ATM_transactions__07d6ec22.pdf
12543,RBI/2023-24/67 Ref. No.DoS.CO.PPG/SEC.05/11.01.005/2023-24,"October 10, 2023",Prompt Corrective Action (PCA) Framework for Non-Banking Financial Companies (NBFCs) – Extension to Government NBFCs,https://rbidocs.rbi.org.in/rdocs/Notification/PDFs/NT676313F815527C45559806D30BD0A5C5B8.PDF,data\full_dataset\rbi\pdf\RBI_2023-24_67_Ref._No.DoS.CO.PPG_SEC.05_11.01.005_2023-24__da2912ea.pdf
12542,RBI/2023-24/66 DOR.CRE.REC.42/07.10.002/2023-24,"October 6, 2023",Gold Loan – Bullet Repayment – Primary (Urban) Co-operative Banks (UCBs),https://rbidocs.rbi.org.in/rdocs/Notification/PDFs/NT66D63D6F2A1B4443CC93778E0277DA96CA.PDF,data\full_dataset\rbi\pdf\RBI_2023-24_66_DOR.CRE.REC.42_07.10.002_2023-24__b4ca1572.pdf
12541,"RBI/2023-24/65 CO.DGBA.GBD.No.S646/42-01-029/2023-2024 October 03, 2023 Al","March 31, 2024","Status of March 31, 2024 for Government transactions through integration with e-Kuber",https://rbidocs.rbi.org.in/rdocs/Notification/PDFs/NT656A9D73EADF364A45AE99C51F1A0FF0D9.PDF,data\full_dataset\rbi\pdf\RBI_2023-24_65_CO.DGBA.GBD.No.S646_42-01-029_2023-2024_October_03__2023_Al__c34e553c.pdf
12540,RBI/2023-24/64 DCM(Plg) No. S-1288/10.27.00/2023-24,"September 30, 2023",₹2000 Denomination Banknotes – Withdrawal from Circulation – Review,https://rbidocs.rbi.org.in/rdocs/Notification/PDFs/NOT645DBE909049AD4E099D556822F10FC26A.PDF,data\full_dataset\rbi\pdf\RBI_2023-24_64_DCM_Plg__No._S-1288_10.27.00_2023-24__917d0fd6.pdf
12539,RBI/2023-24/63 DoR.FIN.REC.41/20.16.003/2023-24,"September 25, 2023","Display of information - Secured assets possessed under the SARFAESI Act, 2002",https://rbidocs.rbi.org.in/rdocs/Notification/PDFs/NOTI63D6F589F933804ED992EBCFF30F5CCD5E.PDF,data\full_dataset\rbi\pdf\RBI_2023-24_63_DoR.FIN.REC.41_20.16.003_2023-24__a5959c57.pdf
12538,,"February 17, 2025","Master Direction - Reserve Bank of India (Prudential Regulations on Basel III Capital Framework, Exposure Norms, Significant Investments, Classification, Valuation and Operation of Investment Portfolio Norms and Resource Raising Norms for All India Financial Institutions) Directions, 2023 (Updated as on February 17, 2025)",https://rbidocs.rbi.org.in/rdocs/Notification/PDFs/105MDPRUDENTIALREGULATIONSAIFISCF490815D13A4EE9BD3D48B79DD89285.PDF,data\full_dataset\rbi\pdf\Master_Direction_-_Reserve_Bank_of_India__Prudential_Regulations_on_Basel_III_Capital_Framework__Exposure_Norms__Significant_Investments__Classificati__40a58dfe.pdf
12537,RBI/2023-24/62 DoR.FIN.REC.39/20.16.056/2023-24,"September 20, 2023",Data Quality Index for Commercial and Microfinance Segments by Credit Information Companies,https://rbidocs.rbi.org.in/rdocs/Notification/PDFs/DATAQUALITYINDEX7E29729A4D4643E99DFE5340F305143E.PDF,data\full_dataset\rbi\pdf\RBI_2023-24_62_DoR.FIN.REC.39_20.16.056_2023-24__e508ed9f.pdf
12536,RBI/2023-24/61 FIDD.CO.MSME.BC.No.10/06.02.031/2023-24,"September 13, 2023",PM Vishwakarma Scheme,https://rbidocs.rbi.org.in/rdocs/Notification/PDFs/NOTI611309202393496AEE660A4FF7860BBA084AFE0438.PDF,data\full_dataset\rbi\pdf\RBI_2023-24_61_FIDD.CO.MSME.BC.No.10_06.02.031_2023-24__b71b7696.pdf
12535,RBI/2023-24/60 DoR.MCS.REC.38/01.01.001/2023-24,"September 13, 2023",Responsible Lending Conduct – Release of Movable / Immovable Property Documents on Repayment/ Settlement of Personal Loans,https://rbidocs.rbi.org.in/rdocs/Notification/PDFs/NOTI60936A9DFA85554DD1BF77BCF4611AA69D.PDF,data\full_dataset\rbi\pdf\RBI_2023-24_60_DoR.MCS.REC.38_01.01.001_2023-24__0aa00264.pdf
12534,,"April 01, 2025","Master Direction - Classification, Valuation and Operation of Investment Portfolio of Commercial Banks (Directions), 2023 (Updated as on April 01, 2025)",https://rbidocs.rbi.org.in/rdocs/Notification/PDFs/104MDINVESTMENTPORTFOLIOC6B7053A02894342A00142968C70FC82.PDF,data\full_dataset\rbi\pdf\Master_Direction_-_Classification__Valuation_and_Operation_of_Investment_Portfolio_of_Commercial_Banks__Directions__2023__Updated_as_on_April_01__2025__1164e978.pdf
12533,RBI/2023-24/59 DOR.RET.REC.34/12.01.001/2023-24,"September 08, 2023","Reserve Bank of India Act, 1934 - Section 42(1A)- Requirement for maintaining additional CRR",https://rbidocs.rbi.org.in/rdocs/Notification/PDFs/NOTI597D9A5EACC937456C90883156980D3669.PDF,data\full_dataset\rbi\pdf\RBI_2023-24_59_DOR.RET.REC.34_12.01.001_2023-24__a37cead6.pdf
12532,"RBI/2023-24/58 CO.DPSS.POLC.No.S-567/02-23-001/2023-2024 September 04, 202","February 12, 2025","Operation of Pre-Sanctioned Credit Lines at Banks through Unified Payments Interface (UPI) (Updated as on February 12, 2025)",https://rbidocs.rbi.org.in/rdocs/Notification/PDFs/CREDITONUPI6DBE2D06A61540D19322CFA718643920.PDF,data\full_dataset\rbi\pdf\RBI_2023-24_58_CO.DPSS.POLC.No.S-567_02-23-001_2023-2024_September_04__202__08fa2299.pdf
12531,RBI/2023-24/57 CO.DPSS.POLC.No.S526/02-14-003/2023-24,"August 24, 2023",Enhancing transaction limits for Small Value Digital Payments in Offline Mode,https://rbidocs.rbi.org.in/rdocs/Notification/PDFs/NT57729E462DAEB64621B0336B3CEF022C78.PDF,data\full_dataset\rbi\pdf\RBI_2023-24_57_CO.DPSS.POLC.No.S526_02-14-003_2023-24__b3e7bdad.pdf
12530,RBI/2023-24/56 DOR.AML.REC.33/14.06.001/2023-24,"August 18, 2023","Implementation of Section 12A of the Weapons of Mass Destruction and their Delivery Systems (Prohibition of Unlawful Activities) Act, 2005: Designated List (Amendments)",https://rbidocs.rbi.org.in/rdocs/Notification/PDFs/CIRCULARWMDACT200567D0B739319047E6A60D476E515064DD.PDF,data\full_dataset\rbi\pdf\RBI_2023-24_56_DOR.AML.REC.33_14.06.001_2023-24__f04ecedf.pdf
12529,"RBI/2023-24/55 DOR.MCS.REC.32/01.01.003/2023-24 August 18, 2023 ( Updated","October 1, 2025","Reset of Floating Interest Rate on Equated Monthly Instalments (EMI) based Personal Loans (Updated as on October 1, 2025)",https://rbidocs.rbi.org.in/rdocs/Notification/PDFs/EMILOANCIRCULARBC3C67A8D4554B35BEDF51A6C10DF92C.PDF,data\full_dataset\rbi\pdf\RBI_2023-24_55_DOR.MCS.REC.32_01.01.003_2023-24_August_18__2023___Updated__da5960d5.pdf
12528,RBI/2023-24/54 DoR.SIG.FIN.REC.31/03.10.001/2023-24,"August 18, 2023",Review of Regulatory Framework for IDF-NBFCs,https://rbidocs.rbi.org.in/rdocs/Notification/PDFs/NT546A88045446F94BF6B8E5B3CE59E8FB53.PDF,data\full_dataset\rbi\pdf\RBI_2023-24_54_DoR.SIG.FIN.REC.31_03.10.001_2023-24__9a03d3f1.pdf
12527,RBI/2023-24/53 DoR.MCS.REC.28/01.01.001/2023-24,"August 18, 2023",Fair Lending Practice - Penal Charges in Loan Accounts,https://rbidocs.rbi.org.in/rdocs/Notification/PDFs/FAIRLENDINGPRACTICE1B9DBE75410B4DA881E6EF953304B6F7.PDF,data\full_dataset\rbi\pdf\RBI_2023-24_53_DoR.MCS.REC.28_01.01.001_2023-24__f00da685.pdf
12526,RBI/2023-24/52 DOR.RET.REC.29/12.01.001/2023-24,"August 10, 2023","Reserve Bank of India Act, 1934 - Section 42(1A) - Requirement for maintaining additional CRR",https://rbidocs.rbi.org.in/rdocs/Notification/PDFs/NOTI52100820230A12C5EA77B54564B522FEDB272209F2.PDF,data\full_dataset\rbi\pdf\RBI_2023-24_52_DOR.RET.REC.29_12.01.001_2023-24__282967a4.pdf
12525,RBI/2023-24/51 DOR.CRE.REC.No.27/07.10.002/2023-24,"July 25, 2023",Master Circular - Management of Advances - UCBs,https://rbidocs.rbi.org.in/rdocs/Notification/PDFs/51MC9667ADF8946744DCB2F8D2C6A6BD4F82.PDF,data\full_dataset\rbi\pdf\RBI_2023-24_51_DOR.CRE.REC.No.27_07.10.002_2023-24__f097df76.pdf
12524,RBI/2023-24/50 DOR.AML.REC.26/14.06.001/2023-24,"July 24, 2023","Implementation of Section 51A of UAPA,1967: Updates to UNSC’s 1267/ 1989 ISIL (Da'esh) & Al-Qaida Sanctions List: Amendments in 02 Entries",https://rbidocs.rbi.org.in/rdocs/Notification/PDFs/NOT50E7BE5BAA5F2C4AC8BFB77126B27C02EF.PDF,data\full_dataset\rbi\pdf\RBI_2023-24_50_DOR.AML.REC.26_14.06.001_2023-24__5ad318b6.pdf
12523,RBI/2023-24/49 DoR.RET.REC.25/12.07.160/2023-24,"July 18, 2023","Inclusion of “NongHyup Bank” in the Second Schedule of the Reserve Bank of India Act, 1934",https://rbidocs.rbi.org.in/rdocs/Notification/PDFs/NT4925C142CAB73143A8BB9A6CBF502ED868.PDF,data\full_dataset\rbi\pdf\RBI_2023-24_49_DoR.RET.REC.25_12.07.160_2023-24__bf4eb1e2.pdf
12522,RBI/2023-24/48 DOR.AML.REC.24/14.06.001/2023-24,"July 04, 2023","Implementation of Section 12A of the Weapons of Mass Destruction and their Delivery Systems (Prohibition of Unlawful Activities) Act, 2005: Designated List (Amendments)",https://rbidocs.rbi.org.in/rdocs/Notification/PDFs/NT489E53CD852A784AB8A0118BA2EE4E9092.PDF,data\full_dataset\rbi\pdf\RBI_2023-24_48_DOR.AML.REC.24_14.06.001_2023-24__1892548a.pdf
12521,RBI/2023-24/47 DOR.AML.REC.23/14.06.001/2023-24,"July 04, 2023","Implementation of Section 12A of the Weapons of Mass Destruction and their Delivery Systems (Prohibition of Unlawful Activities) Act, 2005: Designated List (Consolidated)",https://rbidocs.rbi.org.in/rdocs/Notification/PDFs/CIRCULARWMDACT200557E793D0A811421E9CAEEE56335B2557.PDF,data\full_dataset\rbi\pdf\RBI_2023-24_47_DOR.AML.REC.23_14.06.001_2023-24__17e8ddac.pdf
12520,,"June 26, 2023",For example:,https://rbidocs.rbi.org.in/rdocs/Notification/PDFs/103MDCAPITALREQUIREMENTS50C9076B7D494F259CC908D618297293.PDF,data\full_dataset\rbi\pdf\For_example___ffe85976.pdf
12519,RBI/2023-24/46 FMRD.FMSD.03/03.07.25/2023-24,"June 23, 2023",Status of MIFOR as a Significant Benchmark,https://rbidocs.rbi.org.in/rdocs/Notification/PDFs/NOTI467413967ADF184F408A1E32F525A4A605.PDF,data\full_dataset\rbi\pdf\RBI_2023-24_46_FMRD.FMSD.03_03.07.25_2023-24__0d50c67f.pdf
12518,RBI/2023-24/45 A.P. (DIR Series) Circular No. 06,"June 22, 2023",Remittances to International Financial Services Centres (IFSCs) under the Liberalised Remittance Scheme (LRS),https://rbidocs.rbi.org.in/rdocs/Notification/PDFs/45APD22062023945420B19D0648CD8651878440AB9277.PDF,data\full_dataset\rbi\pdf\RBI_2023-24_45_A.P.__DIR_Series__Circular_No._06__c26c1a1b.pdf
12517,RBI/2023-24/44 IDMD.CDD.No.S650/14.04.050/2023-24,"June 15, 2023",Sovereign Gold Bond (SGB) Scheme 2023-24,https://rbidocs.rbi.org.in/rdocs/Notification/PDFs/SGB2023248B15137294DD4D2CBA1FDCD48FE8B287.PDF,data\full_dataset\rbi\pdf\RBI_2023-24_44_IDMD.CDD.No.S650_14.04.050_2023-24__147048e1.pdf
12516,RBI/2023-24/43 CO.DGBA.GBD.No.S295/31-12-010/2023-2024,"June 14, 2023",Agency Commission for collection of indirect taxes through ICEGATE payment gateway,https://rbidocs.rbi.org.in/rdocs/Notification/PDFs/NOTI431406238711CE83D84C4B7FA7DB82270C2FF4AC.PDF,data\full_dataset\rbi\pdf\RBI_2023-24_43_CO.DGBA.GBD.No.S295_31-12-010_2023-2024__08724ae3.pdf
12515,RBI/2023-24/42 DOR.CRE.REC.18/07.10.002/2023-24,"June 8, 2023",Priority Sector Lending (PSL) targets / sub-targets and contribution against shortfall in achievement of PSL targets – Primary (Urban) Co-operative Banks (UCBs) - Extension of time,https://rbidocs.rbi.org.in/rdocs/Notification/PDFs/NOTI420806202350124F1526374891BF4DAC8011E542CB.PDF,data\full_dataset\rbi\pdf\RBI_2023-24_42_DOR.CRE.REC.18_07.10.002_2023-24__8f26768e.pdf
12514,"RBI/2023-24/41 DOR.CRE.REC.21/21.07.001/2023-24 June 08, 2023 All Commerci","May 8, 2025",Guidelines on Default Loss Guarantee (DLG) in Digital Lending,https://rbidocs.rbi.org.in/rdocs/Notification/PDFs/NT4142A9CBCE6AC04882AD2C3B1E8718965C.PDF,data\full_dataset\rbi\pdf\RBI_2023-24_41_DOR.CRE.REC.21_21.07.001_2023-24_June_08__2023_All_Commerci__4c731f98.pdf
12513,RBI/2023-24/40 DOR.STR.REC.20/21.04.048/2023-24,"June 08, 2023",Prudential Framework,https://rbidocs.rbi.org.in/rdocs/Notification/PDFs/FRAMEWORKCOMPROMISE97202CBAA1374268BA9AAA616D239890.PDF,data\full_dataset\rbi\pdf\RBI_2023-24_40_DOR.STR.REC.20_21.04.048_2023-24__f9b5f03d.pdf
12512,RBI/2023-24/39 DOR.REG.No.19/07.01.000/2023-24,"June 08, 2023",Rationalization of Branch Authorisation Policy for Urban Co-operative Banks (UCBs),https://rbidocs.rbi.org.in/rdocs/Notification/PDFs/NOTI39080623DAEB356F5E84423D85FC7FDC3733FE14.PDF,data\full_dataset\rbi\pdf\RBI_2023-24_39_DOR.REG.No.19_07.01.000_2023-24__8331a8e4.pdf
12511,RBI/2023-24/38 FMRD.DIRD.02/14.01.001/2023-24,"June 08, 2023","Reserve Bank of India (Call, Notice and Term Money Markets) Directions, 2021-Review",https://rbidocs.rbi.org.in/rdocs/Notification/PDFs/CIRCULAR08062023C97DF2B573654970A589A73094A5B99C.PDF,data\full_dataset\rbi\pdf\RBI_2023-24_38_FMRD.DIRD.02_14.01.001_2023-24__20c7f50e.pdf
12510,RBI/2023-24/37 CO.DPSS.POLC.No.S-258/02-01-010/2023-24,"June 7, 2023",Expanding the Scope of Trade Receivables Discounting System,https://rbidocs.rbi.org.in/rdocs/Notification/PDFs/NT376A4BE29D391B446BA2E46332A3D9371D.PDF,data\full_dataset\rbi\pdf\RBI_2023-24_37_CO.DPSS.POLC.No.S-258_02-01-010_2023-24__2e22ce79.pdf
12509,RBI/2023-24/36 A. P. (DIR Series) Circular No. 05,"June 06, 2023",Risk Management and Inter-Bank Dealings - Non-deliverable derivative contracts (NDDCs),https://rbidocs.rbi.org.in/rdocs/Notification/PDFs/36RISKMANAGEMENT3756A717B9664167A7FF138226F11A4E.PDF,data\full_dataset\rbi\pdf\RBI_2023-24_36_A._P.__DIR_Series__Circular_No._05__10a4a788.pdf
12508,RBI/2023-24/35 DOR.AML.REC.17/14.06.001/2023-24,"June 06, 2023","Implementation of Section 51A of UAPA,1967: Updates to UNSC’s 1267/ 1989 ISIL (Da'esh) & Al-Qaida Sanctions List: Removal of 02 entries from Sanction List",https://rbidocs.rbi.org.in/rdocs/Notification/PDFs/NOTI3569B7B5B18CAE42ADB9CFAF95CC8801CD.PDF,data\full_dataset\rbi\pdf\RBI_2023-24_35_DOR.AML.REC.17_14.06.001_2023-24__841fb608.pdf
12507,RBI/2023-24/34 DOR.AML.REC.16/14.06.001/2023-24,"June 05, 2023","Implementation of Section 51A of UAPA,1967: Updates to UNSC’s 1267/ 1989 ISIL (Da'esh) & Al-Qaida Sanctions List: Amendments in 01 Entry",https://rbidocs.rbi.org.in/rdocs/Notification/PDFs/NOTI34EC2B545616214EC69690DC911FCB161F.PDF,data\full_dataset\rbi\pdf\RBI_2023-24_34_DOR.AML.REC.16_14.06.001_2023-24__186563b8.pdf
12506,RBI/2023-24/33 DCM(Plg) No.S-239/10.27.00/2023-24,"May 22, 2023",₹2000 Denomination Banknotes – Withdrawal from Circulation; Will continue as Legal Tender,https://rbidocs.rbi.org.in/rdocs/Notification/PDFs/NT3302757D40C8D7429BACF21C60E8CFDCAF.PDF,data\full_dataset\rbi\pdf\RBI_2023-24_33_DCM_Plg__No.S-239_10.27.00_2023-24__24c5d7ef.pdf
12505,RBI/2023-24/32 DCM(Plg) No.S-236/10.27.00/2023-24,"May 19, 2023",₹2000 Denomination Banknotes – Withdrawal from Circulation; Will continue as Legal Tender,https://rbidocs.rbi.org.in/rdocs/Notification/PDFs/BANKCIRCULARA39F07C7247D4D4D9C90F4EB0CAF5D96.PDF,data\full_dataset\rbi\pdf\RBI_2023-24_32_DCM_Plg__No.S-236_10.27.00_2023-24__f960199e.pdf
12504,RBI/2023-24/31 DOR.CAP.REC.15/21.06.201/2023-24,"May 12, 2023",Master Circular – Basel III Capital Regulations,https://rbidocs.rbi.org.in/rdocs/Notification/PDFs/31MCE5308DBA8F0D411C80989DDF3259E843.PDF,data\full_dataset\rbi\pdf\RBI_2023-24_31_DOR.CAP.REC.15_21.06.201_2023-24__17e1170a.pdf
12503,RBI/2023-24/30 CO.FMRD.DIRD.01/14.02.001/2023-24,"May 12, 2023",LIBOR Transition,https://rbidocs.rbi.org.in/rdocs/Notification/PDFs/NT301E502DB2805B441B8844AA95FBF785EC.PDF,data\full_dataset\rbi\pdf\RBI_2023-24_30_CO.FMRD.DIRD.01_14.02.001_2023-24__1a1047e1.pdf
12502,RBI/2023-24/29 A.P. (DIR Series) Circular No. 04,"May 09, 2023","Levy of charges on forex prepaid cards/store value cards/travel cards, etc.",https://rbidocs.rbi.org.in/rdocs/Notification/PDFs/APDIR046ABC73360F594E5F9FA5DE93DB49520C.PDF,data\full_dataset\rbi\pdf\RBI_2023-24_29_A.P.__DIR_Series__Circular_No._04__43628ef2.pdf
12501,RBI/2023-24/28 FIDD.CO.LBS.BC.No.8/02.08.001/2023-24,"May 09, 2023",Formation of new district in the State of Arunachal Pradesh – Assignment of Lead Bank Responsibility,https://rbidocs.rbi.org.in/rdocs/Notification/PDFs/NOT28F70A6EE15D564154A5626BFA59F7995B.PDF,data\full_dataset\rbi\pdf\RBI_2023-24_28_FIDD.CO.LBS.BC.No.8_02.08.001_2023-24__fec59f42.pdf
12500,RBI/2023-24/27 FIDD.MSME & NFS.BC.No.09/06.02.31/2023-24,"May 09, 2023",Formalisation of Informal Micro Enterprises on Udyam Assist Platform,https://rbidocs.rbi.org.in/rdocs/Notification/PDFs/NT272F8F1407DB8840F28E9300336B910E44.PDF,data\full_dataset\rbi\pdf\RBI_2023-24_27_FIDD.MSME___NFS.BC.No.09_06.02.31_2023-24__5102123c.pdf
12499,RBI/2023-24/26 DOR.STR.REC.14/21.04.048/2023-24,"May 08, 2023","Master Circular - Income Recognition, Asset Classification, Provisioning and Other Related Matters - UCBs",https://rbidocs.rbi.org.in/rdocs/Notification/PDFs/26MC08052023F14CAFDE7A9548EAB6514EE0C2180BF1.PDF,data\full_dataset\rbi\pdf\RBI_2023-24_26_DOR.STR.REC.14_21.04.048_2023-24__c00e6155.pdf
12498,RBI/2023-24/25 DOR.AML.REC.13/14.01.001/2023-24,"May 4, 2023",Amendment to the Master Direction (MD) on KYC – Instructions on Wire Transfer,https://rbidocs.rbi.org.in/rdocs/Notification/PDFs/NT253491CD3896EC4B8F85686479E9BC39E1.PDF,data\full_dataset\rbi\pdf\RBI_2023-24_25_DOR.AML.REC.13_14.01.001_2023-24__01ecb74b.pdf
12497,RBI/2023-24/24 DOR.AML.REC.111/14.01.001/2023-24,"April 28, 2023",Amendment to the Master Direction (MD) on KYC,https://rbidocs.rbi.org.in/rdocs/Notification/PDFs/NT24E9D34D806F044FAD9E3B5228B75F36C9.PDF,data\full_dataset\rbi\pdf\RBI_2023-24_24_DOR.AML.REC.111_14.01.001_2023-24__6a06cb41.pdf
12496,RBI/2023-24/23 DOR.AML.REC.107/14.06.001/2023-24,"April 27, 2023","Implementation of Section 51A of UAPA, 1967: Updates to UNSC’s 1267/ 1989 ISIL (Da'esh) & Al-Qaida Sanctions List: Addition of two entries",https://rbidocs.rbi.org.in/rdocs/Notification/PDFs/NOTI233414A4186BA0478B897757E533F64844.PDF,data\full_dataset\rbi\pdf\RBI_2023-24_23_DOR.AML.REC.107_14.06.001_2023-24__97c16a27.pdf
12495,RBI/2023-24/22 FIDD.CO.LBS.BC.No.5/02.08.001/2023-24,"April 26, 2023",Merger of Districts in the state of Assam – Assignment of Lead Bank Responsibility,https://rbidocs.rbi.org.in/rdocs/Notification/PDFs/FAIRCIRCULARMERGERE3B0D36F18B64C56B31A1D093B63CE2E.PDF,data\full_dataset\rbi\pdf\RBI_2023-24_22_FIDD.CO.LBS.BC.No.5_02.08.001_2023-24__4c7ef6c6.pdf
12494,RBI/2023-24/21 A.P. (DIR Series) Circular No.03,"April 26, 2023",Remittances to International Financial Services Centres (IFSCs) under the Liberalised Remittance Scheme (LRS),https://rbidocs.rbi.org.in/rdocs/Notification/PDFs/APDIRSERIESIFSCSLRS91D40B2590D24CA9B0C6C5575354FE59.PDF,data\full_dataset\rbi\pdf\RBI_2023-24_21_A.P.__DIR_Series__Circular_No.03__07b37bb0.pdf
12493,RBI/2023-24/20 FIDD.GSSD.CO.BC.No.07/09.01.003/2023-24,"April 26, 2023",Master Circular – Deendayal Antyodaya Yojana - National Rural Livelihoods Mission (DAY-NRLM),https://rbidocs.rbi.org.in/rdocs/Notification/PDFs/20MC0616CA4DA00345B78CE6E6B210A30DBD.PDF,data\full_dataset\rbi\pdf\RBI_2023-24_20_FIDD.GSSD.CO.BC.No.07_09.01.003_2023-24__178480f7.pdf
12492,RBI/2023-24/19 FIDD.MSME & NFS.BC.No.06/06.02.31/2023-24,"April 25, 2023",General Credit Card (GCC) Facility – Review,https://rbidocs.rbi.org.in/rdocs/Notification/PDFs/GENERALCREDITCARDE68D55C3F84F4FACA68B71125047FC8C.PDF,data\full_dataset\rbi\pdf\RBI_2023-24_19_FIDD.MSME___NFS.BC.No.06_06.02.31_2023-24__3b6fc1be.pdf
12491,RBI/2023-24/18 DOR.STR.REC.12/21.04.048/2023-24,"April 24, 2023",Provisioning for standard assets by primary (Urban) co-operative banks – revised norms under four-tiered regulatory framework,https://rbidocs.rbi.org.in/rdocs/Notification/PDFs/UCBSAP80786C7D4ECE4ADC99A0992BF4DB66DB.PDF,data\full_dataset\rbi\pdf\RBI_2023-24_18_DOR.STR.REC.12_21.04.048_2023-24__68caf16c.pdf
12490,RBI/2023-24/17 DOR.CAP.REC.11/09.18.201/2023-24,"April 20, 2023",Master Circular- Prudential Norms on Capital Adequacy - Primary (Urban) Co-operative Banks (UCBs),https://rbidocs.rbi.org.in/rdocs/Notification/PDFs/NOTIMC1720042308CE8333F32D4F86BB3FC68ED1FB33E4.PDF,data\full_dataset\rbi\pdf\RBI_2023-24_17_DOR.CAP.REC.11_09.18.201_2023-24__abdb89cd.pdf
12489,RBI/2023-24/16 A.P. (DIR Series) Circular No. 02,"April 12, 2023",Authorised Dealers Category-II - Online submission of Form A2,https://rbidocs.rbi.org.in/rdocs/Notification/PDFs/APDIRCIRCULARNO02EF4A3A8D73DE4C8580766110773B33A8.PDF,data\full_dataset\rbi\pdf\RBI_2023-24_16_A.P.__DIR_Series__Circular_No._02__2f71ec48.pdf
12488,RBI/2023-24/15 DOR.CRE.REC.No.9/07.10.002/2023-24,"April 11, 2023",Master Circular - Housing Finance for UCBs,https://rbidocs.rbi.org.in/rdocs/Notification/PDFs/15MCHOUSINGFINANCE41CCA660F0F446AFA500372068A1CA51.PDF,data\full_dataset\rbi\pdf\RBI_2023-24_15_DOR.CRE.REC.No.9_07.10.002_2023-24__a5eb1f04.pdf
12487,RBI/2023-24/14 DOR.SFG.REC.10/30.01.021/2023-24,"April 11, 2023",,https://rbidocs.rbi.org.in/rdocs/Notification/PDFs/CIRCULARGREENDEPOSITS55FFC86E3BD94C4A8BFF8946C6C282EA.PDF,data\full_dataset\rbi\pdf\RBI_2023-24_14_DOR.SFG.REC.10_30.01.021_2023-24__21229187.pdf
12486,RBI/2023-24/102 DoS.CO.CSITEG/SEC.1/31.01.015/2023-24,"April 10, 2023",Master Direction on Outsourcing of Information Technology Services,https://rbidocs.rbi.org.in/rdocs/Notification/PDFs/102MDITSERVICES56B33FD530B1433187D75CB7C06C8F70.PDF,data\full_dataset\rbi\pdf\RBI_2023-24_102_DoS.CO.CSITEG_SEC.1_31.01.015_2023-24__9d0682ce.pdf
12485,RBI/2023-24/13 A.P. (DIR Series) Circular No.01,"April 06, 2023",APConnect - Online application for Full Fledged Money Changers and non-bank Authorised Dealers Category-II,https://rbidocs.rbi.org.in/rdocs/Notification/PDFs/13APDIRD881E2BF448041DD9F82F952A211CD0D.PDF,data\full_dataset\rbi\pdf\RBI_2023-24_13_A.P.__DIR_Series__Circular_No.01__d5cf7534.pdf
12484,RBI/2023-24/12 DOR.SIG.FIN.REC 8/26.03.001/2023-24,"April 03, 2023",Master Circular - Asset Reconstruction Companies,https://rbidocs.rbi.org.in/rdocs/Notification/PDFs/12MCARC010423FEDAEBC96261407192FDE3788D1CB455.PDF,data\full_dataset\rbi\pdf\RBI_2023-24_12_DOR.SIG.FIN.REC_8_26.03.001_2023-24__f72dc92e.pdf
12483,RBI/2023-24/99 DCM (CC) No.G-5/03.41.01/2023-24,"April 03, 2023",Master Direction on Framework of Incentives for Currency Distribution & Exchange Scheme for bank branches including currency chests based on performance in rendering customer service to the members of public,https://rbidocs.rbi.org.in/rdocs/Notification/PDFs/99MD7E47D5C894AC429FBA74073AA1D9CB93.PDF,data\full_dataset\rbi\pdf\RBI_2023-24_99_DCM__CC__No.G-5_03.41.01_2023-24__c417e5c4.pdf
12482,RBI/2023-24/100 DCM (CC) No.G-3/03.44.01/2023-24,"April 03, 2023",Master Direction – Scheme of Penalties for bank branches and Currency Chests for deficiency in rendering customer service to the members of public,https://rbidocs.rbi.org.in/rdocs/Notification/PDFs/100MD03042023F2C548759A2C4E429F295F9A9FC5168F.PDF,data\full_dataset\rbi\pdf\RBI_2023-24_100_DCM__CC__No.G-3_03.44.01_2023-24__bb2f8edd.pdf
12481,RBI/2023-24/101 DCM (CC) No.G-4/03.35.01/2023-24,"April 03, 2023",Master Direction on Penal Provisions in reporting of transactions/ balances at Currency Chests,https://rbidocs.rbi.org.in/rdocs/Notification/PDFs/101MDPPD80EBE808A91E45CE9BE6B989C188F877.PDF,data\full_dataset\rbi\pdf\RBI_2023-24_101_DCM__CC__No.G-4_03.35.01_2023-24__4dd41d01.pdf
12480,RBI/2023-24/98 DCM (FNVD)/G-1/16.01.05/2023-24,"April 03, 2023","Master Direction on Counterfeit Notes, 2023 - Detection, Reporting and Monitoring",https://rbidocs.rbi.org.in/rdocs/Notification/PDFs/98MD030420232E2F50AF4A6043AF97A5628CFB7D3B56.PDF,data\full_dataset\rbi\pdf\RBI_2023-24_98_DCM__FNVD_G-1_16.01.05_2023-24__02894647.pdf
12479,"RBI/2023-24/97 DCM (NE) No.G-2/08.07.18/2023-24 April 03, 2023 ( Updated a","May 15, 2023","Master Direction – Facility for Exchange of Notes and Coins (Updated as on May 15, 2023)",https://rbidocs.rbi.org.in/rdocs/Notification/PDFs/97MDFENCCBA829FDFE8B46309498DB166C87D933.PDF,data\full_dataset\rbi\pdf\RBI_2023-24_97_DCM__NE__No.G-2_08.07.18_2023-24_April_03__2023___Updated_a__190661c0.pdf
12478,RBI/2023-24/11 FIDD.CO.LBS.BC.No.04/02.01.001/2023-24,"April 03, 2023",Master Circular – Lead Bank Scheme,https://rbidocs.rbi.org.in/rdocs/Notification/PDFs/11MC4D274876BEA5427D96C629A0C985715B.PDF,data\full_dataset\rbi\pdf\RBI_2023-24_11_FIDD.CO.LBS.BC.No.04_02.01.001_2023-24__6d0ed456.pdf
12477,RBI/2023-24/10 DGBA.GBD.No.S3/31.02.007/2023-24,"April 03, 2023",Master Circular - Disbursement of Government Pension by Agency Banks,https://rbidocs.rbi.org.in/rdocs/Notification/PDFs/10MC03042023BF64F2D30B3F47138700DE19213DD35D.PDF,data\full_dataset\rbi\pdf\RBI_2023-24_10_DGBA.GBD.No.S3_31.02.007_2023-24__1dc9c000.pdf
12476,RBI/2023-24/09 DOR.CRE.REC.No.07/21.04.172/2023-24,"April 03, 2023",Master Circular - Bank Finance to Non-Banking Financial Companies (NBFCs),https://rbidocs.rbi.org.in/rdocs/Notification/PDFs/09MC03042023AE28C510817B4C7E9B5B2768FA601BD2.PDF,data\full_dataset\rbi\pdf\RBI_2023-24_09_DOR.CRE.REC.No.07_21.04.172_2023-24__eba48478.pdf
12475,RBI/2023-24/08 DOR.CRE.REC.No.06/08.12.001/2023-24,"April 03, 2023",Master Circular – Housing Finance,https://rbidocs.rbi.org.in/rdocs/Notification/PDFs/08MC6C0578C746FC4ADE830A5E3D428373E3.PDF,data\full_dataset\rbi\pdf\RBI_2023-24_08_DOR.CRE.REC.No.06_08.12.001_2023-24__0f32b861.pdf
12474,RBI/2023-24/07 CO.DGBA.GBD.No.S1/31-12-010/2023-2024,"April 1, 2023",Master Circular on Conduct of Government Business by Agency Banks - Payment of Agency Commission,https://rbidocs.rbi.org.in/rdocs/Notification/PDFs/07MCGBABPACBB753DD4E2C74C049DF34A501064506F.PDF,data\full_dataset\rbi\pdf\RBI_2023-24_07_CO.DGBA.GBD.No.S1_31-12-010_2023-2024__9e7d2ad5.pdf
12473,RBI/2023-24/96 DOR.MRG.REC.01/00-00-011/2023-24,"April 1, 2023","Master Direction – Reserve Bank of India (Classification, Valuation and Operation of Investment Portfolio of Primary (Urban) Co-operative Banks) Directions, 2023",https://rbidocs.rbi.org.in/rdocs/Notification/PDFs/96MD01042023DA2FB58B2639427E86DE9E18CB6A9BA8.PDF,data\full_dataset\rbi\pdf\RBI_2023-24_96_DOR.MRG.REC.01_00-00-011_2023-24__78cfa45e.pdf
12472,RBI/2023-24/06 DOR.STR.REC.3/21.04.048/2023-24,"April 1, 2023",Particulars,https://rbidocs.rbi.org.in/rdocs/Notification/PDFs/06MC01042023AEBE1CE5C60C4096875441C91F41553E.PDF,data\full_dataset\rbi\pdf\RBI_2023-24_06_DOR.STR.REC.3_21.04.048_2023-24__7223c59f.pdf
12471,RBI/2023-24/04 DOR.STR.REC.5/13.07.010/2023-24,"April 1, 2023",Master Circular - Guarantees and Co-acceptances,https://rbidocs.rbi.org.in/rdocs/Notification/PDFs/04MC01042023E12187DB1D5044BEAE4B1E552050560D.PDF,data\full_dataset\rbi\pdf\RBI_2023-24_04_DOR.STR.REC.5_13.07.010_2023-24__8b69a15e.pdf
12470,RBI/2023-24/03 FIDD.CO.FID.BC.No.1/12.01.033/2023-24,"April 01, 2023",Master Circular on SHG-Bank Linkage Programme,https://rbidocs.rbi.org.in/rdocs/Notification/PDFs/03MCSHG010420239645FF4954B24F45B8E021401AF6C9D1.PDF,data\full_dataset\rbi\pdf\RBI_2023-24_03_FIDD.CO.FID.BC.No.1_12.01.033_2023-24__af1e65e1.pdf
12469,RBI/2023-24/05 DoR.STR.REC.4/09.27.000/2023-24,"April 1, 2023","Master Circular - Guarantees, Co-Acceptances & Letters of Credit - UCBs",https://rbidocs.rbi.org.in/rdocs/Notification/PDFs/05MC0104202345FAB06F51F34F0AB869C9FE16D467EF.PDF,data\full_dataset\rbi\pdf\RBI_2023-24_05_DoR.STR.REC.4_09.27.000_2023-24__fc72b06e.pdf
12468,RBI/2023-24/01 FIDD.CO.GSSD.BC.No.03/09.09.001/2023-24,"April 01, 2023",Master Circular - Credit facilities to Scheduled Castes (SCs) & Scheduled Tribes (STs),https://rbidocs.rbi.org.in/rdocs/Notification/PDFs/01MC04E4F5B7C26B47BE93E5D02C5B0D56BE.PDF,data\full_dataset\rbi\pdf\RBI_2023-24_01_FIDD.CO.GSSD.BC.No.03_09.09.001_2023-24__b8d7fc70.pdf
12467,RBI/2023-24/02 FIDD.GSSD.BC.No.02/09.10.001/2023-24,"April 01, 2023",Master Circular on Credit Facilities to Minority Communities,https://rbidocs.rbi.org.in/rdocs/Notification/PDFs/02MC0104202303284DD5FCFC4E71A28F0F10B3BBACCC.PDF,data\full_dataset\rbi\pdf\RBI_2023-24_02_FIDD.GSSD.BC.No.02_09.10.001_2023-24__367f9c84.pdf
12466,"RBI/2022-23/190 CO.DPSS.RPPD.No.S2185/03-01-002/2022-2023 March 29, 2023 Th","March 31, 2023","Special Clearing Operations on March 31, 2023",https://rbidocs.rbi.org.in/rdocs/Notification/PDFs/SPECIALCLEARING7080C4FB29654C41B7C952274056CA48.PDF,data\full_dataset\rbi\pdf\RBI_2022-23_190_CO.DPSS.RPPD.No.S2185_03-01-002_2022-2023_March_29__2023_Th__6dc9bedf.pdf
12465,RBI/2022-23/189 DOR.CAP.REC. No.109/09.18.201/2022-23,"March 28, 2023",Revised Regulatory Framework for Urban Co-operative Banks (UCBs) – Net Worth and Capital Adequacy,https://rbidocs.rbi.org.in/rdocs/Notification/PDFs/NT189AD3005380CAC4F519F0FE072D7C7E372.PDF,data\full_dataset\rbi\pdf\RBI_2022-23_189_DOR.CAP.REC._No.109_09.18.201_2022-23__ada2d33a.pdf
12464,RBI/2022-23/188 DOR.RET.REC.108/12.07.160/2022-23,"March 27, 2023","Cessation of “Abu Dhabi Commercial Bank PJSC” as a banking company within the meaning of sub section (2) of Section 36 A of Banking Regulation Act, 1949",https://rbidocs.rbi.org.in/rdocs/Notification/PDFs/NOT188D39AA028391D4560A3795D38471F6944.PDF,data\full_dataset\rbi\pdf\RBI_2022-23_188_DOR.RET.REC.108_12.07.160_2022-23__5e8b8f5b.pdf
12463,RBI/2022-23/187 DOR.RET.REC.107/12.07.160/2022-23,"March 27, 2023","Exclusion of “Abu Dhabi Commercial Bank PJSC” from the Second Schedule to the Reserve Bank of India Act, 1934",https://rbidocs.rbi.org.in/rdocs/Notification/PDFs/EXCLUSIONFROM2NDSCHEDULEFB89AB045DD84DE28271F5A2D6C8190E.PDF,data\full_dataset\rbi\pdf\RBI_2022-23_187_DOR.RET.REC.107_12.07.160_2022-23__8be7fe02.pdf
12462,RBI/2022-23/186 CO.DGBA.GBD.No.S1490/42-01-029/2022-2023,"March 21, 2023",Annual Closing of Government Accounts – Transactions of Central / State Governments – Special Measures for the Current Financial Year (2022-23),https://rbidocs.rbi.org.in/rdocs/Notification/PDFs/SPECIALMEASURESC4A52E8DED0944B99012E40BB00CBBD0.PDF,data\full_dataset\rbi\pdf\RBI_2022-23_186_CO.DGBA.GBD.No.S1490_42-01-029_2022-2023__4937b2f9.pdf
12461,RBI/2022-23/185 DOR.AML.REC.106/14.06.001/2022-23,"March 17, 2023","Implementation of Section 51A of UAPA,1967: Updates to UNSC’s 1267/ 1989 ISIL (Da'esh) & Al-Qaida Sanctions List: Amendments to 102 entries",https://rbidocs.rbi.org.in/rdocs/Notification/PDFs/NT185894E5A7F317F4B15B89C9DE77E4562F3.PDF,data\full_dataset\rbi\pdf\RBI_2022-23_185_DOR.AML.REC.106_14.06.001_2022-23__950ccf7a.pdf
12460,RBI/2022-23/184 DGBA.GBD.No.S1469/42-01-029/2022-2023,"March 16, 2023",Reporting and Accounting of Central Government transactions for March 2023,https://rbidocs.rbi.org.in/rdocs/Notification/PDFs/ANNUALCLOSING20222386236EB6C1FE4FDEA7269D5913CDD145.PDF,data\full_dataset\rbi\pdf\RBI_2022-23_184_DGBA.GBD.No.S1469_42-01-029_2022-2023__33b0822a.pdf
12459,RBI/2022-23/183 DOR.AML.REC.105/14.06.001/2022-23,"February 28, 2023","Designation of 1 individual and 2 organisations under Section 35(1) (a) and 2(1) (m) of the Unlawful Activities (Prevention) Act,1967 and their listing in the Fourth and First Schedule of the Act- Reg.",https://rbidocs.rbi.org.in/rdocs/Notification/PDFs/NT183E58850344F0E44C4A4C2414256327927.PDF,data\full_dataset\rbi\pdf\RBI_2022-23_183_DOR.AML.REC.105_14.06.001_2022-23__836bbc1b.pdf
12458,RBI/2022-23/182 DOR.ACC.REC.No.104/21.07.001/2022-23,"February 20, 2023",Implementation of Indian Accounting Standards (Ind AS),https://rbidocs.rbi.org.in/rdocs/Notification/PDFs/INDIANACCOUNTINGSTANDARDS8C7C436D851D46A4A9B2B9276DF02ECD.PDF,data\full_dataset\rbi\pdf\RBI_2022-23_182_DOR.ACC.REC.No.104_21.07.001_2022-23__78d14791.pdf
12457,RBI/2022-23/181 DOR.ACC.REC.No.103/21.04.018/2022-23,"February 20, 2023","Reserve Bank of India (Financial Statements - Presentation and Disclosures) Directions, 2021 – Disclosures for State Co-operative Banks and Central Co-operative Banks",https://rbidocs.rbi.org.in/rdocs/Notification/PDFs/RCBSDISCLOSURE1D84ED21F5E74893B2E1B83EBE915996.PDF,data\full_dataset\rbi\pdf\RBI_2022-23_181_DOR.ACC.REC.No.103_21.04.018_2022-23__fb517c3b.pdf
12456,RBI/2022-23/180 DOR.MRG.REC.102/00-00-009/2022-23,"February 17, 2023","Governance, measurement and management of Interest Rate Risk in Banking Book",https://rbidocs.rbi.org.in/rdocs/Notification/PDFs/NOTI180CF30A8446A704C11BD8267A8D0BB2AC2.PDF,data\full_dataset\rbi\pdf\RBI_2022-23_180_DOR.MRG.REC.102_00-00-009_2022-23__db219808.pdf
12455,RBI/2022-2023/179 A.P. (DIR Series) Circular No. 23,"February 16, 2023","Exim Bank’s GOI-supported Line of Credit (LOC) for USD 100 million to the Government of the Republic of Maldives (GO-MDV), for financing new developmental projects and to meet spill over costs from developmental projects in Maldives already included under Lines of credit extended to GO-MDV by Exim Bank",https://rbidocs.rbi.org.in/rdocs/Notification/PDFs/NT1795ACDC7192AEF4BD1ADB12918BF47F462.PDF,data\full_dataset\rbi\pdf\RBI_2022-2023_179_A.P.__DIR_Series__Circular_No._23__e43d0084.pdf
12454,RBI/2022-23/178 CO.DPSS.RPPD.No.S1931/04-03-001/2022-23,"February 16, 2023",Introduction of Foreign Contribution (Regulation) Act (FCRA) related transaction code in NEFT and RTGS Systems,https://rbidocs.rbi.org.in/rdocs/Notification/PDFs/NT1785EF26F40312C46658F861B415DF8A80E.PDF,data\full_dataset\rbi\pdf\RBI_2022-23_178_CO.DPSS.RPPD.No.S1931_04-03-001_2022-23__713b4db7.pdf
12453,RBI/2022-23/177 FIDD.CO.LBS.BC.No.18/02.08.001/2022-23,"February 13, 2023",Formation of new district in the State of Sikkim – Assignment of Lead Bank Responsibility,https://rbidocs.rbi.org.in/rdocs/Notification/PDFs/NOTI177322BCB00EA8443D7B1BA84278290CB2B.PDF,data\full_dataset\rbi\pdf\RBI_2022-23_177_FIDD.CO.LBS.BC.No.18_02.08.001_2022-23__620f941e.pdf
12452,RBI/2022-23/176 CO.DPSS.POLC.No.S–1907/02.14.006/2022-23,"February 10, 2023",Issuance of PPIs to Foreign Nationals / Non-Resident Indians (NRIs) visiting India,https://rbidocs.rbi.org.in/rdocs/Notification/PDFs/NT17637C9AE3BBEE64A6190534421852457BC.PDF,data\full_dataset\rbi\pdf\RBI_2022-23_176_CO.DPSS.POLC.No.S_1907_02.14.006_2022-23__9c4092bf.pdf
12451,RBI/2022-23/175 FMOD.MAOG.No.149/01.01.001/2022-23,"February 08, 2023",Liquidity Adjustment Facility - Change in rates,https://rbidocs.rbi.org.in/rdocs/Notification/PDFs/RATEHIKEA517F516F6F44A229B9509ECBDA24BF7.PDF,data\full_dataset\rbi\pdf\RBI_2022-23_175_FMOD.MAOG.No.149_01.01.001_2022-23__def95841.pdf
12450,RBI/2022-23/174 DOR.RET.REC.101/12.01.001/2022-23,"February 08, 2023",Change in Bank Rate,https://rbidocs.rbi.org.in/rdocs/Notification/PDFs/NOTI174F4027DDF37334F7D82495C4284A9640C.PDF,data\full_dataset\rbi\pdf\RBI_2022-23_174_DOR.RET.REC.101_12.01.001_2022-23__08440e14.pdf
12449,RBI/2022-23/173 REF.No.MPD.BC.397/07.01.279/2022-23,"February 08, 2023",Standing Liquidity Facility for Primary Dealers,https://rbidocs.rbi.org.in/rdocs/Notification/PDFs/NT173C06EF64F40C246079B2ED9699953CF7D.PDF,data\full_dataset\rbi\pdf\RBI_2022-23_173_REF.No.MPD.BC.397_07.01.279_2022-23__ab1113b2.pdf
12448,RBI/2022-2023/172 DOR.AML.REC.100/14.06.001/2022-23,"February 03, 2023","Implementation of Section 51A of UAPA,1967: Updates to UNSC’s 1267/ 1989 ISIL (Da'esh) & Al-Qaida Sanctions List (Amendments to 29 entries)",https://rbidocs.rbi.org.in/rdocs/Notification/PDFs/NOTI172E536C3F97ED9420292347A3411836125.PDF,data\full_dataset\rbi\pdf\RBI_2022-2023_172_DOR.AML.REC.100_14.06.001_2022-23__5203f139.pdf
12447,RBI/2022-23/171 DOR.AML.REC.99/14.06.001/2022-23,"January 30, 2023","Implementation of Section 51A of UAPA, 1967: Updates to UNSC’s 1267/ 1989 ISIL (Da'esh) & Al-Qaida Sanctions List: Addition of 1 entry",https://rbidocs.rbi.org.in/rdocs/Notification/PDFs/NOTI171B160B320D4D54DEFBE36FACBFB0F9760.PDF,data\full_dataset\rbi\pdf\RBI_2022-23_171_DOR.AML.REC.99_14.06.001_2022-23__8cec7a3e.pdf
12446,RBI/2022-23/170 DOR.AML.REC.98/14.06.001/2022-23,"January 24, 2023","Designation of 3 individuals as ‘Terrorists’ under Section 35 (1) (a) of the Unlawful Activities (Prevention) Act (UAPA), 1967 and their listing in the Schedule IV of the Act-Reg.",https://rbidocs.rbi.org.in/rdocs/Notification/PDFs/NOTI170052874CD70BB474CA1CD65F4F3E926D5.PDF,data\full_dataset\rbi\pdf\RBI_2022-23_170_DOR.AML.REC.98_14.06.001_2022-23__c871fd99.pdf
12445,,,Guidelines for setting up of and operating the Trade Receivables Discounting System (TReDS),https://rbidocs.rbi.org.in/rdocs/Notification/PDFs/TREDSG0312149C13E59EE8F04AD4825CA440AB878048.PDF,data\full_dataset\rbi\pdf\Guidelines_for_setting_up_of_and_operating_the_Trade_Receivables_Discounting_System__TReDS___08ff8efb.pdf
12444,RBI/2022-23/169 FMRD.FMID.No.07/14.01.006/2022-23,"January 23, 2023",‘Fully Accessible Route’ for Investment by Non-residents in Government Securities – Inclusion of Sovereign Green Bonds,https://rbidocs.rbi.org.in/rdocs/Notification/PDFs/NT16999126030CDD14DA2BCA52780EF1D4AE4.PDF,data\full_dataset\rbi\pdf\RBI_2022-23_169_FMRD.FMID.No.07_14.01.006_2022-23__96ae32a4.pdf
12443,RBI/2022-23/168 CO.CEPD.PRS.No.S1233/13-01-018/2022-2023,"January 23, 2023",Safe Deposit Locker/Safe Custody Article Facility provided by banks,https://rbidocs.rbi.org.in/rdocs/Notification/PDFs/NOTI1683F47E470AC724A759FDF7F57DDFE77C5.PDF,data\full_dataset\rbi\pdf\RBI_2022-23_168_CO.CEPD.PRS.No.S1233_13-01-018_2022-2023__302d0cad.pdf
12442,RBI/2022-23/167 DOR.AML.REC.97/14.06.001/2022-23,"January 17, 2023","Implementation of Section 51A of UAPA, 1967: Updates to UNSC’s 1267/ 1989 ISIL (Da'esh) & Al-Qaida Sanctions List: Addition of 1 entry",https://rbidocs.rbi.org.in/rdocs/Notification/PDFs/CIRCULARUAPA196704EFC059740F42EFB62954FEEEAC0707.PDF,data\full_dataset\rbi\pdf\RBI_2022-23_167_DOR.AML.REC.97_14.06.001_2022-23__eb7b50cf.pdf
12441,RBI/2022-23/166 DOR. AML.REC.96/14.06.001/2022-23,"January 17, 2023","Designation of two individuals and one organisation under Section 35(1) (a) and 2(1) (m) of the Unlawful Activities (Prevention) Act,1967 and their listing in the First and Fourth Schedule of the Act",https://rbidocs.rbi.org.in/rdocs/Notification/PDFs/DESIGNATION02INDIVIDUAL60EB779FA6134395B27338916214C525.PDF,data\full_dataset\rbi\pdf\RBI_2022-23_166_DOR._AML.REC.96_14.06.001_2022-23__7fa2dc49.pdf
12440,,"July 21, 2016",Guidelines on Acquisition and Holding of Shares or Voting Rights in Banking Companies,https://rbidocs.rbi.org.in/rdocs/Notification/PDFs/GUIDELINESACQUISITION4FCAEA49424F44ACB2DCE0BA9451217971F324A391AB46EEA0D03C2F84C868C8.PDF,data\full_dataset\rbi\pdf\Guidelines_on_Acquisition_and_Holding_of_Shares_or_Voting_Rights_in_Banking_Companies__22f38a4d.pdf
12439,,"January 16, 2023","Master Direction – Reserve Bank of India (Acquisition and Holding of Shares or Voting Rights in Banking Companies) Directions, 2023",https://rbidocs.rbi.org.in/rdocs/Notification/PDFs/94MDAHSVRBC80A53F9E5D324A948540B84F580DE15F.PDF,data\full_dataset\rbi\pdf\Master_Direction___Reserve_Bank_of_India__Acquisition_and_Holding_of_Shares_or_Voting_Rights_in_Banking_Companies__Directions__2023__5a5b3269.pdf
12438,RBI/2022-23/165 FIDD.CO.LBS.BC.No.17/02.08.001/2022-23,"January 13, 2023",Formation of new district in the State of Sikkim –,https://rbidocs.rbi.org.in/rdocs/Notification/PDFs/NOTI165576834676F6844AC8CCC4AFD367DC320.PDF,data\full_dataset\rbi\pdf\RBI_2022-23_165_FIDD.CO.LBS.BC.No.17_02.08.001_2022-23__05548cdd.pdf
12437,RBI/2022-23/164 FIDD.CO.LBS.BC.No.16/02.08.001/2022-23,"January 13, 2023",Formation of new district in the State of Arunachal Pradesh – Assignment of Lead Bank Responsibility,https://rbidocs.rbi.org.in/rdocs/Notification/PDFs/NT16426C83A65EC214BB294820F178800B30A.PDF,data\full_dataset\rbi\pdf\RBI_2022-23_164_FIDD.CO.LBS.BC.No.16_02.08.001_2022-23__71bda4c4.pdf
12436,RBI/2022-23/163 IDMD.No.S2800/08.02.032/2022-23,"January 11, 2023",,https://rbidocs.rbi.org.in/rdocs/Notification/PDFs/NT163069DB2F7854C4492911E60E342FB0884.PDF,data\full_dataset\rbi\pdf\RBI_2022-23_163_IDMD.No.S2800_08.02.032_2022-23__94a76008.pdf
12435,RBI/2022-23/162 DOR.STR.REC.94/21.06.008/2022-23,"January 09, 2023",Basel III Capital Regulations - Eligible Credit Rating Agencies,https://rbidocs.rbi.org.in/rdocs/Notification/PDFs/ELIGIBLECREDITRATINGAGENCIES21F1C0797D1645D4A09E0387740D1D8F.PDF,data\full_dataset\rbi\pdf\RBI_2022-23_162_DOR.STR.REC.94_21.06.008_2022-23__69e81659.pdf
12434,RBI/2022-23/161 FIDD.CO.LBS.BC.No.15/02.08.001/2022-23,"January 06, 2023",Formation of new districts in the State of Chhattisgarh – Assignment of Lead Bank Responsibility,https://rbidocs.rbi.org.in/rdocs/Notification/PDFs/NOTI1619329AAF25609480D98060589DBF58DB8.PDF,data\full_dataset\rbi\pdf\RBI_2022-23_161_FIDD.CO.LBS.BC.No.15_02.08.001_2022-23__245be13a.pdf
12433,RBI/2022-23/160 A.P. (DIR Series) Circular No. 22,"January 04, 2023",Foreign Investment in India - Rationalisation of reporting in Single Master Form (SMF) on FIRMS Portal,https://rbidocs.rbi.org.in/rdocs/Notification/PDFs/NT160575FE246EFF9474197DB1369010F8F57.PDF,data\full_dataset\rbi\pdf\RBI_2022-23_160_A.P.__DIR_Series__Circular_No._22__58108d13.pdf
12432,RBI/2022-23/159 DOR.CRE.REC.92/07.10.002/2022-23,"December 30, 2022",Individual Housing loans – Revised limits under four-tiered regulatory framework,https://rbidocs.rbi.org.in/rdocs/Notification/PDFs/NT159737263E4D0F4474EAADA07FF4BFBF347.PDF,data\full_dataset\rbi\pdf\RBI_2022-23_159_DOR.CRE.REC.92_07.10.002_2022-23__cca0484e.pdf
12431,RBI/2022-23/158 CO.DPSS.OVRST.No.S1619/06-08-005/2022-2023,"December 26, 2022",Central Payments Fraud Information Registry – Migration of Reporting to DAKSH,https://rbidocs.rbi.org.in/rdocs/Notification/PDFs/NT158E6817A5F7C4B47F3AE93090730E257AB.PDF,data\full_dataset\rbi\pdf\RBI_2022-23_158_CO.DPSS.OVRST.No.S1619_06-08-005_2022-2023__ecbcbae3.pdf
12430,RBI/2022-23/157 FIDD.CO.LBS.BC.No.14/02.08.001/2022-23,"December 20, 2022",Formation of new district in the State of Assam – Assignment of Lead Bank Responsibility,https://rbidocs.rbi.org.in/rdocs/Notification/PDFs/NOTI157E20122240F8DBD2694C43D9951A1736CB995E22.PDF,data\full_dataset\rbi\pdf\RBI_2022-23_157_FIDD.CO.LBS.BC.No.14_02.08.001_2022-23__16619978.pdf
12429,RBI/2022-23/156 IDMD.CDD.No.S2581/14.04.050/2022-23,"December 16, 2022",Sovereign Gold Bond (SGB) Scheme 2022-23,https://rbidocs.rbi.org.in/rdocs/Notification/PDFs/SGBC20222345D9E62FE8EC4B488243FBC96AB6B2F5.PDF,data\full_dataset\rbi\pdf\RBI_2022-23_156_IDMD.CDD.No.S2581_14.04.050_2022-23__2c38259b.pdf
12428,RBI/2022-23/153 A. P. (DIR Series) Circular No. 21,"December 12, 2022","Master Direction – Foreign Exchange Management (Hedging of Commodity Price Risk and Freight Risk in Overseas Markets) Directions, 2022",https://rbidocs.rbi.org.in/rdocs/Notification/PDFs/153MDHEDGINGPRICE70DC397D54B641B0971E90A17EB4B97F.PDF,data\full_dataset\rbi\pdf\RBI_2022-23_153_A._P.__DIR_Series__Circular_No._21__c5da19b4.pdf
12427,"RBI/2022-2023/94 A. P. (DIR Series) Circular No. 20 December 12, 2022 ( Upda","April 15, 2024","Master Direction – Foreign Exchange Management (Hedging of Commodity Price Risk and Freight Risk in Overseas Markets) Directions, 2022 (Updated as on April 15, 2024)",https://rbidocs.rbi.org.in/rdocs/Notification/PDFs/94MDHEDGIN0DE447B3472143D6B3237D5F605E2ADB.PDF,data\full_dataset\rbi\pdf\RBI_2022-2023_94_A._P.__DIR_Series__Circular_No._20_December_12__2022___Upda__55e205ef.pdf
12426,RBI/2022-23/155 DOR.ACC.REC.No.91/21.04.018/2022-23,"December 13, 2022","Reserve Bank of India (Financial Statements - Presentation and Disclosures) Directions, 2021 - Disclosure of material items",https://rbidocs.rbi.org.in/rdocs/Notification/PDFs/CIRCULARBANK1372F81AD72A445D97C913CFA16F69D9.PDF,data\full_dataset\rbi\pdf\RBI_2022-23_155_DOR.ACC.REC.No.91_21.04.018_2022-23__f6260fd2.pdf
12425,RBI/2022-23/154 DoR.FIN.REC.90/20.16.056/2022-23,"December 13, 2022",Data Format for Furnishing of Credit Information to Credit Information Companies and other Regulatory Measures,https://rbidocs.rbi.org.in/rdocs/Notification/PDFs/NOT153B786B27A8FCA4C65B41367FD642D8C13.PDF,data\full_dataset\rbi\pdf\RBI_2022-23_154_DoR.FIN.REC.90_20.16.056_2022-23__403d271a.pdf
12424,RBI/2022-23/152 A. P. (DIR Series) Circular No. 20,"December 12, 2022",Hedging of Commodity Price Risk and Freight Risk in Overseas Markets,https://rbidocs.rbi.org.in/rdocs/Notification/PDFs/152MDHEDGINGPRICERISKEE64135C95BA4C9F9069497CB8D8A9C4.PDF,data\full_dataset\rbi\pdf\RBI_2022-23_152_A._P.__DIR_Series__Circular_No._20__4a11e4ff.pdf
12423,RBI/2022-23/151 A. P. (DIR Series) Circular No. 19,"December 12, 2022",Hedging of Gold Price Risk in Overseas Markets,https://rbidocs.rbi.org.in/rdocs/Notification/PDFs/151COMMODITYHEDGING356BA0A79FB841D28E92B518D9A415B9.PDF,data\full_dataset\rbi\pdf\RBI_2022-23_151_A._P.__DIR_Series__Circular_No._19__c8165941.pdf
12422,RBI/2022-23/150 DOR.MRG.REC.89/21.04.141/2022-23,"December 8, 2022",Review of SLR holdings in HTM category,https://rbidocs.rbi.org.in/rdocs/Notification/PDFs/NOTI1506E9E4AEBFB0E46F1B65C980024AC7492.PDF,data\full_dataset\rbi\pdf\RBI_2022-23_150_DOR.MRG.REC.89_21.04.141_2022-23__a2786280.pdf
12421,RBI/2022-23/149 REF.No.MPD.BC.396/07.01.279/2022-23,"December 07, 2022",Standing Liquidity Facility for Primary Dealers,https://rbidocs.rbi.org.in/rdocs/Notification/PDFs/NOTI149A83E7926D0774378ABEC096BC6BB002D.PDF,data\full_dataset\rbi\pdf\RBI_2022-23_149_REF.No.MPD.BC.396_07.01.279_2022-23__e5ea9ce6.pdf
12420,RBI/2022-23/148 DOR.RET.REC.88/12.01.001/2022-23,"December 07, 2022",Change in Bank Rate,https://rbidocs.rbi.org.in/rdocs/Notification/PDFs/BANKRATE9C90C98C4E704C09A8B7266004493E99.PDF,data\full_dataset\rbi\pdf\RBI_2022-23_148_DOR.RET.REC.88_12.01.001_2022-23__0a8f1e9c.pdf
12419,RBI/2022-23/147 FMOD.MAOG.No.148/01.01.001/2022-23,"December 07, 2022",Liquidity Adjustment Facility- Change in rates,https://rbidocs.rbi.org.in/rdocs/Notification/PDFs/NT147F0B2F926CA0E4D7E9943B65F01E1E249.PDF,data\full_dataset\rbi\pdf\RBI_2022-23_147_FMOD.MAOG.No.148_01.01.001_2022-23__f8af62e8.pdf
12418,RBI/2022-23/146 DOR.CAP.REC.No.86/09.18.201/2022-23,"December 1, 2022",Revised Regulatory Framework for Urban Co-operative Banks (UCBs) – Net Worth and Capital Adequacy,https://rbidocs.rbi.org.in/rdocs/Notification/PDFs/NETWORTHCAPITALADEQUACY1EEF35D1B9FA426AAA640D15500BD60D.PDF,data\full_dataset\rbi\pdf\RBI_2022-23_146_DOR.CAP.REC.No.86_09.18.201_2022-23__399a49a6.pdf
12417,RBI/2022-23/145 DOR.MRG.REC.87/00-00-020/2022-23,"December 1, 2022",Operations of subsidiaries and branches of Indian banks and All India Financial Institutions (AIFIs) in foreign jurisdictions and in International Financial Services Centers (IFSCs) - Compliance with statutory/regulatory norms,https://rbidocs.rbi.org.in/rdocs/Notification/PDFs/FINALCIRCULAR0112202244E4771D705648AA8B7985561A6EE055.PDF,data\full_dataset\rbi\pdf\RBI_2022-23_145_DOR.MRG.REC.87_00-00-020_2022-23__00c3d9cd.pdf
12416,RBI/2022-23/144 DOR.REG.No.84/07.01.000/2022-23,"December 01, 2022",Revised Regulatory Framework - Categorization of Urban Co-operative Banks (UCBs) for Regulatory Purposes,https://rbidocs.rbi.org.in/rdocs/Notification/PDFs/NOTI144A9762C659ECF4F54AFC9B1CF131D5E23.PDF,data\full_dataset\rbi\pdf\RBI_2022-23_144_DOR.REG.No.84_07.01.000_2022-23__9b3eee04.pdf
12415,RBI/2022-23/143 DOR.REG.No.85/07.01.000/2022-23,"December 01, 2022",Review of norms for classification of Urban Co-operative Banks (UCBs) as Financially Sound and Well Managed (FSWM),https://rbidocs.rbi.org.in/rdocs/Notification/PDFs/CLAUUCBSFAE4AA5D8D2744CC8C487F7B8CA7E477.PDF,data\full_dataset\rbi\pdf\RBI_2022-23_143_DOR.REG.No.85_07.01.000_2022-23__57d7635a.pdf
12414,RBI/2022-23/142 FMRD.FMSD.06/03.07.25/2022-23,"December 01, 2022",Notification of Significant Benchmark,https://rbidocs.rbi.org.in/rdocs/Notification/PDFs/NT1421B22AD892C3848248CEAA82AC1CCAC1B.PDF,data\full_dataset\rbi\pdf\RBI_2022-23_142_FMRD.FMSD.06_03.07.25_2022-23__c1be71aa.pdf
12413,RBI/2022-23/141 DOR.LRG.REC.83/03.10.001/2022-23,"November 23, 2022",Basel III Framework on Liquidity Standards – Standing Deposit Facility,https://rbidocs.rbi.org.in/rdocs/Notification/PDFs/SDFC231120225B95204690D843D39008D468B12CB08C.PDF,data\full_dataset\rbi\pdf\RBI_2022-23_141_DOR.LRG.REC.83_03.10.001_2022-23__59a0534b.pdf
12412,RBI/2022-23/140 DoR.FIN.REC.82/03.10.123/2022-23,"November 23, 2022",Inclusion of Goods and Service Tax Network (GSTN) as a Financial Information Provider under Account Aggregator Framework,https://rbidocs.rbi.org.in/rdocs/Notification/PDFs/GSTN088429D6B1514ECEB97FA6C51995F2C8.PDF,data\full_dataset\rbi\pdf\RBI_2022-23_140_DoR.FIN.REC.82_03.10.123_2022-23__5dcca068.pdf
12411,RBI/2022-23/139 FIDD.CO.FSD.BC.No.13/05.02.001/2022-23,"November 23, 2022",Modified Interest Subvention Scheme for Short Term Loans for Agriculture and Allied Activities availed through Kisan Credit Card (KCC) during the financial years 2022-23 and 2023-24,https://rbidocs.rbi.org.in/rdocs/Notification/PDFs/FCISS20222344C72345B51E4582A0857A47CC40AFAF.PDF,data\full_dataset\rbi\pdf\RBI_2022-23_139_FIDD.CO.FSD.BC.No.13_05.02.001_2022-23__46f4351d.pdf
12410,RBI/2022-23/138 FIDD.CO.LBS.BC.No.12/02.08.001/2022-23,"November 17, 2022",Formation of new districts in the State of Nagaland – Assignment of Lead Bank Responsibility,https://rbidocs.rbi.org.in/rdocs/Notification/PDFs/NT138FFAAB679AF954B079D7C02245DF94355.PDF,data\full_dataset\rbi\pdf\RBI_2022-23_138_FIDD.CO.LBS.BC.No.12_02.08.001_2022-23__8c2d8ac1.pdf
12409,RBI/2022-2023/137 A.P. (DIR Series) Circular No.18,"November 17, 2022",Exim Bank’s GoI supported Line of Credit of USD 300 Mn to the SBM (Mauritius) Infrastructure Development Company Ltd. for Construction of Phase-IV of the Mauritius Metro Express Project in Mauritius,https://rbidocs.rbi.org.in/rdocs/Notification/PDFs/NOTI137574DA1C0B7434768A617EC037BAE17AC.PDF,data\full_dataset\rbi\pdf\RBI_2022-2023_137_A.P.__DIR_Series__Circular_No.18__88f0b6a7.pdf
12408,RBI/2022-23/136 CO.DGBA.GBD.No.S957/43-33-005/2022-2023,"November 14, 2022",Agency Commission for Direct Tax collection under TIN 2.0 regime,https://rbidocs.rbi.org.in/rdocs/Notification/PDFs/NOTI136D8FCBC5753954E1E8054F813F8A2BDCB.PDF,data\full_dataset\rbi\pdf\RBI_2022-23_136_CO.DGBA.GBD.No.S957_43-33-005_2022-2023__9487fa7f.pdf
12407,RBI/2022-23/135 DoR.AUT.REC.81/24.01.001/2022-23,"November 01, 2022","Eligibility Criteria for offering Internet Banking Facility by Regional Rural Banks, 2022",https://rbidocs.rbi.org.in/rdocs/Notification/PDFs/NT135BB3F355F07844CFFA33AAA940D290576.PDF,data\full_dataset\rbi\pdf\RBI_2022-23_135_DoR.AUT.REC.81_24.01.001_2022-23__01245306.pdf
12406,RBI/2022-23/134 DOR.AML.REC.80/14.06.001/2022-23,"October 27, 2022","Designation of 10 individuals as ‘Terrorists’ under Section 35 (1) (a) of the Unlawful Activities (Prevention) Act (UAPA), 1967 and their listing in the Schedule IV of the Act- Reg.",https://rbidocs.rbi.org.in/rdocs/Notification/PDFs/NT134AF59D0EAB7234772B8D8A2E34C092A50.PDF,data\full_dataset\rbi\pdf\RBI_2022-23_134_DOR.AML.REC.80_14.06.001_2022-23__aa4b0e50.pdf
12405,RBI/2022-2023/133 A.P. (DIR Series) Circular No.17,"October 20, 2022",Exim Bank’s Short-Term Line of Credit (STLoC) of EUR 100 million to the Banco Exterior de Cuba for purchase of rice from India,https://rbidocs.rbi.org.in/rdocs/Notification/PDFs/NT13391FD198E3BAE416684174952158F90A4.PDF,data\full_dataset\rbi\pdf\RBI_2022-2023_133_A.P.__DIR_Series__Circular_No.17__8edba4d2.pdf
12404,,,Guidelines for the Trade Receivables Discounting System (TReDS),https://rbidocs.rbi.org.in/rdocs/Notification/PDFs/TREDSGD0241C8FEF214D7DAD76487274D277429C833EB3386B498DBD18E5175164E3EB.PDF,data\full_dataset\rbi\pdf\Guidelines_for_the_Trade_Receivables_Discounting_System__TReDS___0308f365.pdf
12403,RBI/2022-23/132 DOR.RET.REC.79/12.01.001/2022-23,"October 13, 2022",Claims Received from the National Credit Guarantee Trustee Company Ltd (NCGTC) - Classification for the Purpose of Maintenance of Cash Reserve Ratio (CRR)/Statutory Liquidity Ratio (SLR),https://rbidocs.rbi.org.in/rdocs/Notification/PDFs/NOT13292DB96317089497D89F8821384E04600.PDF,data\full_dataset\rbi\pdf\RBI_2022-23_132_DOR.RET.REC.79_12.01.001_2022-23__7fc1217b.pdf
12402,RBI/2022-23/131 DOR.MRG.REC.76/00-00-007/2022-23,"October 11, 2022","Reserve Bank of India (Unhedged Foreign Currency Exposure) Directions, 2022",https://rbidocs.rbi.org.in/rdocs/Notification/PDFs/UNHEDGEDFOREIGN557B15D6B5B8417887A64D6CCB6A8C5F.PDF,data\full_dataset\rbi\pdf\RBI_2022-23_131_DOR.MRG.REC.76_00-00-007_2022-23__762d5106.pdf
12401,RBI/2022-23/130 DOR.ACC.REC.No.74/21.04.018/2022-23,"October 11, 2022","Reserve Bank of India (Financial Statements - Presentation and Disclosures) Directions, 2021 - Disclosure of Divergence in Asset Classification and Provisioning",https://rbidocs.rbi.org.in/rdocs/Notification/PDFs/NOTI130D54317FD9BE84CEF95FE968AA883887E.PDF,data\full_dataset\rbi\pdf\RBI_2022-23_130_DOR.ACC.REC.No.74_21.04.018_2022-23__b65b91cd.pdf
12400,RBI/2022-23/129 DOR.CRE.REC.No.78/03.10.001/2022-23,"October 11, 2022",Multiple NBFCs in a Group: Classification in Middle Layer,https://rbidocs.rbi.org.in/rdocs/Notification/PDFs/NOTI129CEAD60B20A804890B68E2C53FE0C0B5E.PDF,data\full_dataset\rbi\pdf\RBI_2022-23_129_DOR.CRE.REC.No.78_03.10.001_2022-23__c38e5159.pdf
12399,RBI/2022-23/128 DoR.SIG.FIN.REC.75/26.03.001/2022-23,"October 11, 2022",Review of Regulatory Framework for Asset Reconstruction Companies (ARCs),https://rbidocs.rbi.org.in/rdocs/Notification/PDFs/ARCS3AD8FB7FBDE1424EB0962073C2A2912C.PDF,data\full_dataset\rbi\pdf\RBI_2022-23_128_DoR.SIG.FIN.REC.75_26.03.001_2022-23__f624c0d3.pdf
12398,RBI/2022-23/127 DOR.FIN.REC.No.73/03.10.117/2022-23,"October 11, 2022",Diversification of activities by SPDs – Review of permissible non-core activities – Prudential regulations and other instructions,https://rbidocs.rbi.org.in/rdocs/Notification/PDFs/NT127FA307079EB2C4F688C998752D56571B0.PDF,data\full_dataset\rbi\pdf\RBI_2022-23_127_DOR.FIN.REC.No.73_03.10.117_2022-23__8d0d98d1.pdf
12397,RBI/2022-23/126 DOR.FIN.REC.No.72/03.10.117/2022-23,"October 11, 2022",Diversification of activities by SPDs – Review of permissible non-core activities,https://rbidocs.rbi.org.in/rdocs/Notification/PDFs/NT126AFD18E135EDB4059BD126A18C87DB48D.PDF,data\full_dataset\rbi\pdf\RBI_2022-23_126_DOR.FIN.REC.No.72_03.10.117_2022-23__7aaf4b51.pdf
12396,RBI/2022-23/125 DOR.STR.REC.71/21.06.201/2022-23,"October 10, 2022",Review of Prudential Norms – Risk Weights for Exposures to Corporates and NBFCs,https://rbidocs.rbi.org.in/rdocs/Notification/PDFs/REVIEWRWS3DEF38B18F3F4D45860F92C8F81432FA.PDF,data\full_dataset\rbi\pdf\RBI_2022-23_125_DOR.STR.REC.71_21.06.201_2022-23__6a95d8a4.pdf
12395,RBI/2022-23/124 CEPD.PRD.No.S806/13-01-008/2022-23,"October 6, 2022",Appointment of Internal Ombudsman by the Credit Information Companies,https://rbidocs.rbi.org.in/rdocs/Notification/PDFs/IOCICS610224B02F128D24444978E1CEDF12EC83135.PDF,data\full_dataset\rbi\pdf\RBI_2022-23_124_CEPD.PRD.No.S806_13-01-008_2022-23__c107b890.pdf
12394,RBI/2022-23/123 DOR.RET.REC.70/12.01.001/2022-23,"September 30, 2022",Change in Bank Rate,https://rbidocs.rbi.org.in/rdocs/Notification/PDFs/NOTI123A942F9C8AA064D5A98A2126898E548B2.PDF,data\full_dataset\rbi\pdf\RBI_2022-23_123_DOR.RET.REC.70_12.01.001_2022-23__1cba1ff5.pdf
12393,RBI/2022-23/122 A.P. (DIR Series) Circular No. 16,"September 30, 2022","Late Submission Fee for reporting delays under Foreign Exchange Management Act, 1999 (FEMA)",https://rbidocs.rbi.org.in/rdocs/Notification/PDFs/APDIRSERIES16B175DFF736684DCA87CB5546DCF4DA27.PDF,data\full_dataset\rbi\pdf\RBI_2022-23_122_A.P.__DIR_Series__Circular_No._16__b9f947b0.pdf
12392,RBI/2022-23/121 REF.No.MPD.BC.395/07.01.279/2022-23,"September 30, 2022",Standing Liquidity Facility for Primary Dealers,https://rbidocs.rbi.org.in/rdocs/Notification/PDFs/NT1219853A01C1A73429D83C38B8726A8D75D.PDF,data\full_dataset\rbi\pdf\RBI_2022-23_121_REF.No.MPD.BC.395_07.01.279_2022-23__522d9895.pdf
12391,RBI/2022-2023/120 FMOD.MAOG.No.147/01.01.001/2022-23,"September 30, 2022",Liquidity Adjustment Facility- Change in rates,https://rbidocs.rbi.org.in/rdocs/Notification/PDFs/RATEHIKECE17F0B3230A4E68AF94ED21762713CA.PDF,data\full_dataset\rbi\pdf\RBI_2022-2023_120_FMOD.MAOG.No.147_01.01.001_2022-23__c01415da.pdf
12390,RBI/2022-2023/119 DOR.AML.REC.69/14.06.001/2022-23,"September 19, 2022",United Nations Security Council Resolutions (UNSCR) 1718 Sanctions Committee on Democratic People’s Republic of Korea (DPRK) amends 02 existing entries on its Sanctions List,https://rbidocs.rbi.org.in/rdocs/Notification/PDFs/NT119CF29A92E086D4F529735612A893C38D7.PDF,data\full_dataset\rbi\pdf\RBI_2022-2023_119_DOR.AML.REC.69_14.06.001_2022-23__9ea362cc.pdf
12389,RBI/2022-2023/118 Ref.No.DoS.CO.PPG/SEC.04/11.01.005/2022-23,"September 19, 2022",Tier 1,https://rbidocs.rbi.org.in/rdocs/Notification/PDFs/CFCCOUCB9CB4EA0B79B44771A7165D20EFA1B5C4.PDF,data\full_dataset\rbi\pdf\RBI_2022-2023_118_Ref.No.DoS.CO.PPG_SEC.04_11.01.005_2022-23__30de28db.pdf
12388,RBI/2022-2023/117 DOR.SOG (SPE).REC.No 68/13.03.00/2022-23,"September 16, 2022",Master Directions on Interest Rate on Deposits,https://rbidocs.rbi.org.in/rdocs/Notification/PDFs/CIRCULARMDIRDEE03CF67CAA345E5B45193788012FB95.PDF,data\full_dataset\rbi\pdf\RBI_2022-2023_117_DOR.SOG__SPE_.REC.No_68_13.03.00_2022-23__8c9b71eb.pdf
12387,RBI/2022-2023/116 A.P. (DIR Series) Circular No.15,"September 15, 2022",Exim Bank’s GOI-supported Line of Credit of USD 448 million to the Government of Republic of Uzbekistan for Social Infrastructure and Other Development Projects,https://rbidocs.rbi.org.in/rdocs/Notification/PDFs/NOTI1166E2B9629B75B4D7AA47AAB3FFCE1DEED.PDF,data\full_dataset\rbi\pdf\RBI_2022-2023_116_A.P.__DIR_Series__Circular_No.15__50f2f2d0.pdf
12386,RBI/2022-23/115 A.P. (DIR Series) Circular No. 14,"September 15, 2022",Rupee Drawing Arrangement - Enabling Bharat Bill Payment System (BBPS) to process cross-border inbound Bill Payments,https://rbidocs.rbi.org.in/rdocs/Notification/PDFs/NOTO115A1959EFF2FFD4AC2A55B1526A8DEFE88.PDF,data\full_dataset\rbi\pdf\RBI_2022-23_115_A.P.__DIR_Series__Circular_No._14__26277ab3.pdf
12385,RBI/2022-2023/114 A.P. (DIR Series) Circular No.13,"September 08, 2022",Exim Bank's Government of India supported Line of Credit (LoC) of USD 108.28 million to the Government of the Kingdom of Eswatini (Swaziland) for the purpose of financing construction of new Parliament Building in Eswatini,https://rbidocs.rbi.org.in/rdocs/Notification/PDFs/NT1144933251A6F6F4E3E9B4C34AF176C202B.PDF,data\full_dataset\rbi\pdf\RBI_2022-2023_114_A.P.__DIR_Series__Circular_No.13__82208ea0.pdf
12384,RBI/2022-23/113 DOR.STR.REC.67/21.06.201/2022-23,"September 07, 2022",Review of Prudential Norms – Risk Weights for Exposures guaranteed by Credit Guarantee Schemes (CGS),https://rbidocs.rbi.org.in/rdocs/Notification/PDFs/NOT1130C1EC1BD8CE74B57B0919B1534712F80.PDF,data\full_dataset\rbi\pdf\RBI_2022-23_113_DOR.STR.REC.67_21.06.201_2022-23__77188b24.pdf
12383,RBI/2022-23/112 DCM (NPD) No.S770/09.40.002/2022-23,"September 06, 2022",Incentive for improving service to non-chest branches,https://rbidocs.rbi.org.in/rdocs/Notification/PDFs/CDCMCOBC8990730E10467EBC258661E5782A00.PDF,data\full_dataset\rbi\pdf\RBI_2022-23_112_DCM__NPD__No.S770_09.40.002_2022-23__ffaed77e.pdf
12382,"RBI/2022-23/111 DOR.CRE.REC.66/21.07.001/2022-23 September 02, 2022 All Com","May 8, 2025",Guidelines on Digital Lending,https://rbidocs.rbi.org.in/rdocs/Notification/PDFs/GUIDELINESDIGITALLENDINGD5C35A71D8124A0E92AEB940A7D25BB3.PDF,data\full_dataset\rbi\pdf\RBI_2022-23_111_DOR.CRE.REC.66_21.07.001_2022-23_September_02__2022_All_Com__2bb30a78.pdf
12381,"RBI/2022-2023/110 A.P. (DIR Series) Circular No.12 August 22, 2022 All Catego","August 22, 2022","Foreign Exchange Management (Overseas Investment) Directions, 2022 (dated August 22, 2022) (Supersedes Master Direction – Direct Investment by Residents in Joint Venture (JV) / Wholly Owned Subsidiary (WOS) Abroad (Updated as on June 24, 2021))",https://rbidocs.rbi.org.in/rdocs/Notification/PDFs/NT110B29188F1C4624C75808B53ADE5175A88.PDF,data\full_dataset\rbi\pdf\RBI_2022-2023_110_A.P.__DIR_Series__Circular_No.12_August_22__2022_All_Catego__b785e956.pdf
12380,,"August 22, 2022","Foreign Exchange Management (Overseas Investment) Regulations, 2022",https://rbidocs.rbi.org.in/rdocs/Notification/PDFs/FEMA400E3410E8B6F384DF982443E53E6688627.PDF,data\full_dataset\rbi\pdf\Foreign_Exchange_Management__Overseas_Investment__Regulations__2022__bbec8ea1.pdf
12379,RBI/2022-23/109 DOR.AUT.REC.62/22.01.001/2022-23,"August 22, 2022","Section 23 of the Banking Regulation Act, 1949 – Branch Authorisation Policy – Left Wing Extremism affected districts – Revised List",https://rbidocs.rbi.org.in/rdocs/Notification/PDFs/LWEAFFECTEDDISTRICTS5213AC1AE54A429B8E5DA86CFF340424.PDF,data\full_dataset\rbi\pdf\RBI_2022-23_109_DOR.AUT.REC.62_22.01.001_2022-23__2235f051.pdf
12378,RBI/2022-23/108 DOR.ORG.REC.65/21.04.158/2022-23,"August 12, 2022",Outsourcing of Financial Services - Responsibilities of regulated entities employing Recovery Agents,https://rbidocs.rbi.org.in/rdocs/Notification/PDFs/NT1085404663A577943BBB344A37057621C17.PDF,data\full_dataset\rbi\pdf\RBI_2022-23_108_DOR.ORG.REC.65_21.04.158_2022-23__cc5242ff.pdf
12377,,"July 28, 2022","Foreign Exchange Management (Borrowing and Lending) (Amendment) Regulations, 2022",https://rbidocs.rbi.org.in/rdocs/Notification/PDFs/FEMA12082022FAF179750C5F402B91C9488A239A6E09.PDF,data\full_dataset\rbi\pdf\Foreign_Exchange_Management__Borrowing_and_Lending___Amendment__Regulations__2022__9e38e05a.pdf
12376,RBI/2022-23/107 DOR.MRG.REC.64/00-00-005/2022-23,"August 11, 2022",Bilateral Netting of Qualified Financial Contracts - Amendments to Prudential Guidelines,https://rbidocs.rbi.org.in/rdocs/Notification/PDFs/NOT10715A45520C2B34D1DBCDB17B24C01829D.PDF,data\full_dataset\rbi\pdf\RBI_2022-23_107_DOR.MRG.REC.64_00-00-005_2022-23__de8788e1.pdf
12375,RBI/2022-23/106 DOR.REG.No.63/19.51.052/2022-23,"August 11, 2022","Section 23 of the Banking Regulation Act, 1949 (As Applicable to Co-operative Societies) – Opening of new place of business by District Central Co-operative Banks (DCCBs)",https://rbidocs.rbi.org.in/rdocs/Notification/PDFs/DCCBSECF44D9F6DBE64D978A71F872D00A04DC.PDF,data\full_dataset\rbi\pdf\RBI_2022-23_106_DOR.REG.No.63_19.51.052_2022-23__759f2495.pdf
12374,"RBI/2022-23/105 FMRD.DIRD.05/14.03.046/2022-23 August 08, 2022 To, All Elig","August 08, 2022","Rupee Interest Rate Derivatives (Reserve Bank) Directions - Review dated August 08, 2022 [These directions have been superseded by Master Direction – Reserve Bank of India (Rupee Interest Rate Derivatives) Directions, 2025]",https://rbidocs.rbi.org.in/rdocs/Notification/PDFs/CIRCULAR080820226F906DEFCA6541E2BED855694E3D6AE3.PDF,data\full_dataset\rbi\pdf\RBI_2022-23_105_FMRD.DIRD.05_14.03.046_2022-23_August_08__2022_To__All_Elig__302ba663.pdf
12373,RBI/2022-23/104 DOR.LIC.REC.60/16.13.218/2022-23,"August 8, 2022",Authorised Dealer Category-I License eligibility for Small Finance Banks,https://rbidocs.rbi.org.in/rdocs/Notification/PDFs/NT104DBF31521EB5243479DEFC7370B6D43D7.PDF,data\full_dataset\rbi\pdf\RBI_2022-23_104_DOR.LIC.REC.60_16.13.218_2022-23__a8a32f13.pdf
12372,RBI/2022-23/103 DOR.RET.REC.59/12.01.001/2022-23,"August 05, 2022",Change in Bank Rate,https://rbidocs.rbi.org.in/rdocs/Notification/PDFs/NOT10355A06E6E060A49EF83192F9D485A8B48.PDF,(already fetched or skipped)
12371,,"August 5, 2022","Reserve Bank - Integrated Ombudsman Scheme, 2021 (RBIOS, 2021)",https://rbidocs.rbi.org.in/rdocs/Notification/PDFs/CICSRBIOS202169CBD71E8B4945D9A067C58423677A69.PDF,(already fetched or skipped)
12370,RBI/2022-23/102 REF.No.MPD.BC.394/07.01.279/2022-23,"August 05, 2022",Standing Liquidity Facility for Primary Dealers,https://rbidocs.rbi.org.in/rdocs/Notification/PDFs/NOTI10292DE4701B7B14603B05D38D93699D28B.PDF,(already fetched or skipped)
12369,RBI/2022-23/101 FMOD.MAOG.No.146/01.01.001/2022-23,"August 05, 2022",Liquidity Adjustment Facility- Change in rates,https://rbidocs.rbi.org.in/rdocs/Notification/PDFs/NT101151AFBB1EC98440583CCF769E6AFF536.PDF,(already fetched or skipped)
12368,RBI/2022-23/100 DoR.AUT.REC.58/23.67.001/2022-23,"August 04, 2022","Gold Monetization Scheme (GMS), 2015",https://rbidocs.rbi.org.in/rdocs/Notification/PDFs/NOTI100B01E223EF9624451BA8E018B63C5AB4C.PDF,(already fetched or skipped)
12367,RBI/2022-23/99 FIDD.GSSD.BC.No.11/09.10.001/2022-23,"August 2, 2022",Master Circular on Credit Facilities to Minority Communities,https://rbidocs.rbi.org.in/rdocs/Notification/PDFs/MC99B9FB58ED268740D08DAA1001509164A3.PDF,(already fetched or skipped)
12366,RBI/2022-23/98 A.P. (DIR Series) Circular No. 11,"August 1, 2022",External Commercial Borrowings (ECB) Policy – Liberalisation Measures,https://rbidocs.rbi.org.in/rdocs/Notification/PDFs/NT987DACCFC925434C3595E76402D3A38E25.PDF,(already fetched or skipped)
12365,RBI/2022-2023/97 FIDD.CO.GSSD.BC.No.10/09.09.001/2022-23,"August 1, 2022",Master Circular - Credit facilities to Scheduled Castes (SCs) & Scheduled Tribes (STs),https://rbidocs.rbi.org.in/rdocs/Notification/PDFs/97MCSCST202223D0C2864CC6F34C7CB5FB2AE2BED82945.PDF,(already fetched or skipped)
12364,RBI/2022-2023/96 DOR.AML.REC.57/14.06.001/2022-23,"July 29, 2022",United Nations Security Council Resolutions (UNSCR) 1718 Sanctions Committee on Democratic People’s Republic of Korea (DPRK) amends 44 existing entries on its Sanctions List,https://rbidocs.rbi.org.in/rdocs/Notification/PDFs/UNSCR171830A35632B3F242338B71443F8A9EE059.PDF,(already fetched or skipped)
12363,RBI/2022-2023/95 CO.DPSS.POLC.No.S-760/02-14-003/2022-23,"July 28, 2022",Restriction on Storage of Actual Card Data [i.e. Card-on-File (CoF)],https://rbidocs.rbi.org.in/rdocs/Notification/PDFs/NOTI9562EBD27509944390A9A35D61E50BA9C6.PDF,(already fetched or skipped)
12362,RBI/2022-23/94 CO.DPSS.POLC.No.S-761/02-14-008/2022-23,"July 28, 2022",Regulation of Payment Aggregators – Timeline for submission of applications for authorisation – Review,https://rbidocs.rbi.org.in/rdocs/Notification/PDFs/DPSSPAEFC52AD41C31435A989102EAF6434107.PDF,(already fetched or skipped)
12361,RBI/2022-23/93 DOR.CRE.REC.56/13.05.000/2022-23,"July 26, 2022",Board approved Loan Policy – Management of Advances - UCBs,https://rbidocs.rbi.org.in/rdocs/Notification/PDFs/NT9359F49AF2F2BF4D97BC857B5281B2DDDF.PDF,(already fetched or skipped)
12360,RBI/2022-23/92 FIDD.GSSD.CO.BC.No.09/09.01.003/2022-23,"July 20, 2022",Master Circular – Deendayal Antyodaya Yojana - National Rural Livelihoods Mission (DAY-NRLM),https://rbidocs.rbi.org.in/rdocs/Notification/PDFs/MC9258B2560231E6413084279C422194AC69.PDF,(already fetched or skipped)
12359,RBI/2022-2023/91 DOR.AML.REC.55/14.06.001/2022-23,"July 13, 2022",UNSCR 1718 Sanctions Committee on DPRK amends one Entry on its Sanctions List,https://rbidocs.rbi.org.in/rdocs/Notification/PDFs/NOTI9145873989D24C4E8CB878E11CF628D71E.PDF,(already fetched or skipped)
12358,RBI/2022-2023/90 A.P. (DIR Series) Circular No.10,"July 11, 2022",International Trade Settlement in Indian Rupees (INR),https://rbidocs.rbi.org.in/rdocs/Notification/PDFs/APDCN1083AC50D954814429AC4D404A9A73DDD1.PDF,(already fetched or skipped)
12357,RBI/2022-2023/89 A.P. (DIR Series) Circular No. 09,"July 08, 2022",Asian Clearing Union (ACU) Mechanism – Indo-Sri Lanka trade,https://rbidocs.rbi.org.in/rdocs/Notification/PDFs/APDIRACUD7FA0A22C87F43B3937A2C9930034250.PDF,(already fetched or skipped)
12356,RBI/2022-23/88 A. P. (DIR Series) Circular No. 08,"July 07, 2022",Overseas foreign currency borrowings of Authorised Dealer Category-I banks,https://rbidocs.rbi.org.in/rdocs/Notification/PDFs/OFCBB75FD64BF12945CAA29738E6134BF92D.PDF,(already fetched or skipped)
12355,RBI/2022-23/87 A.P. (DIR Series) Circular No.07,"July 07, 2022",Investment by Foreign Portfolio Investors (FPI) in Debt - Relaxations,https://rbidocs.rbi.org.in/rdocs/Notification/PDFs/NOTI87D02AACE4DB1249B7BB7049420ADE648A.PDF,(already fetched or skipped)
12354,RBI/2022-23/86 FMRD.FMID.No.04/14.01.006/2022-23,"July 07, 2022",‘Fully Accessible Route’ for Investment by Non-residents in Government Securities – Additional specified securities,https://rbidocs.rbi.org.in/rdocs/Notification/PDFs/NT866336908DD3CF4D7FB6B38F87943AF306.PDF,(already fetched or skipped)
12353,RBI/2022-23/85 FIDD.CO.LBS.BC.No.8/02.08.001/2022-23,"July 07, 2022",Formation of new districts in the State of Andhra Pradesh – Assignment of Lead Bank Responsibility,https://rbidocs.rbi.org.in/rdocs/Notification/PDFs/NEWDISTRICTSAAE5BD36D6BE45ADB9B596410D6F7570.PDF,(already fetched or skipped)
12352,RBI/2022-2023/84 A.P. (DIR Series) Circular No. 06,"July 07, 2022",Exim Bank's Government of India supported Short - Term Line of Credit (STLoC) of USD 55 million to the Government of the Democratic Socialist Republic of Sri Lanka for procurement of urea fertilizer from India,https://rbidocs.rbi.org.in/rdocs/Notification/PDFs/NT84294563E6403D4BD48420B6CF1E109BDC.PDF,(already fetched or skipped)
12351,RBI/2022-23/83 DOR.RET.REC.54/12.01.001/2022-23,"July 06, 2022","Section 42 of the Reserve Bank of India Act, 1934 and Section 18 and 24 of the Banking Regulation Act, 1949 – FCNR (B)/NRE Term deposits - Exemption from maintenance of CRR/SLR",https://rbidocs.rbi.org.in/rdocs/Notification/PDFs/NOTI821CFF2E131AB64E17BF3F50101EDE56F0.PDF,(already fetched or skipped)
12350,RBI/2022-23/82 DOR.SOG (SPE).REC.No 53/13.03.000/2022-23,"July 06, 2022",Master Direction on Interest Rate on Deposits - Foreign Currency (Non-resident) Accounts (Banks) Scheme [FCNR(B)] and Non-Resident (External) Rupee (NRE) Deposit,https://rbidocs.rbi.org.in/rdocs/Notification/PDFs/INTERESTRATEFCNRBB4FD292E80614BCBBCC68738873447CB.PDF,(already fetched or skipped)
12349,RBI/2022-23/81 DoR.RET.REC.52/12.07.160/2022-23,"July 06, 2022","Inclusion of “Unity Small Finance Bank Limited” in the Second Schedule of the Reserve Bank of India Act, 1934",https://rbidocs.rbi.org.in/rdocs/Notification/PDFs/UNITYSMALLFINANCE17418FFCD5764035ABE5B58064128D24.PDF,(already fetched or skipped)
12348,RBI/2022-23/80 CO.DPSS.POLC.No.S-590/02-14-006/2022-23,"July 04, 2022",Requirement for obtaining prior approval in case of takeover / acquisition of control of non-bank PSOs and sale / transfer of payment system activity of non-bank PSO,https://rbidocs.rbi.org.in/rdocs/Notification/PDFs/PRIORRBID1C481FD486A4D559B61EFD20DD0140F.PDF,(already fetched or skipped)
12347,RBI/2022-23/79 DCM(NPD)No.S488/18.00.14/2022-23,"July 1, 2022",Note Sorting Machines - Authentication and Fitness Sorting Parameters,https://rbidocs.rbi.org.in/rdocs/Notification/PDFs/NOTESORTINGMACHINES4DE97B0D2C0F48D8A347560E5FDF32E6.PDF,(already fetched or skipped)
12346,RBI/2022-23/78 DOR.STR.REC.51/21.04.048/2022-23,"June 28, 2022",Provisioning Requirement for Investment in Security Receipts (SRs),https://rbidocs.rbi.org.in/rdocs/Notification/PDFs/NT781113968810084A199D3C615C6FEC159A.PDF,(already fetched or skipped)
12345,RBI/2022-23/77 CO.DPSS.POLC.No.S-567/02-14-003/2022-23,"June 24, 2022",Restriction on Storage of Actual Card Data [i.e. Card-on-File (CoF)],https://rbidocs.rbi.org.in/rdocs/Notification/PDFs/DPSSC09B09841EF3746A0A7DC4783AC90C8F3.PDF,(already fetched or skipped)
12344,RBI/2022-23/76 DOR.CRE.REC.No.49/09.22.010/2022-23,"June 23, 2022",Master Circular - Housing Finance for UCBs,https://rbidocs.rbi.org.in/rdocs/Notification/PDFs/76MCC99E5B9529F44A94BD3AB269AD898568.PDF,(already fetched or skipped)
12343,RBI/2022-23/75 DOR.AML.REC.50/14.06.001/2022-23,"June 23, 2022","Designation of 7 individuals as ‘Terrorists’ under Section 35 (1) (a) of the Unlawful Activities (Prevention) Act (UAPA), 1967 and their listing in the Schedule IV of the Act- Reg.",https://rbidocs.rbi.org.in/rdocs/Notification/PDFs/CIRCULAR7INDIVIDUALS9C4C2F58A6F44E8A9BCD55A6E098421F.PDF,(already fetched or skipped)
12342,RBI/2022-23/74 DoR.AUT.REC.No.48/24.01.041/2022-23,"June 21, 2022","Extension of timeline for implementation of certain provisions of Master Direction – Credit Card and Debit Card – Issuance and Conduct Directions, 2022",https://rbidocs.rbi.org.in/rdocs/Notification/PDFs/NT740E2D743BA6C842E0837B04E0BAAE9697.PDF,(already fetched or skipped)
12341,RBI/2022-23/73 CO.DPSS.POLC.No.S-518/02.14.003/2022-23,"June 16, 2022",Processing of e-mandates for recurring transactions,https://rbidocs.rbi.org.in/rdocs/Notification/PDFs/NOTI737FE6EE857FB94235BD31DCA38E14ACC9.PDF,(already fetched or skipped)
12340,RBI/2022-23/72 IDMD.CDD.No.S789/14.04.050/2022-23,"June 16, 2022",Sovereign Gold Bond (SGB) Scheme 2022-23,https://rbidocs.rbi.org.in/rdocs/Notification/PDFs/SGBC202223695CA70960CE4C86907191CA54B4F264.PDF,(already fetched or skipped)
12339,RBI/2022-23/71 DOR.CRE.REC.No.47/13.03.00/2022-23,"June 14, 2022",Bank finance to Government owned entities,https://rbidocs.rbi.org.in/rdocs/Notification/PDFs/NOTI71933B6F13A4F64595B2C9070F02CFFFEA.PDF,(already fetched or skipped)
12338,RBI/2022-23/70 DOR.MRG.REC.46/00-00-011/2022-23,"June 10, 2022","Punjab and Maharashtra Co-operative Bank Limited (Amalgamation with Unity Small Finance Bank Limited) Scheme, 2022 - Provisioning on interbank exposure and valuation of Perpetual Non-Cumulative Preference Shares (PNCPS) and Equity Warrants",https://rbidocs.rbi.org.in/rdocs/Notification/PDFs/EPMCA70C899195BD40508E1FC6A4D2FD078F.PDF,(already fetched or skipped)
12337,RBI/2022-23/69 A.P. (DIR Series) Circular No. 05,"June 09, 2022","Discontinuation of Return under Foreign Exchange Management Act, 1999",https://rbidocs.rbi.org.in/rdocs/Notification/PDFs/NT69AFCE5E7AFB7A45C48AFFB35274649B24.PDF,(already fetched or skipped)
12336,RBI/2022-23/68 DOR.CRE.REC.42/09.22.010/2022-23,"June 08, 2022",Individual Housing loans – Enhancement in limits,https://rbidocs.rbi.org.in/rdocs/Notification/PDFs/68UCBHOUSINGLOANDE90654D2B0844A58C0C638E70B9008A.PDF,(already fetched or skipped)
12335,RBI/2022-23/67 DOR.CRE.REC.43/09.22.010/2022-23,"June 08, 2022",Enhancement in Individual Housing Loan limits and credit to Commercial Real Estate - Residential Housing (CRE-RH),https://rbidocs.rbi.org.in/rdocs/Notification/PDFs/67RCBCRERH6CC4B8D3644744EA8773889B8AA67615.PDF,(already fetched or skipped)
12334,RBI/2022-23/66 DOR.REG.No.45/19.51.052/2022-23,"June 8, 2022","Section 23 of the Banking Regulation Act, 1949 – Doorstep Banking",https://rbidocs.rbi.org.in/rdocs/Notification/PDFs/NOT6606776D5D132A4C0C9C450A28AB15BC34.PDF,(already fetched or skipped)
12333,RBI/2022-23/65 DOR.RET.REC.44/12.01.001/2022-23,"June 08, 2022",Change in Bank Rate,https://rbidocs.rbi.org.in/rdocs/Notification/PDFs/NT65B69D41D563B74FE6AF2A944F3E37EBF7.PDF,(already fetched or skipped)
12332,RBI/2022-23/64 MPD.BC.393/07.01.279/2022-23,"June 8, 2022",Standing Liquidity Facility for Primary Dealers,https://rbidocs.rbi.org.in/rdocs/Notification/PDFs/NT6476BBA3E853F94695AA0D4DD51D4EE3B1.PDF,(already fetched or skipped)
12331,RBI/2022-23/63 FMOD.MAOG.No.145/01.01.001/2022-23,"June 08, 2022",Liquidity Adjustment Facility - Change in rates,https://rbidocs.rbi.org.in/rdocs/Notification/PDFs/RATEHIKE88756231362A4471BC8A3DE27DE0DA39.PDF,(already fetched or skipped)
12330,RBI/2022-23/62 DoR.AUT.REC.41/24.01.001/2022-23,"June 07, 2022",Branches of Indian Banks operating in GIFT-IFSC – acting as Professional Clearing Member (PCM) of India International Bullion Exchange IFSC Limited (IIBX),https://rbidocs.rbi.org.in/rdocs/Notification/PDFs/NT623B1CFBA529A34A20A562535A19362CF1.PDF,(already fetched or skipped)
12329,RBI/2022-23/61 DOR.STR.REC.40/21.04.048/2022-23,"June 6, 2022",Provisioning for Standard assets by Non-Banking Financial Company – Upper Layer,https://rbidocs.rbi.org.in/rdocs/Notification/PDFs/NOTI61BBAF63FB732E4C46A8149975C0481D34.PDF,(already fetched or skipped)
12328,RBI/2022-23/93 FMRD.DIRD.02/14.01.023/2022-23,"June 01, 2022","Master Direction – Reserve Bank of India (Variation Margin) Directions, 2022 [These directions have been superseded by Master Direction – Reserve Bank of India (Margining for Non-Centrally Cleared OTC Derivatives) Directions, 2024]",https://rbidocs.rbi.org.in/rdocs/Notification/PDFs/93MDVARIATIONMARGIN29E1715A212F48B89160C223B91ABF74.PDF,(already fetched or skipped)
12327,RBI/2022-23/60 DOR.STR.REC.39/04.02.001/2022-23,"May 31, 2022",Interest Equalization Scheme (IES) on Pre and Post Shipment Rupee Export Credit - Extension,https://rbidocs.rbi.org.in/rdocs/Notification/PDFs/NOTI60600B7BF138FC4635B68F235556844A6F.PDF,(already fetched or skipped)
12326,RBI/2022-2023/59 DOR.AML.REC.38/14.06.001/2022-23,"May 30, 2022","Implementation of Section 51A of UAPA, 1967: Updates to UNSC’s 1267/ 1989 ISIL (Da'esh) & Al-Qaida Sanctions List: Amendment in 6 entries (individuals)",https://rbidocs.rbi.org.in/rdocs/Notification/PDFs/NOTI59AD3C5BC0A1DB496291FED85954CEEA8F.PDF,(already fetched or skipped)
12325,RBI/2022-2023/58 CO.DPSS.POLC.No. S-253/02-27-020/2022-23,"May 26, 2022",Bharat Bill Payment System – Amendment to guidelines,https://rbidocs.rbi.org.in/rdocs/Notification/PDFs/NT58DBE6CB8D8B3E4DC9972BFF895602BB64.PDF,(already fetched or skipped)
12324,RBI/2022-2023/57 A.P. (DIR Series) Circular No.04,"May 25, 2022",Guidelines on import of gold by Qualified Jewellers as notified by – The International Financial Services Centers Authority (IFSCA),https://rbidocs.rbi.org.in/rdocs/Notification/PDFs/APDIR5736998BB416FA4828A5D1200573D7BC64.PDF,(already fetched or skipped)
12323,RBI/2022-23/56 DOR.CRE.REC.18/09.22.010/2022-23,"May 24, 2022",Housing Finance – Loans for repairs/additions/alterations - Enhancement of limits,https://rbidocs.rbi.org.in/rdocs/Notification/PDFs/NT5601B310BAFFA0464F9164FDE854402564.PDF,(already fetched or skipped)
12322,RBI/2022-23/55 DOR.ACC.REC.No.37/21.04.018/2022-23,"May 19, 2022","Reserve Bank of India (Financial Statements - Presentation and Disclosures) Directions, 2021 - Reporting of reverse repos with Reserve Bank on the bank’s balance sheet",https://rbidocs.rbi.org.in/rdocs/Notification/PDFs/NOTI55415D185D2D5E4E06A30BEDC748C9E783.PDF,(already fetched or skipped)
12321,RBI/2022-23/54 CO.DPSS.POLC.No.S-227/02-10-002/2022-23,"May 19, 2022",Interoperable Card-less Cash Withdrawal (ICCW) at ATMs,https://rbidocs.rbi.org.in/rdocs/Notification/PDFs/NT5411AA96313B1B48B7A9D9B53DCFF1CBB5.PDF,(already fetched or skipped)
12320,RBI/2022-2023/53 A.P. (DIR Series) Circular No.03,"May 19, 2022",Government of India guaranteed term loan extended by SBI to the Government of Sri Lanka- Settlement in INR,https://rbidocs.rbi.org.in/rdocs/Notification/PDFs/NT53292BA90A9C974C419A2CB59D6C595CCF.PDF,(already fetched or skipped)
12319,RBI/2022-23/52 FIDD.MSME & NFS.BC.No.7/06.02.31/2022-23,"May 19, 2022","New Definition of Micro, Small and Medium Enterprises - Clarification",https://rbidocs.rbi.org.in/rdocs/Notification/PDFs/NT5221B04452DA204B719D6C51CB7FF3C763.PDF,(already fetched or skipped)
12318,RBI/2022-23/51 FIDD.CO.FSD.BC.No.6/05.05.010/2022-23,"May 18, 2022",Kisan Credit Card Scheme - Eligibility criteria for farmers engaged in fisheries/ aquaculture,https://rbidocs.rbi.org.in/rdocs/Notification/PDFs/NT51A59DE060FA734DA6AB1F8FF11A9D2834.PDF,(already fetched or skipped)
12317,RBI/2022-23/50 FIDD.CO.Plan.BC.No.5/04.09.01/2022-23,"May 13, 2022","Lending by Commercial Banks to NBFCs and Small Finance Banks (SFBs) to NBFC-MFIs, for the purpose of on-lending to priority sectors",https://rbidocs.rbi.org.in/rdocs/Notification/PDFs/50ONLENDINGMARCH2022D9D1B2A7C5C34394A809BC7D8D8C069A.PDF,(already fetched or skipped)
12316,RBI/2022-23/49 FIDD.CO.Plan.BC.No.4/04.09.001/2022-23,"May 13, 2022",Regulations Review Authority (RRA 2.0) – Recommendations for Withdrawal of Circulars,https://rbidocs.rbi.org.in/rdocs/Notification/PDFs/49RRR205CF058FC3FD243F5977E4BDE39839F78.PDF,(already fetched or skipped)
12315,RBI/2022-23/48 DoR.RRA.36/01.01.101/2022-23,"May 13, 2022",Regulations Review Authority (RRA 2.0) - Recommendations for Withdrawal of Circulars,https://rbidocs.rbi.org.in/rdocs/Notification/PDFs/NTE395C96AFBB94DF3B869E31B8F533417.PDF,(already fetched or skipped)
12314,RBI/2022-2023/47 A.P. (DIR Series) Circular No.02,"May 05, 2022",Exim Bank's Government of India supported additional Line of Credit (LoC) of USD 190 million to the SBM (Mauritius) Infrastructure Development Company Ltd,https://rbidocs.rbi.org.in/rdocs/Notification/PDFs/NT4736DB7737EEA34DC1AF840A051DC8C806.PDF,(already fetched or skipped)
12313,RBI/2022-23/46 DOR.RET.REC.33/12.01.001/2022-23,"May 04, 2022",Maintenance of Cash Reserve Ratio (CRR),https://rbidocs.rbi.org.in/rdocs/Notification/PDFs/NT46AF2C5EC599CF429D8E494B4E11CABA77.PDF,(already fetched or skipped)
12312,RBI/2022-23/45 DOR.RET.REC.32/12.01.001/2022-23,"May 04, 2022",Change in Bank Rate,https://rbidocs.rbi.org.in/rdocs/Notification/PDFs/NOTI45C189BD8ADD0E4F958FD26B84CBA48FAD.PDF,(already fetched or skipped)
12311,RBI/2022-23/44 REF.No.MPD.BC.S33/07.01.279/2022-23,"May 4, 2022",Standing Liquidity Facility for Primary Dealers,https://rbidocs.rbi.org.in/rdocs/Notification/PDFs/NOTI444F6BDB89DC90446CABA89685C7957D7D.PDF,(already fetched or skipped)
12310,"RBI/2022-23/43 DOR.LEG.REC.No.35/09.07.005/2022-23 May 4, 2022 All Schedul","May 8, 2022","ASBA designated branches to remain open for public on May 8, 2022 (Sunday) to facilitate processing of applications for LIC IPO",https://rbidocs.rbi.org.in/rdocs/Notification/PDFs/NT43F625AC01868D4013BE856BB95B2DD2DF.PDF,(already fetched or skipped)
12309,RBI/2022-23/42 FMOD.MAOG.No.144/01.01.001/2022-23,"May 04, 2022",Liquidity Adjustment Facility- Change in rates,https://rbidocs.rbi.org.in/rdocs/Notification/PDFs/NOTI42D5991F192A3E4189934FE66799C7E187.PDF,(already fetched or skipped)
12308,RBI/2022-23/41 FMRD.DIRD.01/14.03.059/2022-23,"May 02, 2022",Regulations Review Authority (RRA 2.0) – Interim Recommendations – Withdrawal of Circulars,https://rbidocs.rbi.org.in/rdocs/Notification/PDFs/NOTI41A88FC3F66BC945199FBAB9CCA8443F33.PDF,(already fetched or skipped)
12307,RBI/2022-23/39 DoR.RRA.31/01.01.101/2022-23,"May 2, 2022",Regulations Review Authority (RRA 2.0) – Interim Recommendations – Withdrawal of Circulars,https://rbidocs.rbi.org.in/rdocs/Notification/PDFs/39DORCIRCULAR4F8AA6E1FBCF4071A9909163884B6C36.PDF,(already fetched or skipped)
12306,RBI/2022-23/40 DCM (Admin) No. S172/19.01.010/2022-23,"May 02, 2022",Regulations Review Authority (RRA 2.0) – Interim Recommendations – Withdrawal of Circulars,https://rbidocs.rbi.org.in/rdocs/Notification/PDFs/NT40D9B2CEA3A09F4A60B37B88CA5654D91B.PDF,(already fetched or skipped)
12305,RBI/2022-23/38 DoS.CO.PPG./SEC.02/11.01.005/2022-23,"May 2, 2022",Regulations Review Authority (RRA 2.0) – Interim Recommendations – Withdrawal of Circulars,https://rbidocs.rbi.org.in/rdocs/Notification/PDFs/NT387C0C9869EE7B4804A32D9AA97A093945.PDF,(already fetched or skipped)
12304,RBI/2022-23/37 DOR.FIN.REC.No.30/03.10.001/2022-23,"May 02, 2022",Review of Minimum Investment Grade Credit Ratings for Deposits of NBFCs,https://rbidocs.rbi.org.in/rdocs/Notification/PDFs/37CMIGR37687B27DCA44E1E9019CC2118E0D0F3.PDF,(already fetched or skipped)
12303,RBI/2022-23/36 DOR.GOV.REC.No.29/18.10.002/2022-23,"April 29, 2022",malus,https://rbidocs.rbi.org.in/rdocs/Notification/PDFs/KMPNBFCS962EC76438C845A6846A5BD59BC7513D.PDF,(already fetched or skipped)
12302,RBI/2022-23/35 FIDD.CO.FSD.BC.No.3/05.02.001/2022-23,"April 28, 2022",Modified Interest Subvention Scheme for Short Term Loans for Agriculture and Allied Activities availed through Kisan Credit Card (KCC) during the financial year 2021-22,https://rbidocs.rbi.org.in/rdocs/Notification/PDFs/NOTI35A0ED15E6EBC64B24A758744E2F29E7D9.PDF,(already fetched or skipped)
12301,RBI/2022-23/34 DOR.CRE.REC.28/21.04.048/2022-23,"April 21, 2022",Legal Entity Identifier (LEI) for Borrowers,https://rbidocs.rbi.org.in/rdocs/Notification/PDFs/NOT34676C62BB410446DD99D7D1F409FF50DE.PDF,(already fetched or skipped)
12300,"RBI/2022-23/92 DoR.AUT.REC.No.27/24.01.041/2022-23 April 21, 2022 ( Update","March 07, 2024","Master Direction – Credit Card and Debit Card – Issuance and Conduct Directions, 2022 (Updated as on March 07, 2024)",https://rbidocs.rbi.org.in/rdocs/Notification/PDFs/92MDCREDITDEBITCARDC423AFFB5E7945149C95CDD2F71E9158.PDF,(already fetched or skipped)
12299,RBI/2022-23/33 DOR.GOV.REC.No.26/18.10.004/2022-23,"April 21, 2022",Creation of Honorary Designations at Board level in Urban Co-operative Banks,https://rbidocs.rbi.org.in/rdocs/Notification/PDFs/NOTI333B7C05B5C48145FF99B59083037267A1.PDF,(already fetched or skipped)
12298,RBI/2022-23/32 DOR.CRE.REC.24/21.01.003/2022-23,"April 19, 2022",Large Exposures Framework for Non-Banking Financial Company - Upper Layer (NBFC-UL),https://rbidocs.rbi.org.in/rdocs/Notification/PDFs/NOT3218AC484A16F2413B825A4E6DB1B84E45.PDF,(already fetched or skipped)
12297,RBI/2022-23/31 DOR.CAP.REC.22/09.18.201/2022-23,"April 19, 2022",Issue and regulation of share capital and securities - State Co-operative Banks and District Central Co-operative Banks,https://rbidocs.rbi.org.in/rdocs/Notification/PDFs/ISSUEANDREGULATION11AB16424D214BE08B499330637A7CC4.PDF,(already fetched or skipped)
12296,RBI/2022-23/30 DOR.CAP.REC.No.21/21.06.201/2022-23,"April 19, 2022",Scale Based Regulation (SBR) for NBFCs: Capital requirements for Non-Banking Finance Companies – Upper Layer (NBFC-UL),https://rbidocs.rbi.org.in/rdocs/Notification/PDFs/NBFCCNBFCA7E31FAEA44C4386A1C06F366C55A59E.PDF,(already fetched or skipped)
12295,RBI/2022-23/28 A.P. (DIR Series) Circular No. 01 (revised number),"April 19, 2022",Limits for investment in debt and sale of Credit Default Swaps by Foreign Portfolio Investors (FPIs),https://rbidocs.rbi.org.in/rdocs/Notification/PDFs/NT284DF5A349996C482E88A65207E71FF077.PDF,(already fetched or skipped)
12294,RBI/2022-23/29 DOR.CRE.REC.No.25/03.10.001/2022-23,"April 19, 2022",Loans and Advances – Regulatory Restrictions - NBFCs,https://rbidocs.rbi.org.in/rdocs/Notification/PDFs/NOTI2987E2C200D1474DE2B85DE2A74B9EC579.PDF,(already fetched or skipped)
12293,RBI/2022-23/27 DOR.CRE.REC.23/21.08.008/2022-23,"April 19, 2022",Consolidated Circular on Opening of Current Accounts and CC/OD Accounts by Banks,https://rbidocs.rbi.org.in/rdocs/Notification/PDFs/NT27366B3725D7FA45358B4A1F1B4245FFCF.PDF,(already fetched or skipped)
12292,RBI/2022-23/26 DOR.ACC.REC.No.20/21.04.018/2022-23,"April 19, 2022",Disclosures in Financial Statements- Notes to Accounts of NBFCs,https://rbidocs.rbi.org.in/rdocs/Notification/PDFs/NOTI26D5CFC5197D2B45388C2EA8FCE6DA69CF.PDF,(already fetched or skipped)
12291,RBI/2022-23/25 DOR.LRG.REC.19/21.04.098/2022-23,"April 18, 2022",Basel III Framework on Liquidity Standards – Liquidity Coverage Ratio (LCR),https://rbidocs.rbi.org.in/rdocs/Notification/PDFs/BASELIIILCRFDEE22BEF799421482CFC28DA4D073A8.PDF,(already fetched or skipped)
12290,RBI/2022-23/24 Ref.No.DoS.CO.PPG./SEC.01/11.01.005/2022-23,"April 11, 2022",Compliance Function and Role of Chief Compliance Officer (CCO) - NBFCs,https://rbidocs.rbi.org.in/rdocs/Notification/PDFs/NT244C25EB0BBB1E4F91AEB101D425EA639A.PDF,(already fetched or skipped)
12289,RBI/2022-23/23 DOR.RET.REC.15/12.01.001/2022-23,"April 08, 2022","Section 24 and Section 56 of the Banking Regulation Act, 1949 – Maintenance of Statutory Liquidity Ratio (SLR)",https://rbidocs.rbi.org.in/rdocs/Notification/PDFs/NOT235D89A1851C994595A6D30594328EF8DF.PDF,(already fetched or skipped)
12288,RBI/2022-23/22 DOR.CRE.REC.No.17/13.05.000/2022-23,"April 8, 2022",Master Circular - Management of Advances - UCBs,https://rbidocs.rbi.org.in/rdocs/Notification/PDFs/22MC894E2203DDDF4E0ABCA714DCE21F8F6C.PDF,(already fetched or skipped)
12287,RBI/2022-23/21 DOR.MRG.REC.14/21.04.141/2022-23,"April 08, 2022",Review of SLR holdings in HTM category,https://rbidocs.rbi.org.in/rdocs/Notification/PDFs/NT21079149DB3D9C4B39AD04696F96F2B221.PDF,(already fetched or skipped)
12286,RBI/2022-23/20 DOR.CRE.REC.13/08.12.015/2022-23,"April 8, 2022",Individual Housing Loans – Rationalisation of Risk Weights,https://rbidocs.rbi.org.in/rdocs/Notification/PDFs/NT20F78CB9AEAA5144B986F1E0456478D4F4.PDF,(already fetched or skipped)
12285,RBI/2022-23/19 DOR.AUT.REC.12/22.01.001/2022-23,"April 7, 2022",Establishment of Digital Banking Units (DBUs),https://rbidocs.rbi.org.in/rdocs/Notification/PDFs/NT19B668901332F243BEBDFD0DEB77E17F68.PDF,(already fetched or skipped)
12284,RBI/2022-23/18 DOR.AML.REC.11/14.06.001/2022-23,"April 04, 2022","Implementation of Section 51A of UAPA, 1967: Updates to UNSC’s 1267/ 1989 ISIL (Da'esh) & Al-Qaida Sanctions List: Amendment in two entries",https://rbidocs.rbi.org.in/rdocs/Notification/PDFs/NOTI185F30CDE41CA14BCC95C7DBD3AC08F916.PDF,(already fetched or skipped)
12283,RBI/2022-23/17 DOR.STR.REC.5/21.04.048/2022-23,"April 1, 2022","Master Circular - Income Recognition, Asset Classification, Provisioning and Other Related Matters - UCBs",https://rbidocs.rbi.org.in/rdocs/Notification/PDFs/17MIRAC01042022568064ADCFF941B1A5CFEB1E0EABC50C.PDF,(already fetched or skipped)
12282,RBI/2022-23/16 DOR.CRE.REC.No.06/08.12.001/2022-23,"April 01, 2022",Master Circular – Housing Finance,https://rbidocs.rbi.org.in/rdocs/Notification/PDFs/16MCHOUSINGFINANCE88EF20FE4EC4488B814B6FFB727CFF85.PDF,(already fetched or skipped)
12281,RBI/2022-23/15 DOR.STR.REC.4/21.04.048/2022-23,"April 1, 2022","Master Circular - Prudential norms on Income Recognition, Asset Classification and Provisioning pertaining to Advances",https://rbidocs.rbi.org.in/rdocs/Notification/PDFs/15MCIRACP0104202272A68328898841D488D7CC79E35C5F73.PDF,(already fetched or skipped)
12280,RBI/2022-23/14 DOR.CRE.REC.No.07/21.04.172/2022-23,"April 01, 2022",Master Circular - Bank Finance to Non-Banking Financial Companies (NBFCs),https://rbidocs.rbi.org.in/rdocs/Notification/PDFs/14MCBANKFINANCENBFCS26B13292BD264D288A08CA302FE854E1.PDF,(already fetched or skipped)
12279,RBI/2022-23/13 DOR.CAP.REC.2/09.18.201/2022-23,"April 1, 2022",3.2.3 Investment Fluctuation Reserve,https://rbidocs.rbi.org.in/rdocs/Notification/PDFs/13MCPNCA010420225CF5A137CB1D466DAC73BBC150900764.PDF,(already fetched or skipped)
12278,RBI/2022-23/12 DOR.CAP.REC.3/21.06.201/2022-23,"April 1, 2022",Master Circular – Basel III Capital Regulations,https://rbidocs.rbi.org.in/rdocs/Notification/PDFs/12MCBASELIIICAPITALREGULATIONSED3EF388F75E48198FF8328B36F43670.PDF,(already fetched or skipped)
12277,RBI/2022-23/11 FIDD.CO.LBS.BC.No.02/02.01.001/2022-23,"April 01, 2022",Master Circular – Lead Bank Scheme,https://rbidocs.rbi.org.in/rdocs/Notification/PDFs/LEADBANKSCHEME4F6B5D2E356C4F4F85BFB04C44946B01.PDF,(already fetched or skipped)
12276,RBI/2022-23/10 DOR.STR.REC.8/13.07.010/2022-23,"April 1, 2022",Master Circular - Guarantees and Co-acceptances,https://rbidocs.rbi.org.in/rdocs/Notification/PDFs/MC1001042022F73B8B28655D47A295C67DA5E54F365C.PDF,(already fetched or skipped)
12275,RBI/2022-23/09 DGBA.GBD.No.S2/31.02.007/2022-23,"April 01, 2022",Master Circular - Disbursement of Government Pension by Agency Banks,https://rbidocs.rbi.org.in/rdocs/Notification/PDFs/09MCAA9242E5243E4765ABE8D943947FC25D.PDF,(already fetched or skipped)
12274,RBI/2022-23/08 CO.DGBA.GBD.No.S-1/31.12.010/2022-23,"April 1, 2022",Master Circular on Conduct of Government Business by Agency Banks - Payment of Agency Commission,https://rbidocs.rbi.org.in/rdocs/Notification/PDFs/08NT98C6EE3774154280B0B30455686CDBFB.PDF,(already fetched or skipped)
12273,RBI/2022-23/07 DCM (FNVD) G –1/16.01.05/2022-23,"April 1, 2022",Master Circular – Detection and Impounding of Counterfeit Notes,https://rbidocs.rbi.org.in/rdocs/Notification/PDFs/07MC2022DICNF68C17C0889C4367A387DFFF3D31CD70.PDF,(already fetched or skipped)
12272,RBI/2022-23/06 DoR.STR.REC.9/09.27.000/2022-23,"April 01, 2022","Master Circular - Guarantees, Co-Acceptances & Letters of Credit - UCBs",https://rbidocs.rbi.org.in/rdocs/Notification/PDFs/MC06010420225C03B0AFA44847328ED551973F59B0E4.PDF,(already fetched or skipped)
12271,RBI/2022-23/05 DOR.MRG.REC.10/21.04.141/2022-23,"April 01, 2022",Master Circular on Investments by Primary (Urban) Co-operative Banks,https://rbidocs.rbi.org.in/rdocs/Notification/PDFs/05MC3B7A23293C01473FA26F33467F30E7CF.PDF,(already fetched or skipped)
12270,RBI/2022-23/91 DCM (CC) No.G-4/03.35.01/2022-23,"April 01, 2022",Master Direction on Penal Provisions in deficiencies in reporting of transactions/ balances at Currency Chests,https://rbidocs.rbi.org.in/rdocs/Notification/PDFs/91MDPPDR01042022EADFF060516C47E49C34DB2C9AA96CE1.PDF,(already fetched or skipped)
12269,RBI/2022-23/90 DCM (CC) No.G-3/03.41.01/2022-23,"April 01, 2022",Master Direction on Framework of Incentives for Currency Distribution & Exchange Scheme for bank branches including currency chests based on performance in rendering customer service to the members of public,https://rbidocs.rbi.org.in/rdocs/Notification/PDFs/90MDCDES010420224121B4A8DAEF4390A2063DF8E7E7A3C1.PDF,(already fetched or skipped)
12268,RBI/2022-23/04 DCM (CC) No.G-5/03.44.01/2022-23,"April 01, 2022",Master Circular – Scheme of Penalties for bank branches including Currency Chests for deficiency in rendering customer service to the members of public,https://rbidocs.rbi.org.in/rdocs/Notification/PDFs/04MCSPBB0104202267ACF2B9328449A79FAB647B9AB18EE5.PDF,(already fetched or skipped)
12267,"RBI/2022-23/03 DOR.SIG.FIN.REC 1/26.03.001/2022-23 April 01, 2022 ( Update","October 14, 2022","Master Circular - Asset Reconstruction Companies (Updated as on October 14, 2022)",https://rbidocs.rbi.org.in/rdocs/Notification/PDFs/03MCBAC6A43B0F3A45999CDE91EE1F970D5E.PDF,(already fetched or skipped)
12266,RBI/2022-23/02 FIDD.CO.FID.BC.No.1/12.01.033/2022-23,"April 01, 2022",Master Circular on SHG-Bank Linkage Programme,https://rbidocs.rbi.org.in/rdocs/Notification/PDFs/MC02SHG010420225025A51AC6C74FB49755837E99F5F05E.PDF,(already fetched or skipped)
12265,RBI/2022-23/01 DCM (NE) No.G-5/08.07.18/2022-23,"April 01, 2022",Master Circular – Facility for Exchange of Notes and Coins,https://rbidocs.rbi.org.in/rdocs/Notification/PDFs/NOTI01D2887316A334466E862190FC1FCBDE71.PDF,(already fetched or skipped)
12264,RBI/2021-22/191 DOR.MRG.REC.98/21.04.141/2021-22,"March 31, 2022","Master Direction - Classification, Valuation and Operation of Investment Portfolio of Commercial Banks (Directions), 2021 - Amendment",https://rbidocs.rbi.org.in/rdocs/Notification/PDFs/CIRCULARVALUATIONE12FA648415B4F63804A874B16ABD094.PDF,(already fetched or skipped)
12263,RBI/2021-22/190 DCM (Plg.) No.S 1117/10.25.007/2021-22,"March 31, 2022",Cassette - Swaps in ATMs,https://rbidocs.rbi.org.in/rdocs/Notification/PDFs/NT1901E352AFFE0E04A48AB52927FF1AFFFEB.PDF,(already fetched or skipped)
12262,RBI/2021-22/189 DOR.CAP.REC.No.97/21.06.201/2021-22,"March 31, 2022",Bilateral Netting of Qualified Financial Contracts - Amendments to Prudential Guidelines,https://rbidocs.rbi.org.in/rdocs/Notification/PDFs/BILATERALNETTING9E666F30F72D4EC3B669762511D18636.PDF,(already fetched or skipped)
12261,"RBI/2021-2022/188 CO.DPSS.RPPD.No./S1769/03-01-002/2021-22 March 28, 2022 The","March 31, 2022","Special Clearing operations on March 31, 2022",https://rbidocs.rbi.org.in/rdocs/Notification/PDFs/SPECIALCLEARINGMARCH312022C32287D5C7D248DFA23348545A275F66.PDF,(already fetched or skipped)
12260,RBI/2021-22/187 CO.DPSS.OVRST.No.S1738/06-08-018/2021-2022,"March 25, 2022",Framework for Geo-tagging of Payment System Touch Points,https://rbidocs.rbi.org.in/rdocs/Notification/PDFs/NOTI1878387B5161A0D43B08626757817CCD208.PDF,(already fetched or skipped)
12259,RBI/2021-2022/186 CO.DGBA.GBD.No.S1595/42-01-029/2021-2022,"March 24, 2022",Annual Closing of Government Accounts – Transactions of Central / State Governments – Special Measures for the Current Financial Year (2021-22),https://rbidocs.rbi.org.in/rdocs/Notification/PDFs/NT1866A651BB4A69C4BDABC8DC6AA84166CB7.PDF,(already fetched or skipped)
12258,RBI/2021-22/185 DOR.MRG.REC.96/21.04.141/2021-22,"March 23, 2022","Master Direction - Classification, Valuation and Operation of Investment Portfolio of Commercial Banks (Directions), 2021 - Amendment",https://rbidocs.rbi.org.in/rdocs/Notification/PDFs/NT185AC68D3334544456A817A53F266B87FA8.PDF,(already fetched or skipped)
12257,RBI/2021-22/184 FIDD.CO.LBS.BC.No.18/02.08.001/2021-22,"March 23, 2022",Formation of new district in the State of Meghalaya – Assignment of Lead Bank Responsibility,https://rbidocs.rbi.org.in/rdocs/Notification/PDFs/STATEOFMEGHALAYAALBR4425A92E19B946BDA444FE07B945DE39.PDF,(already fetched or skipped)
12256,,"July 17, 2025",Annex III(cf. Para 6A.4 of these Directions),https://rbidocs.rbi.org.in/rdocs/Notification/PDFs/89MDCD45D92E34D84C2695DF6977E4298BFF.PDF,(already fetched or skipped)
12255,RBI/2021-2022/183 DOR.AML.REC.94/14.06.001/2021-22,"March 10, 2022","Implementation of Section 51A of UAPA, 1967: Updates to UNSC’s 1267/ 1989 ISIL (Da'esh) & Al-Qaida Sanctions List: Addition of 1 entry (entity)",https://rbidocs.rbi.org.in/rdocs/Notification/PDFs/NT183A3E7715447A549AB945355AFDA9A567B.PDF,(already fetched or skipped)
12254,RBI/2021-2022/182 A.P. (DIR Series) Circular No. 28,"March 10, 2022",Exim Bank's Government of India supported Line of Credit (LoC) of USD 500 million to the Government of the Democratic Socialist Republic of Sri Lanka,https://rbidocs.rbi.org.in/rdocs/Notification/PDFs/NT182464818647C774AE9AEA6F12EAD04B96D.PDF,(already fetched or skipped)
12253,RBI/2021-2022/181 A.P. (DIR Series) Circular No.27,"March 10, 2022",Exim Bank's Government of India supported Line of Credit (LoC) of USD 7.29 million to the Government of Cooperative Republic of Guyana,https://rbidocs.rbi.org.in/rdocs/Notification/PDFs/NT18182C6EAA65D254192AE5C7CD521F627D9.PDF,(already fetched or skipped)
12252,RBI/2021-22/180 DOR.STR.REC.93/04.02.001/2021-22,"March 8, 2022",Interest Equalization Scheme on Pre and Post Shipment Rupee Export Credit - Extension,https://rbidocs.rbi.org.in/rdocs/Notification/PDFs/NOTI1803990B2AD806A43E2A714ADD49801D639.PDF,(already fetched or skipped)
12251,RBI/2021-22/179 DOR.CAP.REC.92/09.18.201/2021-22,"March 08, 2022",Issue and regulation of share capital and securities - Primary (Urban) Co-operative Banks,https://rbidocs.rbi.org.in/rdocs/Notification/PDFs/ISSUEREGULATIONF77B68CCB5C84716BB59279943423EBF.PDF,(already fetched or skipped)
12250,RBI/2021-22/178 DOR.AML.REC.91/14.06.001/2021-22,"March 08, 2022","Implementation of Section 51A of UAPA, 1967: Updates to UNSC’s 1267/ 1989 ISIL (Da'esh) & Al-Qaida Sanctions List: Removal of 2 entries",https://rbidocs.rbi.org.in/rdocs/Notification/PDFs/NT17844ED2F560B784F899307719038C5A637.PDF,(already fetched or skipped)
12249,RBI/2021-22/177 DOR.REC.MRG.90/16.20.000/2021-22,"March 3, 2022",Investment in Umbrella Organization (UO) by Primary (Urban) Co-operative Banks,https://rbidocs.rbi.org.in/rdocs/Notification/PDFs/NT1777AA3090FC57D467A9E9E51D8F359FA09.PDF,(already fetched or skipped)
12248,RBI/2021-22/176 CO.DGBA.GBD.No.S1422/42-01-029/2021-2022,"February 24, 2022",Reporting and Accounting of Central Government transactions of March 2022,https://rbidocs.rbi.org.in/rdocs/Notification/PDFs/NOTI176A19DD95D550A4F91A04ADFAFEBB33960.PDF,(already fetched or skipped)
12247,RBI/2021-22/175 DoS.CO.PPG.SEC/10/11.01.005/2021-22,"February 23, 2022",Implementation of ‘Core Financial Services Solution’ by Non-Banking Financial Companies (NBFCs),https://rbidocs.rbi.org.in/rdocs/Notification/PDFs/NOT175E28A758924C047D29651D40A0E90F952.PDF,(already fetched or skipped)
12246,RBI/2021-22/174 DOR.RUR.REC.86/19.51.025/2021-22,"February 18, 2022","Inclusion in the Second Schedule to the Reserve Bank of India Act, 1934- Sikkim State Co-operative Bank Ltd",https://rbidocs.rbi.org.in/rdocs/Notification/PDFs/NT17422772CB8AAAB4AE2B8FEB784FAF816C2.PDF,(already fetched or skipped)
12245,RBI/2021-22/173 FMRD.DIRD.13/14.03.59/2021-22,"February 18, 2022",Regulations Review Authority (RRA 2.0) – Interim Recommendations – Online Submission of Returns,https://rbidocs.rbi.org.in/rdocs/Notification/PDFs/173FMRD10BB25D288FA4B0AA9E0AC8DD26A074D.PDF,(already fetched or skipped)
12244,RBI/2021-2022/172 A.P. (DIR Series) Circular No.26,"February 18, 2022",Regulations Review Authority (RRA 2.0) – Interim Recommendations – Discontinuation/Merger/Online Submission of Returns,https://rbidocs.rbi.org.in/rdocs/Notification/PDFs/172APDIRNO26010981A1F1E84A468CD1EB78E05785E1.PDF,(already fetched or skipped)
12243,RBI/2021-22/171 DOR.CRE.REC.No.87/08.12.001/2021-22,"February 18, 2022",Master Circular – Housing Finance,https://rbidocs.rbi.org.in/rdocs/Notification/PDFs/171MC4EF9E623D37E492A8F6DCDCD7DC76890.PDF,(already fetched or skipped)
12242,RBI/2021-2022/170 CO.DSIM.SMD.No.S482/05-06-004/2021-22,"February 18, 2022",Regulations Review Authority (RRA 2.0) – Interim Recommendations – Second Tranche,https://rbidocs.rbi.org.in/rdocs/Notification/PDFs/170NDSIM52867BBA28EF4EEA8626369636F88A22.PDF,(already fetched or skipped)
12241,RBI/2021-22/169 DoR.RRA.89/01.01.101/2021-22,"February 18, 2022",Regulations Review Authority (RRA 2.0) – Interim Recommendations – Withdrawal of Circulars,https://rbidocs.rbi.org.in/rdocs/Notification/PDFs/169DORCN89EE521BF6D2AD480E93AD8CF5A527CB71.PDF,(already fetched or skipped)
12240,RBI/2021-22/168 DoR.RRA.88/01.01.101/2021-22,"February 18, 2022",Regulations Review Authority (RRA 2.0) – Interim Recommendations – Discontinuation/Merger/Online Submission of Returns,https://rbidocs.rbi.org.in/rdocs/Notification/PDFs/168DORCNO8866CCE262B2F34C379422C2D71E1D611C.PDF,(already fetched or skipped)
12239,RBI/2021-2022/165 CO.DPSS.OVRST.No.S1478/06-08-001/2021-2022,"February 18, 2022",Regulations Review Authority (RRA 2.0) – Interim Recommendations – Discontinuation / Merger / Online Submission of Returns,https://rbidocs.rbi.org.in/rdocs/Notification/PDFs/165DPSSMERGEREA56113B5CA44D92967E7C43C2ACFB44.PDF,(already fetched or skipped)
12238,RBI/2021-2022/167 DCM (Admin) No. S858/19.01.010/2021-22,"February 18, 2022",Regulations Review Authority (RRA 2.0) – Interim Recommendations-Discontinuation/Merger/Online Submission of Returns,https://rbidocs.rbi.org.in/rdocs/Notification/PDFs/NT167807E13CDC1ED448A8AC3FE899BEB2747.PDF,(already fetched or skipped)
12237,RBI/2021-2022/164 CO.DPSS.OVRST.No.S1477/06-08-001/2021-2022,"February 18, 2022",Regulations Review Authority (RRA 2.0) – Interim Recommendations – Withdrawal of Circulars,https://rbidocs.rbi.org.in/rdocs/Notification/PDFs/164DPSSIRBA234EEFCA0445FE97DEF6A608514CD4.PDF,(already fetched or skipped)
12236,RBI/2021-22/166 CO.FIDD.Plan.BC.17/04.09.01/2021-22,"February 18, 2022",Regulations Review Authority (RRA 2.0) – Interim Recommendations - Online Submission of Returns,https://rbidocs.rbi.org.in/rdocs/Notification/PDFs/NT166162EB2E4AF1741D8B37DBE79F6A0D0AD.PDF,(already fetched or skipped)
12235,RBI/2021-2022/163 DoS.CO.PPG./SEC.08/11.01.005/2021-22,"February 18, 2022",Regulations Review Authority (RRA 2.0) – Interim Recommendations – Discontinuation/Merger/Online Submission of Returns,https://rbidocs.rbi.org.in/rdocs/Notification/PDFs/163REPEAL7B2C8996654D4B39A698BA5D082C11FF.PDF,(already fetched or skipped)
12234,RBI/2021-2022/162 DoS.CO.PPG./SEC.09/11.01.005/2021-22,"February 18, 2022",Regulations Review Authority (RRA 2.0) – Interim Recommendations – Withdrawal of Circulars,https://rbidocs.rbi.org.in/rdocs/Notification/PDFs/NT162CC35C33BD14A4E089F5FDDABD26C71B5.PDF,(already fetched or skipped)
12233,RBI/2021-2022/161 FIDD.MSME & NFS.BC.No.16/06.02.31/2021-22,"February 18, 2022","New Definition of Micro, Small and Medium Enterprises - Clarification",https://rbidocs.rbi.org.in/rdocs/Notification/PDFs/161MSME5CABC8EC603C458A8F599FE5D2B1A9FB.PDF,(already fetched or skipped)
12232,RBI/2021-2022/160 A.P. (DIR Series) Circular No. 25,"February 17, 2022",Exim Bank's Government of India supported Line of Credit (LoC) of USD 40 million to the Government of the Republic of Maldives,https://rbidocs.rbi.org.in/rdocs/Notification/PDFs/EAPDIR25741DB496C94042D6A960F1D6E4AAF735.PDF,(already fetched or skipped)
12231,RBI/2021-2022/159 A.P. (DIR Series) Circular No. 24,"February 17, 2022",Exim Bank's Government of India supported Line of Credit (LoC) of USD 50 million to the Government of the Republic of Maldives,https://rbidocs.rbi.org.in/rdocs/Notification/PDFs/NOTI15987A2492F8BB448FE8793ADD917875C67.PDF,(already fetched or skipped)
12230,RBI/2021-2022/158 DOR.STR.REC.85/21.04.048/2021-22,"February 15, 2022","Prudential norms on Income Recognition, Asset Classification and Provisioning pertaining to Advances – Clarifications",https://rbidocs.rbi.org.in/rdocs/Notification/PDFs/NOTI157C55AA18314924A879B6E77C79D108D9E.PDF,(already fetched or skipped)
12229,"RBI/2021-22/157 FMRD.DIRD.12/14.03.046/2021-22 February 10, 2022 To, All El","February 10, 2022","Rupee Interest Rate Derivatives (Reserve Bank) Directions - Review dated February 10, 2022 [These directions have been superseded by Master Direction – Reserve Bank of India (Rupee Interest Rate Derivatives) Directions, 2025]",https://rbidocs.rbi.org.in/rdocs/Notification/PDFs/157FCSOIS00C5B235EF7043B7AD7F44B7C5DAD48E.PDF,(already fetched or skipped)
12228,RBI/2021-22/156 A.P. (DIR Series) Circular No. 22,"February 10, 2022",‘Voluntary Retention Route’ (VRR) for Foreign Portfolio Investors (FPIs) investment in debt,https://rbidocs.rbi.org.in/rdocs/Notification/PDFs/NOTI1568FB1320A4A304297BF1E900F5225209C.PDF,(already fetched or skipped)
12227,RBI/2021-22/155 A.P. (DIR Series) Circular No. 23,"February 10, 2022","Transactions in Credit Default Swap (CDS) by Foreign Portfolio Investors – Operational Instructions [superseded by Master Direction – Reserve Bank of India (Credit Derivatives) Directions, 2026]",https://rbidocs.rbi.org.in/rdocs/Notification/PDFs/NT155313449400B2E4ACB834FF9D5C9FEB917.PDF,(already fetched or skipped)
12226,"RBI/2021-22/88 FMRD.DIRD.10/14.03.004/2021-22 February 10, 2022 ( Updated","January 01, 2025","Master Direction – Reserve Bank of India (Credit Derivatives) Directions, 2022 (Updated as on January 01, 2025) [superseded by Master Direction – Reserve Bank of India (Credit Derivatives) Directions, 2026]",https://rbidocs.rbi.org.in/rdocs/Notification/PDFs/88MDRBICDD2022D30B9C6D207C4D47A98D48F169DF1762.PDF,(already fetched or skipped)
12225,"RBI/2021-22/154 DOR.SIG.FIN.REC 84/26.03.001/2021-22 Febraury 10, 2022 All Asset Reconstruction Companies Dear Sir/Madam, Master Circular - Asset Reconstruction Companies In order to have all current instructions/guidelines on the subject at one place, the Reserve Bank of India issues updated circulars/guidelines . The instructions contained in The Asset Reconstruction Companies (Reserve Bank) Guidelines and Directions, 2003 (vide Notification No.DNBS.2/CGM(CSM)-2003, dated","April 23, 2003",Master Circular - Asset Reconstruction Companies,https://rbidocs.rbi.org.in/rdocs/Notification/PDFs/154MCASSETRECONSTRUCTIONE00512D59CB949929BAC4484415667C3.PDF,(already fetched or skipped)
12224,RBI/2021-22/153 DOR.AML.REC.83/14.06.001/2021-22,"January 27, 2022","Implementation of Section 51A of UAPA, 1967: Updates to UNSC’s 1267/ 1989 ISIL (Da'esh) & Al-Qaida Sanctions List: Deletion of 1 entry",https://rbidocs.rbi.org.in/rdocs/Notification/PDFs/NT153143591BC1FB647948A6BF92B3FAC583D.PDF,(already fetched or skipped)
12223,,"January 14, 2022","Registration of Assignment of Receivables (Reserve Bank) Regulations, 2022",https://rbidocs.rbi.org.in/rdocs/Notification/PDFs/NOTI200120227CAF5FD1DBD8441EABF9ADDF36F2190C.PDF,(already fetched or skipped)
12222,,"January 14, 2022","Registration of Factors (Reserve Bank) Regulations, 2022",https://rbidocs.rbi.org.in/rdocs/Notification/PDFs/REGISTRATIONOFFACTORA57E49B549084F1DB06AE5FCDF2279C2.PDF,(already fetched or skipped)
12221,RBI/2021-22/152 DOR.AML.REC.82/14.06.001/2021-22,"January 18, 2022","Implementation of Section 51A of UAPA, 1967: Updates to UNSC’s 1267/1989 ISIL (Da'esh) & Al-Qaida Sanctions List: Deletion of 3 entries",https://rbidocs.rbi.org.in/rdocs/Notification/PDFs/NOT15284C42492E7B04898811FDAB2FD453A28.PDF,(already fetched or skipped)
12220,RBI/2021-22/151 DOR.No.PRD.LRG.79/21.04.098/2021-22,"January 06, 2022","Basel III Framework on Liquidity Standards – Liquidity Coverage Ratio (LCR), Liquidity Risk Monitoring Tools and LCR Disclosure Standards and Net Stable Funding ratio – Small Business Customers",https://rbidocs.rbi.org.in/rdocs/Notification/PDFs/NOTI151BD3CEB5EDE914DC3A6451D5587D7D66B.PDF,(already fetched or skipped)
12219,RBI/2021-22/150 DOR.AML.REC.78/14.06.001/2021-22,"January 06, 2022","Implementation of Section 51A of UAPA, 1967: Updates to UNSC’s 1267/ 1989 ISIL (Da'esh) & Al-Qaida Sanctions List: Deletion of entries",https://rbidocs.rbi.org.in/rdocs/Notification/PDFs/NT1504C0019B66B6544CFB3472FC62FE84E87.PDF,(already fetched or skipped)
12218,RBI/2021-22/149 DOR.CRE.REC.No.77/21.04.172/2021-22,"January 05, 2022",Master Circular - Bank Finance to Non-Banking Financial Companies (NBFCs),https://rbidocs.rbi.org.in/rdocs/Notification/PDFs/MC149DFE979246176478A88C8E372C8BFBA0E.PDF,(already fetched or skipped)
12217,RBI/2021-22/148 DOR.RET.REC.76/12.07.160/2021-22,"January 04, 2022","Inclusion of “Airtel Payments Bank Limited” in the Second Schedule of the Reserve Bank of India Act, 1934",https://rbidocs.rbi.org.in/rdocs/Notification/PDFs/NOTI147736CFF628AEB4754B89C84C715F60BB2.PDF,(already fetched or skipped)
12216,RBI/2021-22/147 IDMD.PDRD.No.S1617/03.64.023/2021-22,"January 04, 2022",Retail Direct Scheme – Market Making,https://rbidocs.rbi.org.in/rdocs/Notification/PDFs/RETAILDIRECTMKTF0DE11BE61EA4EA7A73490A81B36FBBE.PDF,(already fetched or skipped)
12215,"RBI/2021-22/146 CO.DPSS.POLC.No.S1264/02-14-003/2021-2022 January 03, 2022","December 04, 2024","Framework for Facilitating Small Value Digital Payments in Offline Mode (Updated as on December 04, 2024)",https://rbidocs.rbi.org.in/rdocs/Notification/PDFs/NT14627B03F0BACF841CBABF21F2A00CD439F.PDF,(already fetched or skipped)
12214,RBI/2021-22/145 DOR.AML.REC.75/14.06.001/2021-22,"January 03, 2022","Implementation of Section 51A of UAPA, 1967: Updates to UNSC’s 1267/ 1989 ISIL (Da'esh) & Al-Qaida Sanctions List: Addition of entries",https://rbidocs.rbi.org.in/rdocs/Notification/PDFs/CIRCULAR145E93E3F419E064A65BF954699211DED73.PDF,(already fetched or skipped)
12213,RBI/2021-22/144 DOR.AML.REC.74/14.01.001/2021-22,"December 30, 2021",Periodic Updation of KYC – Restrictions on Account Operations for Non-compliance,https://rbidocs.rbi.org.in/rdocs/Notification/PDFs/NOT144ED8CD10E7A134B159C395D06B02D8DB0.PDF,(already fetched or skipped)
12212,RBI/2021-22/143 CO.IDMD.GBDP.No.S1565/08-01-001/2021-2022,"December 24, 2021",Amendment to General Notification for sale of Government of India Treasury Bills/Cash Management Bills by Auction,https://rbidocs.rbi.org.in/rdocs/Notification/PDFs/NT143CCEEF36928084E7FBFCB878D58F37D3D.PDF,(already fetched or skipped)
12211,RBI/2021-2022/142 CO.DPSS.POLC.No.S-1211/02-14-003/2021-22,"December 23, 2021",Restriction on storage of actual card data [i.e. Card-on-File (CoF)],https://rbidocs.rbi.org.in/rdocs/Notification/PDFs/NT142A0F19E38D78F4F779A73977873648A85.PDF,(already fetched or skipped)
12210,RBI/2021-2022/141 A.P. (DIR Series) Circular No.21,"December 23, 2021",Exim Bank Government of India supported Line of Credit (LoC) of USD 40 million to the Government of the Togolese Republic,https://rbidocs.rbi.org.in/rdocs/Notification/PDFs/NT14170D67DBFACAA4EEC97E8508A4F38F866.PDF,(already fetched or skipped)
12209,RBI/2021-22/140 CO.DGBA.GBD.No.S1112/42-01-033/2021-2022,"December 15, 2021",Government Agency Business Arrangement – Appointment of Scheduled Private Sector Banks as Agency Banks of Reserve Bank of India (RBI),https://rbidocs.rbi.org.in/rdocs/Notification/PDFs/NT1409308B2A429874ED3AC1DA6A28E07F8A5.PDF,(already fetched or skipped)
12208,RBI/2021-22/139 DoS.CO.PPG.SEC.7/11.01.005/2021-22,"December 14, 2021",Prompt Corrective Action (PCA) Framework for Non-Banking Financial Companies (NBFCs),https://rbidocs.rbi.org.in/rdocs/Notification/PDFs/139PCANBFCSC3389782516C440DAF56D30473BF005B.PDF,(already fetched or skipped)
12207,RBI/2021-22/138 DOR.RET.REC.73/12.01.001/2021-22,"December 10, 2021","Section 24 of the Banking Regulation Act, 1949 – Maintenance of Statutory Liquidity Ratio (SLR) – Marginal Standing Facility (MSF) - return to the normal dispensation",https://rbidocs.rbi.org.in/rdocs/Notification/PDFs/NT13899BA76E055614F15B470A8D37683F65A.PDF,(already fetched or skipped)
12206,RBI/2021-22/137 A.P. (DIR Series) Circular No. 20,"December 10, 2021",Introduction of Legal Entity Identifier for Cross-border Transactions,https://rbidocs.rbi.org.in/rdocs/Notification/PDFs/NOT1375CB7650223C74E4EA18E95F06C242143.PDF,(already fetched or skipped)
12205,RBI/2021-22/136 DOR.CAP.REC.No.72/21.06.201/2021-22,"December 08, 2021",General permission for infusion of capital in overseas branches and subsidiaries and retention/ repatriation/ transfer of profits in these centres by banks incorporated in India,https://rbidocs.rbi.org.in/rdocs/Notification/PDFs/CAPITALRETENTION224030BE0B1D422AA97C6043C8986190.PDF,(already fetched or skipped)
12204,RBI/2021-22/135 A.P. (DIR Series) Circular No. 19,"December 08, 2021",External Commercial Borrowings (ECB) and Trade Credits (TC) Policy – Changes due to LIBOR transition,https://rbidocs.rbi.org.in/rdocs/Notification/PDFs/APDIR1359BBB85EB5DBF49DDBE2E5BACC25A7358.PDF,(already fetched or skipped)
12203,RBI/2021-22/134 DOR.AML.REC.71/14.06.001/2021-22,"November 26, 2021","Implementation of Section 51A of UAPA, 1967: Updates to UNSC’s 1267/ 1989 ISIL (Da'esh) & Al-Qaida Sanctions List: Addition of one entry",https://rbidocs.rbi.org.in/rdocs/Notification/PDFs/NOT13444521F3DEC0948DF8B4A4637AD7F99B0.PDF,(already fetched or skipped)
12202,RBI/2021-22/133 DOR.Rur.REC.70/31.04.002/2021-22,"November 22, 2021","Inclusion in/exclusion from the Second Schedule to the Reserve Bank of India Act, 1934 - Regional Rural Banks (RRBs)",https://rbidocs.rbi.org.in/rdocs/Notification/PDFs/NT133CAB6D5534B4D445FB581A3D4F6D51FCF.PDF,(already fetched or skipped)
12201,RBI/2021-22/132 DoS.CO.PPG./SEC.06/11.01.005/2021-22,"November 16, 2021",Regulations Review Authority (RRA 2.0) – Interim Recommendations – Withdrawal of Redundant Circulars,https://rbidocs.rbi.org.in/rdocs/Notification/PDFs/NOTI1328F5547FCD35045D09042E13EB517D62A.PDF,(already fetched or skipped)
12200,RBI/2021-22/131 DCM (Admin) No.S472/19.01.010/2021-22,"November 16, 2021",Withdrawal of Obsolete Regulatory Circulars/ Instructions - Interim Recommendations of the Regulations Review Authority 2.0,https://rbidocs.rbi.org.in/rdocs/Notification/PDFs/RRAN161120212BD34F31E7B245C980B9A4D66E091F10.PDF,(already fetched or skipped)
12199,RBI/2021-22/130 A.P. (DIR Series) Circular No.18,"November 16, 2021",Regulations Review Authority (RRA 2.0) – Interim Recommendations – Withdrawal of Circular,https://rbidocs.rbi.org.in/rdocs/Notification/PDFs/NT1301962B2CCC806466681C6215A7AA49C23.PDF,data\full_dataset\rbi\pdf\RBI_2021-22_130_A.P.__DIR_Series__Circular_No.18__0f91a975.pdf
12198,RBI/2021-22/129 FMRD.DIRD.09/14.03.059/2021-22,"November 16, 2021",Regulations Review Authority (RRA 2.0) – Interim Recommendations – Withdrawal of Circulars,https://rbidocs.rbi.org.in/rdocs/Notification/PDFs/NOTI129D2BEF2E21EBE40159B3CF1F4DA743B25.PDF,data\full_dataset\rbi\pdf\RBI_2021-22_129_FMRD.DIRD.09_14.03.059_2021-22__9aaf796c.pdf
12197,RBI/2021-22/128 DoR.RRA.69/01.01.101/2021-22,"November 16, 2021",Regulations Review Authority (RRA) 2.0 – Interim Recommendations – Withdrawal of Redundant Circulars,https://rbidocs.rbi.org.in/rdocs/Notification/PDFs/NOTI1281BAFC7046645434CA771EB74A775A08D.PDF,data\full_dataset\rbi\pdf\RBI_2021-22_128_DoR.RRA.69_01.01.101_2021-22__2114c477.pdf
12196,RBI/2021-2022/127 CO.DPSS.OVRST.No.S929/06-08-001/2021-2022,"November 16, 2021",Withdrawal of Obsolete Regulatory Circulars / Instructions – Interim Recommendations of the Regulations Review Authority 2.0,https://rbidocs.rbi.org.in/rdocs/Notification/PDFs/127IRRRA20DPSSEB3403CBCDCF431C849717BA6C88C17D.PDF,data\full_dataset\rbi\pdf\RBI_2021-2022_127_CO.DPSS.OVRST.No.S929_06-08-001_2021-2022__83e8fb84.pdf
12195,RBI/2021-2022/126 CO.CEPD.PRS.No.S874/13-01-008/2021-2022,"November 15, 2021",Appointment of Internal Ombudsman by Non-Banking Financial Companies,https://rbidocs.rbi.org.in/rdocs/Notification/PDFs/126IONBFCS852DBFB906C04020BFFFBF9C6DB5D6FD.PDF,data\full_dataset\rbi\pdf\RBI_2021-2022_126_CO.CEPD.PRS.No.S874_13-01-008_2021-2022__94ea64d3.pdf
12194,RBI/2021-2022/125 DOR.STR.REC.68/21.04.048/2021-22,"November 12, 2021","Prudential norms on Income Recognition, Asset Classification and Provisioning pertaining to Advances - Clarifications",https://rbidocs.rbi.org.in/rdocs/Notification/PDFs/125IRAC5D423E89A957430AAEEE46913F90155E.PDF,data\full_dataset\rbi\pdf\RBI_2021-2022_125_DOR.STR.REC.68_21.04.048_2021-22__2ab8eddd.pdf
12193,RBI/2021-2022/124 CO.IDMD.GBD(P).No.S1242/08.01.001/2021-22,"November 12, 2021",Auction of Government Securities: Non-Competitive Bidding Facility to retail investors,https://rbidocs.rbi.org.in/rdocs/Notification/PDFs/NOTI1246C6C97B0C1DE4FE08BADC2672C23476C.PDF,data\full_dataset\rbi\pdf\RBI_2021-2022_124_CO.IDMD.GBD_P_.No.S1242_08.01.001_2021-22__7189d2ac.pdf
12192,,"November 12, 2021","Reserve Bank - Integrated Ombudsman Scheme, 2021",https://rbidocs.rbi.org.in/rdocs/Notification/PDFs/RBIIOS11118E9D443AD3984523920DFFF736AB69C3.PDF,data\full_dataset\rbi\pdf\Reserve_Bank_-_Integrated_Ombudsman_Scheme__2021__9e2dec84.pdf
12191,RBI/2021-2022/123 DOR.SOG (SPE).REC.No 67/13.03.00/2021-22,"November 11, 2021",Foreign Currency (Non-resident) Accounts (Banks) Scheme [FCNR(B)] - Master Direction on Interest Rate on Deposits,https://rbidocs.rbi.org.in/rdocs/Notification/PDFs/NOT123787FEA514D6A4CB88B633664E931BD5E.PDF,data\full_dataset\rbi\pdf\RBI_2021-2022_123_DOR.SOG__SPE_.REC.No_67_13.03.00_2021-22__5ca5fba3.pdf
12190,RBI/2021-2022/122 A.P. (DIR Series) Circular No.17,"November 11, 2021",Exim Bank's Government of India supported Line of Credit (LoC) of USD 10.40 million to the Government of the Kingdom of Eswatini (Swaziland),https://rbidocs.rbi.org.in/rdocs/Notification/PDFs/NT122D41E098D658641D5ACE16DC31AB7D5EE.PDF,data\full_dataset\rbi\pdf\RBI_2021-2022_122_A.P.__DIR_Series__Circular_No.17__25fa65e9.pdf
12189,RBI/2021-22/121 DOR.STR.REC.66/13.07.010/2021-22,"November 9, 2021",Master Circular - Guarantees and Co-acceptances,https://rbidocs.rbi.org.in/rdocs/Notification/PDFs/MC121SCB09112021FD922B473FBC4349BE5F0EB1872C7749.PDF,data\full_dataset\rbi\pdf\RBI_2021-22_121_DOR.STR.REC.66_13.07.010_2021-22__ab23ed31.pdf
12188,RBI/2021-22/120 A.P. (DIR Series) Circular No. 16,"November 08, 2021",Investment by Foreign Portfolio Investors (FPIs) in Debt – Review,https://rbidocs.rbi.org.in/rdocs/Notification/PDFs/NOTI1201F45E3103E6D43288D0F0D6E16E094F5.PDF,data\full_dataset\rbi\pdf\RBI_2021-22_120_A.P.__DIR_Series__Circular_No._16__621a1aa0.pdf
12187,RBI/2021-22/119 DoR.STR.REC.65/09.27.000/2021-22,"November 02, 2021","Master Circular- Guarantees, Co-Acceptances & Letters of Credit - UCBs",https://rbidocs.rbi.org.in/rdocs/Notification/PDFs/119MCBGUCBS346E4EB1CF6D4FDA9AF827A80477670C.PDF,data\full_dataset\rbi\pdf\RBI_2021-22_119_DoR.STR.REC.65_09.27.000_2021-22__3cb0e19f.pdf
12186,RBI/2021-22/118 DOS.CO.PPG.SEC.No.4/11.01.005/2021-22,"November 02, 2021",Prompt Corrective Action (PCA) Framework for Scheduled Commercial Banks,https://rbidocs.rbi.org.in/rdocs/Notification/PDFs/118PCAFSCBS880BBE6644424AE9878105762689BA34.PDF,data\full_dataset\rbi\pdf\RBI_2021-22_118_DOS.CO.PPG.SEC.No.4_11.01.005_2021-22__2edb6d17.pdf
12185,RBI/2021-22/117 DOR.No.STR.REC.64/21.04.048/2021-22,"November 1, 2021","Master Circular- Income Recognition, Asset Classification, Provisioning and Other Related Matters - UCBs",https://rbidocs.rbi.org.in/rdocs/Notification/PDFs/117MCIRACP41D584957C3A43BCACEBC391B91A3FA0.PDF,data\full_dataset\rbi\pdf\RBI_2021-22_117_DOR.No.STR.REC.64_21.04.048_2021-22__ba5274af.pdf
12184,RBI/2021-22/116 DOR.CRE.REC.63/21.04.048/2021-22,"October 29, 2021",Opening of Current Accounts by Banks - Need for Discipline,https://rbidocs.rbi.org.in/rdocs/Notification/PDFs/CURRENTACCOUNTS8D0BAC9CED0240EAA1D3259B4DABAF0B.PDF,data\full_dataset\rbi\pdf\RBI_2021-22_116_DOR.CRE.REC.63_21.04.048_2021-22__39150ba5.pdf
12183,RBI/2021-22/115 DoR.AUT.REC.62/23.67.001/2021-22,"October 28, 2021","Gold Monetization Scheme (GMS), 2015",https://rbidocs.rbi.org.in/rdocs/Notification/PDFs/NT1159E872DD8990F47769A5C4F00FB88877D.PDF,data\full_dataset\rbi\pdf\RBI_2021-22_115_DoR.AUT.REC.62_23.67.001_2021-22__267c3a0f.pdf
12182,,"April 08, 2024","Master Direction – Prudential Norms on Capital Adequacy for Local Area Banks (Directions), 2021 (Updated as on April 08, 2024)",https://rbidocs.rbi.org.in/rdocs/Notification/PDFs/87MDPRUDENTIALNORMSDFC5C0716DBE4DB6A4897AF59BDD9BC6.PDF,data\full_dataset\rbi\pdf\Master_Direction___Prudential_Norms_on_Capital_Adequacy_for_Local_Area_Banks__Directions__2021__Updated_as_on_April_08__2024___7b1208be.pdf
12181,"RBI/2021-2022/114 IDMD.CDD.1100/14.04.050/2021-22 October 22, 2021 (Updated a","October 04, 2022",,https://rbidocs.rbi.org.in/rdocs/Notification/PDFs/114PGRDGSFE164A82CB484CB68002E8E70CCB048D.PDF,data\full_dataset\rbi\pdf\RBI_2021-2022_114_IDMD.CDD.1100_14.04.050_2021-22_October_22__2021__Updated_a__cd06aa50.pdf
12180,RBI/2021-2022/113 IDMD.CDD.No.1087/14.04.050/2021-22,"October 22, 2021",Sovereign Gold Bond Scheme (SGB) 2021-22 - Series VII/VIII/IX/X,https://rbidocs.rbi.org.in/rdocs/Notification/PDFs/SGBC25DF6F017D8E4F7684C7252A020F911D.PDF,data\full_dataset\rbi\pdf\RBI_2021-2022_113_IDMD.CDD.No.1087_14.04.050_2021-22__78d06950.pdf
12179,RBI/2021-22/112 DOR.CRE.REC.No.60/03.10.001/2021-22,"October 22, 2021",Scale Based Regulation (SBR): A Revised Regulatory Framework for NBFCs,https://rbidocs.rbi.org.in/rdocs/Notification/PDFs/NT1127AD09AD866884557BD4DEEA150ACC91A.PDF,data\full_dataset\rbi\pdf\RBI_2021-22_112_DOR.CRE.REC.No.60_03.10.001_2021-22__5914edf5.pdf
12178,RBI/2021-22/111 DoR.FIN.REC.59/20.16.056/2021-22,"October 14, 2021",Data Format for Furnishing of Credit Information to Credit Information Companies,https://rbidocs.rbi.org.in/rdocs/Notification/PDFs/NOTI111E1410202198E8D74E97964977ABA12B7C49932DC0.PDF,data\full_dataset\rbi\pdf\RBI_2021-22_111_DoR.FIN.REC.59_20.16.056_2021-22__1c810730.pdf
12177,RBI/2021-22/110 FIDD.CO.Plan.BC.No.15/04.09.01/2021-22,"October 8, 2021",Priority Sector Lending- Banks’ lending to NBFCs for on-lending – Extension of facility,https://rbidocs.rbi.org.in/rdocs/Notification/PDFs/NT110508A6EB32BF642E0BDD3E34007A30E49.PDF,data\full_dataset\rbi\pdf\RBI_2021-22_110_FIDD.CO.Plan.BC.No.15_04.09.01_2021-22__f2f53179.pdf
12176,RBI/2021-22/109 DOR.RET.REC.58/12.07.160/2021-22,"October 07, 2021","Inclusion of “Paytm Payments Bank Limited” in the Second Schedule of the Reserve Bank of India Act, 1934",https://rbidocs.rbi.org.in/rdocs/Notification/PDFs/NT109F9B7531E7DB449C7AD33EB50D3BA6DF5.PDF,data\full_dataset\rbi\pdf\RBI_2021-22_109_DOR.RET.REC.58_12.07.160_2021-22__93e2b659.pdf
12175,RBI/2021-22/108 IDMD.CDD.No.S930/11.22.003/2021-22,"October 5, 2021",Value Free Transfer (VFT) of Government Securities – Guidelines,https://rbidocs.rbi.org.in/rdocs/Notification/PDFs/NT108EBEC216033904F71B83D33E0756E1EBE.PDF,data\full_dataset\rbi\pdf\RBI_2021-22_108_IDMD.CDD.No.S930_11.22.003_2021-22__66444cf1.pdf
12174,RBI/2021-22/107 IDMD.CDD.No.S931/11.22.001/2021-2022,"October 5, 2021",Revised Subsidiary General Ledger (SGL) Account Guidelines and Constituents' Subsidiary General Ledger (CSGL) Account Guidelines,https://rbidocs.rbi.org.in/rdocs/Notification/PDFs/NT107021AC72A03E34624B6469D220AA6AC8A.PDF,data\full_dataset\rbi\pdf\RBI_2021-22_107_IDMD.CDD.No.S931_11.22.001_2021-2022__8dfd994a.pdf
12173,RBI/2021-22/106 DOR.CAP.REC.No.56/21.06.201/2021-22,"October 4, 2021",Basel III Capital Regulations - Perpetual Debt Instruments (PDI) in Additional Tier 1 Capital – Eligible Limit for Instruments Denominated in Foreign Currency/Rupee Denominated Bonds Overseas,https://rbidocs.rbi.org.in/rdocs/Notification/PDFs/NT106C3D2AF66A5644FE8BF289447AA9FB8AC.PDF,data\full_dataset\rbi\pdf\RBI_2021-22_106_DOR.CAP.REC.No.56_21.06.201_2021-22__c6d088b0.pdf
12172,RBI/2021-22/105 DOR.ACC.REC.57/21.04.018/2021-22,"October 4, 2021",Enhancement in family pension of employees of banks - Treatment of additional liability,https://rbidocs.rbi.org.in/rdocs/Notification/PDFs/NOT105B023B025471C4F449120D823559F8B48.PDF,data\full_dataset\rbi\pdf\RBI_2021-22_105_DOR.ACC.REC.57_21.04.018_2021-22__f9136120.pdf
12171,RBI/2021-2022/104 DOR.No.STR.REC.55/21.04.048/2021-22,"October 1, 2021","Master Circular - Prudential norms on Income Recognition, Asset Classification and Provisioning pertaining to Advances",https://rbidocs.rbi.org.in/rdocs/Notification/PDFs/MCIRACP535F1B4DE5494B4F82F69AB36B11538E.PDF,data\full_dataset\rbi\pdf\RBI_2021-2022_104_DOR.No.STR.REC.55_21.04.048_2021-22__fb39521f.pdf
12170,RBI/2021-2022/103 A.P. (DIR Series) Circular No.15,"September 30, 2021",Exim Bank's Government of India supported Line of Credit (LoC) of USD 100 million to the Government of Democratic Socialist Republic of Sri Lanka,https://rbidocs.rbi.org.in/rdocs/Notification/PDFs/NT1032F3ED9BA358F4B51A3C651F6C61EBEDA.PDF,data\full_dataset\rbi\pdf\RBI_2021-2022_103_A.P.__DIR_Series__Circular_No.15__e5a195c5.pdf
12169,RBI/2021-2022/102 A.P. (DIR Series) Circular No.14,"September 30, 2021",Exim Bank's Government of India supported Line of Credit (LoC) of USD 15 million to the Government of the Republic of Sierra Leone,https://rbidocs.rbi.org.in/rdocs/Notification/PDFs/NT1430092021FCCD0B61068D4BBD879D5497D8BBD880.PDF,data\full_dataset\rbi\pdf\RBI_2021-2022_102_A.P.__DIR_Series__Circular_No.14__49fc5626.pdf
12168,RBI/2021-2022/101 A.P. (DIR Series) Circular No.13,"September 28, 2021",Use of any Alternative reference rate in place of LIBOR for interest payable in respect of export / import transactions,https://rbidocs.rbi.org.in/rdocs/Notification/PDFs/APDIR135AD89A9014BD418DB9227206DF15F6D9.PDF,data\full_dataset\rbi\pdf\RBI_2021-2022_101_A.P.__DIR_Series__Circular_No.13__5bded60c.pdf
12167,,"September 08, 2021","Foreign Exchange Management (Export of Goods and Services) (Amendment) Regulations, 2021",https://rbidocs.rbi.org.in/rdocs/Notification/PDFs/FEMA28092021F4D265E37DF2494793463F8CA5050A99.PDF,data\full_dataset\rbi\pdf\Foreign_Exchange_Management__Export_of_Goods_and_Services___Amendment__Regulations__2021__e2405ca9.pdf
12166,,"December 28, 2023","Master Direction – Reserve Bank of India (Transfer of Loan Exposures) Directions, 2021 (Updated as on December 28, 2023)",https://rbidocs.rbi.org.in/rdocs/Notification/PDFs/86MDLOANEXPOSURESC6B1DFB428C349D885619396317F04DE.PDF,data\full_dataset\rbi\pdf\Master_Direction___Reserve_Bank_of_India__Transfer_of_Loan_Exposures__Directions__2021__Updated_as_on_December_28__2023___eba13842.pdf
12165,,"December 05, 2022","Master Direction – Reserve Bank of India (Securitisation of Standard Assets) Directions, 2021 (Updated as on December 05, 2022)",https://rbidocs.rbi.org.in/rdocs/Notification/PDFs/85MDSTANDARDASSETSBE149B86CD3A4B368A5D24471DAD2300.PDF,data\full_dataset\rbi\pdf\Master_Direction___Reserve_Bank_of_India__Securitisation_of_Standard_Assets__Directions__2021__Updated_as_on_December_05__2022___d2f6988b.pdf
12164,RBI/2021-22/100 DOR.MRG.REC.50/21.04.141/2021-22,"September 20, 2021",Master Circular on Investments by Primary (Urban) Co-operative Banks,https://rbidocs.rbi.org.in/rdocs/Notification/PDFs/MCUCBC3EE65A980634686A9E648466BCC7271.PDF,data\full_dataset\rbi\pdf\RBI_2021-22_100_DOR.MRG.REC.50_21.04.141_2021-22__b6f2949f.pdf
12163,,"February 21, 2025","Master Direction – Reserve Bank of India (Market-makers in OTC Derivatives) Directions, 2021 (Updated as on February 21, 2025)",https://rbidocs.rbi.org.in/rdocs/Notification/PDFs/84MD8DAD7C4F379B4875AC9C2D398646B42D.PDF,data\full_dataset\rbi\pdf\Master_Direction___Reserve_Bank_of_India__Market-makers_in_OTC_Derivatives__Directions__2021__Updated_as_on_February_21__2025___3f9554d1.pdf
12162,RBI/2021-22/99 DOR.AML.REC.49/14.06.001/2021-22,"September 13, 2021","Implementation of Section 51A of UAPA, 1967: Updates to UNSC’s 1267/ 1989 ISIL (Da'esh) & Al-Qaida Sanctions List: Deletion of one entry",https://rbidocs.rbi.org.in/rdocs/Notification/PDFs/NT994605397520F64C33B0B2FF40AFD79960.PDF,data\full_dataset\rbi\pdf\RBI_2021-22_99_DOR.AML.REC.49_14.06.001_2021-22__ed2f114d.pdf
12161,RBI/2021-22/98 DOR.AML.REC 48/14.01.001/2021-22,"September 13, 2021",Application for Aadhaar e-KYC Authentication Licence,https://rbidocs.rbi.org.in/rdocs/Notification/PDFs/EKYCCD5A7A5B2F70471883B6E45D84E35855.PDF,data\full_dataset\rbi\pdf\RBI_2021-22_98_DOR.AML.REC_48_14.01.001_2021-22__c73f9678.pdf
12160,RBI/2021-22/97 DOR.CRE.REC.47/21.01.003/2021-22,"September 09, 2021",Large Exposures Framework – Credit Risk Mitigation (CRM) for offsetting – non-centrally cleared derivative transactions of foreign bank branches in India with their Head Office,https://rbidocs.rbi.org.in/rdocs/Notification/PDFs/NT976BE9580F4E044588822EF3B6CF493D15.PDF,data\full_dataset\rbi\pdf\RBI_2021-22_97_DOR.CRE.REC.47_21.01.003_2021-22__3a7962f4.pdf
12159,RBI/2021-22/96 CO.DPSS.POLC.No.S-516/02-14-003/2021-22,"September 07, 2021",Tokenisation – Card Transactions: Permitting Card-on-File Tokenisation (CoFT) Services,https://rbidocs.rbi.org.in/rdocs/Notification/PDFs/DPSSCOFTBA69C3B5B8CC4025AD089456DD857C5F.PDF,data\full_dataset\rbi\pdf\RBI_2021-22_96_CO.DPSS.POLC.No.S-516_02-14-003_2021-22__fd7e7b3e.pdf
12158,,"July 03, 2025","Master Direction on Financial Statements - Presentation and Disclosures (Updated as on July 03, 2025)",https://rbidocs.rbi.org.in/rdocs/Notification/PDFs/83MDPRESENTATIONDISCLOSUREDADE5C12667549B5B123EC94C73FE5D1.PDF,data\full_dataset\rbi\pdf\Master_Direction_on_Financial_Statements_-_Presentation_and_Disclosures__Updated_as_on_July_03__2025___8529be4f.pdf
12157,RBI/2021-22/95 DOR.GOV.REC.44/29.67.001/2021-22,"August 30, 2021",Guidelines on Compensation of Whole Time Directors/ Chief Executive Officers/ Material Risk Takers and Control Function staff - Clarification,https://rbidocs.rbi.org.in/rdocs/Notification/PDFs/NT9599D4AF143D2543A383A746555B1602B4.PDF,data\full_dataset\rbi\pdf\RBI_2021-22_95_DOR.GOV.REC.44_29.67.001_2021-22__bdeae251.pdf
12156,,"September 30, 2026","Master Directions on Prepaid Payment Instruments (PPIs) (Updated as on September 30, 2026)",https://rbidocs.rbi.org.in/rdocs/Notification/PDFs/82MDPPIS2708202181CF0A6FCD1B47B88CAE8E92A228B160.PDF,data\full_dataset\rbi\pdf\Master_Directions_on_Prepaid_Payment_Instruments__PPIs___Updated_as_on_September_30__2026___39ee8614.pdf
12155,RBI/2021-22/94 CO.DPSS.RPPD.No.S475/04.09.003/2021-22,"August 27, 2021",Enhancements to Indo-Nepal Remittance Facility Scheme,https://rbidocs.rbi.org.in/rdocs/Notification/PDFs/INDONEPALREMITTANCE9593B81D2D304BB0A320C3D981794D29.PDF,data\full_dataset\rbi\pdf\RBI_2021-22_94_CO.DPSS.RPPD.No.S475_04.09.003_2021-22__390a1439.pdf
12154,RBI/2021-22/93 DCM (CC) No.97527/03.41.01/2021-22,"August 27, 2021",Review of incentive and other measures to enhance distribution of coins,https://rbidocs.rbi.org.in/rdocs/Notification/PDFs/INCENTIVEONCOINS19721F0BF4284DDEBB0F2BFD6201244D.PDF,data\full_dataset\rbi\pdf\RBI_2021-22_93_DCM__CC__No.97527_03.41.01_2021-22__1dde3416.pdf
12153,,"December 8, 2022","Master Direction - Classification, Valuation and Operation of Investment Portfolio of Commercial Banks (Directions), 2021 (Updated as on December 8, 2022)",https://rbidocs.rbi.org.in/rdocs/Notification/PDFs/81MDBANKS25082021BC0CC10147494B67ADAA6285904566BB.PDF,data\full_dataset\rbi\pdf\Master_Direction_-_Classification__Valuation_and_Operation_of_Investment_Portfolio_of_Commercial_Banks__Directions__2021__Updated_as_on_December_8__20__84ad5451.pdf
12152,RBI/2021-22/92 CO.DPSS.POLC.No.S-469/02-14-003/2021-22,"August 25, 2021",Tokenisation – Card Transactions : Extending the Scope of Permitted Devices,https://rbidocs.rbi.org.in/rdocs/Notification/PDFs/DPSSTOKENISATION7CAE91D177944AD0BE09143433CE1917.PDF,data\full_dataset\rbi\pdf\RBI_2021-22_92_CO.DPSS.POLC.No.S-469_02-14-003_2021-22__8ecbc602.pdf
12151,RBI/2021-22/91 DOR.FIN.REC.No.41/03.10.136/2021-22,"August 25, 2021","Notification as ‘Financial Institution’ under Section 2(1)(m)(iv) of Securitisation and Reconstruction of Financial Assets and Enforcement of Security Interest Act, 2002 (SARFAESI Act)",https://rbidocs.rbi.org.in/rdocs/Notification/PDFs/NOTI91A8FD62C942604735BE8AA4C7C33898A2.PDF,data\full_dataset\rbi\pdf\RBI_2021-22_91_DOR.FIN.REC.No.41_03.10.136_2021-22__db671ca6.pdf
12150,RBI/2021-22/90 FIDD.CO.LBS.BC.No.14/02.08.001/2021-22,"August 24, 2021",Formation of new district in the State of Punjab – Assignment of Lead Bank Responsibility,https://rbidocs.rbi.org.in/rdocs/Notification/PDFs/NT908D119DC533CA41529B270B4C5354A706.PDF,data\full_dataset\rbi\pdf\RBI_2021-22_90_FIDD.CO.LBS.BC.No.14_02.08.001_2021-22__b8a7939d.pdf
12149,RBI/2021-2022/89 A.P. (DIR Series) Circular No.12,"August 19, 2021",Exim Bank's Government of India supported Line of Credit (LoC) of USD 20.51 million to the Government of the Republic of Guinea,https://rbidocs.rbi.org.in/rdocs/Notification/PDFs/NT89D4F34E5521FA4C3F9588871631CDF77E.PDF,data\full_dataset\rbi\pdf\RBI_2021-2022_89_A.P.__DIR_Series__Circular_No.12__b76296a5.pdf
12148,RBI/2021-2022/88 A.P. (DIR Series) Circular No.11,"August 19, 2021",Exim Bank's Government of India supported Line of Credit (LoC) of USD 170 million to the Government of the Republic of Guinea,https://rbidocs.rbi.org.in/rdocs/Notification/PDFs/NT88F800BFF03109473690B8E04DD1E364CD.PDF,data\full_dataset\rbi\pdf\RBI_2021-2022_88_A.P.__DIR_Series__Circular_No.11__465d6437.pdf
12147,RBI/2021-2022/87 A.P. (DIR Series) Circular No.10,"August 19, 2021",Exim Bank's Government of India supported Line of Credit (LoC) of USD 20.22 million to the Government of the Republic of Guinea,https://rbidocs.rbi.org.in/rdocs/Notification/PDFs/NT875A7981CA1BA942D1AA8ACF9DA1D7FDDD.PDF,data\full_dataset\rbi\pdf\RBI_2021-2022_87_A.P.__DIR_Series__Circular_No.10__22e9f711.pdf
12146,RBI/2021-2022/86 DOR.LEG.REC/40/09.07.005/2021-22,"August 18, 2021",Safe Deposit Locker/Safe Custody Article Facility provided by the banks - Revised Instructions,https://rbidocs.rbi.org.in/rdocs/Notification/PDFs/NOT865BD846E789E5477889250E475AC2347A.PDF,data\full_dataset\rbi\pdf\RBI_2021-2022_86_DOR.LEG.REC_40_09.07.005_2021-22__c43d1571.pdf
12145,RBI/2021-2022/85 A.P. (DIR Series) Circular No.09,"August 12, 2021",Exim Bank's Government of India supported Line of Credit (LoC) of USD 100 million to the Government of the Republic of Mauritius,https://rbidocs.rbi.org.in/rdocs/Notification/PDFs/APDIR2A4032D563034FECB476E8DB894F5C1E.PDF,data\full_dataset\rbi\pdf\RBI_2021-2022_85_A.P.__DIR_Series__Circular_No.09__726e4f6f.pdf
12144,RBI/2021-22/84 DCM (RMMT) No.S153/11.01.01/2021-22,"August 10, 2021",Monitoring of Availability of Cash in ATMs,https://rbidocs.rbi.org.in/rdocs/Notification/PDFs/NT843D0A5750BF454FA89C07C15976BFE29C.PDF,data\full_dataset\rbi\pdf\RBI_2021-22_84_DCM__RMMT__No.S153_11.01.01_2021-22__fb6d1ae7.pdf
12143,RBI/2021-22/83 FIDD.GSSD.CO.BC.No.09/09.01.003/2021-22,"August 9, 2021",Enhancement of collateral free loans to Self Help Groups (SHGs) under DAY-NRLM from ₹10 lakh to ₹20 Lakh,https://rbidocs.rbi.org.in/rdocs/Notification/PDFs/NOT83288C46412B81402B9395336DC364506D.PDF,data\full_dataset\rbi\pdf\RBI_2021-22_83_FIDD.GSSD.CO.BC.No.09_09.01.003_2021-22__84bb0b45.pdf
12142,RBI/2021-22/82 DOR.RET.REC.36/12.01.001/2021-22,"August 09, 2021","Section 24 of the Banking Regulation Act, 1949 – Maintenance of Statutory Liquidity Ratio (SLR) – Marginal Standing Facility (MSF) - Extension of Relaxation",https://rbidocs.rbi.org.in/rdocs/Notification/PDFs/MSFA7C93499E3BD4C82856FB9BF79B97FDF.PDF,data\full_dataset\rbi\pdf\RBI_2021-22_82_DOR.RET.REC.36_12.01.001_2021-22__d2ed0287.pdf
12141,RBI/2021-22/81 DOR.MRG.39/21.04.157/2021-22,"August 06, 2021",Prudential Norms for Off-Balance Sheet Exposures of Banks – Restructuring of derivative contracts,https://rbidocs.rbi.org.in/rdocs/Notification/PDFs/NT810F51DA018C1347D6A9732CDB22CB101A.PDF,data\full_dataset\rbi\pdf\RBI_2021-22_81_DOR.MRG.39_21.04.157_2021-22__b9c44d4a.pdf
12140,RBI/2021-22/80 DOR.STR.REC.38/21.04.048/2021-22,"August 6, 2021",Resolution Framework for COVID-19-related Stress – Financial Parameters – Revised timelines for compliance,https://rbidocs.rbi.org.in/rdocs/Notification/PDFs/NOT8064251323364C47239729385DF9FA23CB.PDF,data\full_dataset\rbi\pdf\RBI_2021-22_80_DOR.STR.REC.38_21.04.048_2021-22__8a4a59ea.pdf
12139,RBI/2021-2022/79 DOR.DIR.REC.37/04.02.002/2021-22,"August 6, 2021",Export Credit in Foreign Currency – Benchmark Rate,https://rbidocs.rbi.org.in/rdocs/Notification/PDFs/ECFCBR6E9AA4F74B1C407BA3E35D09043F0B1D.PDF,data\full_dataset\rbi\pdf\RBI_2021-2022_79_DOR.DIR.REC.37_04.02.002_2021-22__8abe1cf6.pdf
12138,RBI/2021-2022/78 A.P. (DIR Series) Circular No.08,"August 05, 2021",Exim Bank's Government of India supported Line of Credit (LoC) of USD 30.00 million to the Government of the Republic of Sierra Leone,https://rbidocs.rbi.org.in/rdocs/Notification/PDFs/NOTI7852E92634C05543209C060E69C0C71A1E.PDF,data\full_dataset\rbi\pdf\RBI_2021-2022_78_A.P.__DIR_Series__Circular_No.08__635fc15a.pdf
12137,RBI/2021-22/77 DOR.CRE.REC.35/21.04.048/2021-22,"August 04, 2021",Guidelines for Implementation of the circular on Opening of Current Accounts by Banks,https://rbidocs.rbi.org.in/rdocs/Notification/PDFs/NT772E1C67FC392A45A8B41FAAEEB3EBC847.PDF,data\full_dataset\rbi\pdf\RBI_2021-22_77_DOR.CRE.REC.35_21.04.048_2021-22__06081381.pdf
12136,RBI/2021-22/76 CO.DPSS.POLC.No.S-384/02.32.001/2021-2022,"August 3, 2021",Framework for Outsourcing of Payment and Settlement-related Activities by Payment System Operators,https://rbidocs.rbi.org.in/rdocs/Notification/PDFs/NOT765729DDE076804962B2A6A35CA343D2F2.PDF,data\full_dataset\rbi\pdf\RBI_2021-22_76_CO.DPSS.POLC.No.S-384_02.32.001_2021-2022__22be686c.pdf
12135,RBI/2021-22/75 DGBA.GBD.No.S391/42.01.011/2021-22,"August 02, 2021",Maintenance of State Government Accounts – Recovery of Interest on Excess put through/ Double claim (State Government Transactions),https://rbidocs.rbi.org.in/rdocs/Notification/PDFs/NT75244D38E4172B49DAAFBA76940F2ED18D.PDF,data\full_dataset\rbi\pdf\RBI_2021-22_75_DGBA.GBD.No.S391_42.01.011_2021-22__98b64855.pdf
12134,RBI/2021-22/74 DOR.FIN.REC.No.34/03.10.136/2021-22,"July 29, 2021",Rating of Deposits of HFCs – Approved Credit Rating Agencies and Minimum Investment Grade Credit Rating,https://rbidocs.rbi.org.in/rdocs/Notification/PDFs/NT744BD1CEE45A60477482568509F5C5FD9F.PDF,data\full_dataset\rbi\pdf\RBI_2021-22_74_DOR.FIN.REC.No.34_03.10.136_2021-22__6c364d91.pdf
12133,RBI/2021-22/73 DPSS.CO.LVPD No.S290/04.04.009/2021-22,"July 28, 2021",Access for Non-banks to Centralised Payment Systems,https://rbidocs.rbi.org.in/rdocs/Notification/PDFs/NT73EDEE40AF1C2C4B5FBE3EE35521E90DFF.PDF,data\full_dataset\rbi\pdf\RBI_2021-22_73_DPSS.CO.LVPD_No.S290_04.04.009_2021-22__56541146.pdf
12132,RBI/2021-22/72 DOR.CRE.REC.No.33/13.03.00/2021-22,"July 23, 2021",Loans and Advances – Regulatory Restrictions,https://rbidocs.rbi.org.in/rdocs/Notification/PDFs/NOT72DE11B78FC7714B5E872265606C29F75B.PDF,data\full_dataset\rbi\pdf\RBI_2021-22_72_DOR.CRE.REC.No.33_13.03.00_2021-22__263e4d01.pdf
12131,"RBI/2006-2007/106 August 08, 2006 Section 42 (1) of the RBI Act, 1934 23 DBOD","December 16, 2024","Master Direction - Reserve Bank of India [Cash Reserve Ratio (CRR) and Statutory Liquidity Ratio (SLR)] Directions - 2021 (Updated as on December 16, 2024)",https://rbidocs.rbi.org.in/rdocs/Notification/PDFs/80MD21389A0318704E99835FC3013AA49E9A.PDF,data\full_dataset\rbi\pdf\RBI_2006-2007_106_August_08__2006_Section_42__1__of_the_RBI_Act__1934_23_DBOD__b7ceaa7f.pdf
12130,RBI/2021-22/71 DCM (Plg.) No.S39/10.25.007/2021-22,"July 12, 2021",Cassette - Swaps in ATMs,https://rbidocs.rbi.org.in/rdocs/Notification/PDFs/NT7142C32CC6FC22420D90B1888698B287F5.PDF,data\full_dataset\rbi\pdf\RBI_2021-22_71_DCM__Plg.__No.S39_10.25.007_2021-22__71a5ae33.pdf
12129,RBI/2021-22/70 DoR.ORG.REC.31/21.06.017/2021-22,"July 9, 2021",Mandatory Leave for Employees Posted in Sensitive Positions or Areas of Operation,https://rbidocs.rbi.org.in/rdocs/Notification/PDFs/MANDATORY68309727854340079DEB2A8417681AEB.PDF,data\full_dataset\rbi\pdf\RBI_2021-22_70_DoR.ORG.REC.31_21.06.017_2021-22__891d1553.pdf
12128,RBI/2021-22/69 CO.FMRD.DIRD.S39/14.02.001/2021-22,"July 08, 2021",Roadmap for LIBOR Transition,https://rbidocs.rbi.org.in/rdocs/Notification/PDFs/LIBOR4B79B1870D234E3FACC2EE378D8F6F84.PDF,data\full_dataset\rbi\pdf\RBI_2021-22_69_CO.FMRD.DIRD.S39_14.02.001_2021-22__48a1087c.pdf
12127,RBI/2021-22/68 DoR.RET.REC.30/12.07.150/2021-22,"July 07, 2021","Inclusion of “Shivalik Small Finance Bank Limited” in the Second Schedule of the Reserve Bank of India Act, 1934",https://rbidocs.rbi.org.in/rdocs/Notification/PDFs/SHIVALIKSFB1E9F5C62820542669FCA412AF24069FC.PDF,data\full_dataset\rbi\pdf\RBI_2021-22_68_DoR.RET.REC.30_12.07.150_2021-22__c4dec80f.pdf
12126,RBI/2021-2022/67 FIDD.MSME & NFS.BC.No.13/06.02.31/2021-22,"July 7, 2021","New Definition of Micro, Small and Medium Enterprises - Addition of Retail and Wholesale Trade",https://rbidocs.rbi.org.in/rdocs/Notification/PDFs/MSME25199EAA23EF4A409B11F776148EB0E4.PDF,data\full_dataset\rbi\pdf\RBI_2021-2022_67_FIDD.MSME___NFS.BC.No.13_06.02.31_2021-22__e02e82c6.pdf
12125,RBI/2021-22/66 DoR.SPE.REC.29/13.03.00/2021-2022,"July 02, 2021",Review of Instructions on Interest on overdue domestic deposits,https://rbidocs.rbi.org.in/rdocs/Notification/PDFs/DOMESTICDEPOSITSA3FC0C70AAB34ADB918679E9B052C210.PDF,data\full_dataset\rbi\pdf\RBI_2021-22_66_DoR.SPE.REC.29_13.03.00_2021-2022__d726942c.pdf
12124,RBI/2021-22/65 DOR.CRE(DIR).REC.28/04.02.001/2021-22,"July 1, 2021",Interest Equalization Scheme on Pre and Post Shipment Rupee Export Credit - Extension,https://rbidocs.rbi.org.in/rdocs/Notification/PDFs/NT6587028A5E8EA54102B5FA0DF167247A0A.PDF,data\full_dataset\rbi\pdf\RBI_2021-22_65_DOR.CRE_DIR_.REC.28_04.02.001_2021-22__7103cff0.pdf
12123,RBI/2021-22/64 DOR.ORG.REC.27/21.04.158/2021-22,"June 28, 2021",Guidelines for Managing Risk in Outsourcing of Financial Services by Co-operative Banks,https://rbidocs.rbi.org.in/rdocs/Notification/PDFs/NT642C29DCE69C264AC198E4BDE2C671F7F2.PDF,data\full_dataset\rbi\pdf\RBI_2021-22_64_DOR.ORG.REC.27_21.04.158_2021-22__89295e26.pdf
12122,RBI/2021-2022/63 FIDD.MSME & NFS.BC.No.12/06.02.31/2021-22,"June 25, 2021","New Definition of Micro, Small and Medium Enterprises",https://rbidocs.rbi.org.in/rdocs/Notification/PDFs/MSME28A16AE7D21948D5A25728815AECF48E.PDF,data\full_dataset\rbi\pdf\RBI_2021-2022_63_FIDD.MSME___NFS.BC.No.12_06.02.31_2021-22__6db7656c.pdf
12121,RBI/2021-2022/62 DOR.CRE(DIR).REC.26/21.04.103/2021-22,"June 25, 2021",Appointment of Chief Risk Officer in Primary (Urban) Co-operative Banks,https://rbidocs.rbi.org.in/rdocs/Notification/PDFs/CROUCBSD545EE5F0C96458E89985A8E04EC7140.PDF,data\full_dataset\rbi\pdf\RBI_2021-2022_62_DOR.CRE_DIR_.REC.26_21.04.103_2021-22__e7e069f3.pdf
12120,RBI/2021-22/61 FMRD.DIRD.06/14.01.001/2021-22,"June 25, 2021","Reserve Bank of India (Call, Notice and Term Money Markets) Directions, 2021",https://rbidocs.rbi.org.in/rdocs/Notification/PDFs/NOTI6141CA2DB281DF48CBBB8CDE90A16BF327.PDF,data\full_dataset\rbi\pdf\RBI_2021-22_61_FMRD.DIRD.06_14.01.001_2021-22__20c22c57.pdf
12119,RBI/2021-22/60 DOR.GOV.REC.25/12.10.000/2021-22,"June 25, 2021",Appointment of Managing Director (MD) / Whole-Time Director (WTD) in Primary (Urban) Co-operative Banks,https://rbidocs.rbi.org.in/rdocs/Notification/PDFs/MDWTD207E35D0F9F749B69C27F7AD9330D1DE.PDF,data\full_dataset\rbi\pdf\RBI_2021-22_60_DOR.GOV.REC.25_12.10.000_2021-22__a9fa1fc0.pdf
12118,RBI/2021-22/59 DOR.ACC.REC.No.23/21.02.067/2021-22,"June 24, 2021",Declaration of dividends by NBFCs,https://rbidocs.rbi.org.in/rdocs/Notification/PDFs/NBFCS2A8A6D0DFCD346B7BA78285EE25759A6.PDF,data\full_dataset\rbi\pdf\RBI_2021-22_59_DOR.ACC.REC.No.23_21.02.067_2021-22__6d4fa84b.pdf
12117,RBI/2021-22/58 DOR.CRE(DIR).REC.24/23.67.001/2021-22,"June 23, 2021",Gold (Metal) Loans – Repayment,https://rbidocs.rbi.org.in/rdocs/Notification/PDFs/GMLRB32D8C0B2C6341C0A82BD98289ECBA38.PDF,data\full_dataset\rbi\pdf\RBI_2021-22_58_DOR.CRE_DIR_.REC.24_23.67.001_2021-22__0f67e2c4.pdf
12116,RBI/2021-22/57 DOR.AML.REC.22/14.06.001/2021-22,"June 18, 2021","Implementation of Section 51A of UAPA, 1967: Updates to UNSC’s 1267/ 1989 ISIL (Da'esh) & Al-Qaida Sanctions List: Amendment of one entry",https://rbidocs.rbi.org.in/rdocs/Notification/PDFs/UAPA196761F838A5EE5848B6BFC12F0816192E45.PDF,data\full_dataset\rbi\pdf\RBI_2021-22_57_DOR.AML.REC.22_14.06.001_2021-22__26d98e98.pdf
12115,RBI/2021-22/56 A. P. (DIR Series) Circular No. 07,"June 17, 2021",Liberalised Remittance Scheme for Resident Individuals – Reporting,https://rbidocs.rbi.org.in/rdocs/Notification/PDFs/APDIR07AFB5B474A5A448F88DBF8A4BBFAC166F.PDF,data\full_dataset\rbi\pdf\RBI_2021-22_56_A._P.__DIR_Series__Circular_No._07__31b04d69.pdf
12114,RBI/2021-22/55 CO.DPSS.AUTH.No.S190/02.27.005/2021-22,"June 14, 2021",Investment in Entities from FATF Non-compliant Jurisdictions,https://rbidocs.rbi.org.in/rdocs/Notification/PDFs/NOTI55F5B16F787E1A4B0EBA0F5B30D7A650B6.PDF,data\full_dataset\rbi\pdf\RBI_2021-22_55_CO.DPSS.AUTH.No.S190_02.27.005_2021-22__5b375f25.pdf
12113,RBI/2021-22/54 CO.DPSS.POLC.No.S188/02-27-020/2021-2022,"June 14, 2021",Bharat Bill Payment System – Addition of Biller Category,https://rbidocs.rbi.org.in/rdocs/Notification/PDFs/NT5405CBB38838F241998F180B0130030461.PDF,data\full_dataset\rbi\pdf\RBI_2021-22_54_CO.DPSS.POLC.No.S188_02-27-020_2021-2022__e6131b33.pdf
12112,RBI/2021-22/53 DoS.CO. PPG.SEC/03/11.01.005/2021-22,"June 11, 2021",Risk Based Internal Audit (RBIA),https://rbidocs.rbi.org.in/rdocs/Notification/PDFs/HFCSF43CED6D843A4F36B629DEFFFE61CA49.PDF,data\full_dataset\rbi\pdf\RBI_2021-22_53_DoS.CO._PPG.SEC_03_11.01.005_2021-22__958a60d3.pdf
12111,"RBI/2021-22/52 DPSS.CO.OD.No.S-182/06.07.011/2021-22 June 10, 2021 ( Updat","March 28, 2025","Usage of Automated Teller Machines / Cash Recycler Machines – Review of Interchange Fee and Customer Charges (Updated as on March 28, 2025)",https://rbidocs.rbi.org.in/rdocs/Notification/PDFs/ATMINTERCHANGEF1B27B06FE09452FA1D395BF67718CD6.PDF,data\full_dataset\rbi\pdf\RBI_2021-22_52_DPSS.CO.OD.No.S-182_06.07.011_2021-22_June_10__2021___Updat__650f3a06.pdf
12110,RBI/2021-22/51 DCM(Plg).No. 51961/10.27.00/2021-22,"June 8, 2021",Preservation of CCTV recordings,https://rbidocs.rbi.org.in/rdocs/Notification/PDFs/NT51F08A0581297D4C9EAF02C8839EA4F83A.PDF,data\full_dataset\rbi\pdf\RBI_2021-22_51_DCM_Plg_.No._51961_10.27.00_2021-22__d34c24a1.pdf
12109,RBI/2021-22/50 FMRD.FMID.No.05/14.01.006/2021-22,"June 7, 2021",Transactions in Government securities by Foreign Portfolio Investors: Reporting,https://rbidocs.rbi.org.in/rdocs/Notification/PDFs/NOTI50C3D09616F2E14DE995279FD359A5313B.PDF,data\full_dataset\rbi\pdf\RBI_2021-22_50_FMRD.FMID.No.05_14.01.006_2021-22__263754c5.pdf
12108,RBI/2021-22/79 FMRD.DIRD.03/14.01.003/2021-22,"June 4, 2021","Master Direction – Reserve Bank of India (Certificate of Deposit) Directions, 2021",https://rbidocs.rbi.org.in/rdocs/Notification/PDFs/NT5080C62E3929DE4D70AABB8136B7B5F647.PDF,data\full_dataset\rbi\pdf\RBI_2021-22_79_FMRD.DIRD.03_14.01.003_2021-22__7607167a.pdf
12107,RBI/2021-22/49 DoR.RET.REC.19/12.05.009/2021-22,"June 04, 2021","Submission of returns under Section 31 of the Banking Regulation Act, 1949 (AACS) – Extension of time",https://rbidocs.rbi.org.in/rdocs/Notification/PDFs/NT49C564C1C7E65D45F2BF2388647D092EA5.PDF,data\full_dataset\rbi\pdf\RBI_2021-22_49_DoR.RET.REC.19_12.05.009_2021-22__78529c3f.pdf
12106,RBI/2021-22/48 A.P. (DIR Series) Circular No.06,"June 4, 2021",Payment of margins for transactions in Government Securities by,https://rbidocs.rbi.org.in/rdocs/Notification/PDFs/APDIRFEMA85487D1D5655434093517B26B1E6CCBA.PDF,data\full_dataset\rbi\pdf\RBI_2021-22_48_A.P.__DIR_Series__Circular_No.06__e05ee52d.pdf
12105,RBI/2021-22/47 DOR.STR.REC.21/21.04.048/2021-22,"June 4, 2021","Resolution Framework - 2.0: Resolution of Covid-19 related stress of Micro, Small and Medium Enterprises (MSMEs) – Revision in the threshold for aggregate exposure",https://rbidocs.rbi.org.in/rdocs/Notification/PDFs/REC21MSMES67B4E963A5AA42AAB17E25A39880F062.PDF,data\full_dataset\rbi\pdf\RBI_2021-22_47_DOR.STR.REC.21_21.04.048_2021-22__4ea8c9f1.pdf
12104,RBI/2021-22/46 DOR.STR.REC.20/21.04.048/2021-22,"June 4, 2021",Resolution Framework - 2.0: Resolution of Covid-19 related stress of Individuals and Small Businesses – Revision in the threshold for aggregate exposure,https://rbidocs.rbi.org.in/rdocs/Notification/PDFs/REC20ISBE0FCD14D0D6D43A391241C8CE88C0051.PDF,data\full_dataset\rbi\pdf\RBI_2021-22_46_DOR.STR.REC.20_21.04.048_2021-22__cee96061.pdf
12103,RBI/2021-22/45 DOR. AML.REC 18 /14.01.001/2021-22,"May 31, 2021",Customer Due Diligence for transactions in Virtual Currencies (VC),https://rbidocs.rbi.org.in/rdocs/Notification/PDFs/45VIRTUALCURRENCIES37FE644EF97F4A36AAB951C73A411E96.PDF,data\full_dataset\rbi\pdf\RBI_2021-22_45_DOR._AML.REC_18__14.01.001_2021-22__a7442037.pdf
12102,RBI/2021-22/44 A.P. (DIR Series) Circular No. 05,"May 31, 2021",Investment by Foreign Portfolio Investors (FPI) in Government Securities: Medium Term Framework (MTF),https://rbidocs.rbi.org.in/rdocs/Notification/PDFs/44FPII84839F6569834341AB66803B079BF59E.PDF,data\full_dataset\rbi\pdf\RBI_2021-22_44_A.P.__DIR_Series__Circular_No._05__906a9858.pdf
12101,RBI/2021-22/43 FIDD.CO.LBS.BC.No.11/02.08.001/2021-22,"May 27, 2021",Formation of new district in the State of Karnataka - Assignment of Lead Bank Responsibility,https://rbidocs.rbi.org.in/rdocs/Notification/PDFs/STATEOFKARNATAKAEA550305DCEF420C92B902F707F397D3.PDF,data\full_dataset\rbi\pdf\RBI_2021-22_43_FIDD.CO.LBS.BC.No.11_02.08.001_2021-22__84a0167a.pdf
12100,,,"Foreign Exchange Management (Foreign exchange derivative contracts) Regulations, 2000",https://rbidocs.rbi.org.in/rdocs/Notification/PDFs/FEDCR2000F1FAB9DD90724BB6AFC423AC418B1DBE.PDF,data\full_dataset\rbi\pdf\Foreign_Exchange_Management__Foreign_exchange_derivative_contracts__Regulations__2000__3f45b510.pdf
12099,,"October 01, 2025","Foreign Exchange Management (Debt Instruments) Regulations, 2019 (Amended up to October 01, 2025)",https://rbidocs.rbi.org.in/rdocs/Notification/PDFs/DEBTINSTRUMENTS12BC56E5F7184DF78AC98A09F3E04236.PDF,data\full_dataset\rbi\pdf\Foreign_Exchange_Management__Debt_Instruments__Regulations__2019__Amended_up_to_October_01__2025___30a104b8.pdf
12098,,"March 02, 2015","Foreign Exchange Management (International Financial Services Centre) Regulations, 2015",https://rbidocs.rbi.org.in/rdocs/Notification/PDFs/IFSCR2015163E37AE61D440FABB0CA289A27E0018.PDF,data\full_dataset\rbi\pdf\Foreign_Exchange_Management__International_Financial_Services_Centre__Regulations__2015__29a94ee1.pdf
12097,,"June 26, 2019","Foreign Exchange Management (Margin for Derivative Contracts) Regulations, 2020",https://rbidocs.rbi.org.in/rdocs/Notification/PDFs/MDCR2020F3B2E26984D645C28859EB4135579FF1.PDF,data\full_dataset\rbi\pdf\Foreign_Exchange_Management__Margin_for_Derivative_Contracts__Regulations__2020__9314b1c7.pdf
12096,RBI/2021-22/42 DOR.RUR.REC.No.17/19.51.007/2021-22,"May 24, 2021",Amalgamation of District Central Co-operative Banks (DCCBs) with the State Co-operative Bank (StCB) - Guidelines,https://rbidocs.rbi.org.in/rdocs/Notification/PDFs/NT42DB47D1CAF6EF446CB10AB15B2FA90451.PDF,data\full_dataset\rbi\pdf\RBI_2021-22_42_DOR.RUR.REC.No.17_19.51.007_2021-22__0987e7b0.pdf
12095,RBI/2021-22/41 CO.DPSS.POLC.No.S-106/02-14-003/2021-2022,"May 21, 2021",Relaxation in timeline for compliance with various payment system requirements,https://rbidocs.rbi.org.in/rdocs/Notification/PDFs/DPSSTI6B55CB8123BE4DB588A16CA23A91C1EC.PDF,data\full_dataset\rbi\pdf\RBI_2021-22_41_CO.DPSS.POLC.No.S-106_02-14-003_2021-2022__6a3cf565.pdf
12094,RBI/2021-22/40 DPSS.CO.PD.No.S-99/02.14.006/2021-22,"May 19, 2021",Prepaid Payment Instruments (PPIs) – (i) Mandating Interoperability; (ii) Increasing the Limit to ₹2 lakh for Full-KYC PPIs; and (iii) Permitting Cash Withdrawal from Full-KYC PPIs of Non-Bank PPI Issuers,https://rbidocs.rbi.org.in/rdocs/Notification/PDFs/40PPII884045ABAA6446E7A63937EBBBB44A66.PDF,data\full_dataset\rbi\pdf\RBI_2021-22_40_DPSS.CO.PD.No.S-99_02.14.006_2021-22__7ac47fa2.pdf
12093,RBI/2021-22/39 IDMD.CDD.No.45187/14.04.050/2021-22,"May 14, 2021",Sovereign Gold Bond Scheme (SGB) 2021-22- Series I/II/III/IV/V/VI,https://rbidocs.rbi.org.in/rdocs/Notification/PDFs/39SGBAF241A45917B472B90EA72AB5F0BE502.PDF,data\full_dataset\rbi\pdf\RBI_2021-22_39_IDMD.CDD.No.45187_14.04.050_2021-22__40ee22c2.pdf
12092,RBI/2021-22/38 A.P.(DIR Series) Circular No. 04,"May 12, 2021","Sponsor Contribution to an AIF set up in Overseas Jurisdiction, including IFSCs",https://rbidocs.rbi.org.in/rdocs/Notification/PDFs/NT388079827C2D574CECBBEBB64DA9D5701F.PDF,data\full_dataset\rbi\pdf\RBI_2021-22_38_A.P._DIR_Series__Circular_No._04__f6b67da8.pdf
12091,RBI/2021-22/37 DoR.DEA.REC.No.16/30.01.002/2021-22,"May 11, 2021","Banking Regulation Act, 1949 – Section 26A Depositor Education and Awareness Fund Scheme, 2014 – Interest rates payable on unclaimed interest bearing deposit",https://rbidocs.rbi.org.in/rdocs/Notification/PDFs/NT3799F5533FB6B84FA0AAD42E56783C670F.PDF,data\full_dataset\rbi\pdf\RBI_2021-22_37_DoR.DEA.REC.No.16_30.01.002_2021-22__340a9630.pdf
12090,RBI/2021-22/36 CO.DGBA.GBD.No.S77/42.01.033/2021-22,"May 10, 2021",Government Agency Business Arrangement – Appointment of Scheduled Private Sector Banks as Agency Banks of Reserve Bank of India (RBI),https://rbidocs.rbi.org.in/rdocs/Notification/PDFs/NT36044EB70002B440518AE11B5BBAFAFBDB.PDF,data\full_dataset\rbi\pdf\RBI_2021-22_36_CO.DGBA.GBD.No.S77_42.01.033_2021-22__acd9cd8b.pdf
12089,RBI/2021-22/35 DOR.AML.REC.No.15/14.01.001/2021-22,"May 10, 2021",Amendment to the Master Direction (MD) on KYC,https://rbidocs.rbi.org.in/rdocs/Notification/PDFs/NT354BE2BCC23B344982BD5793737940EFF3.PDF,data\full_dataset\rbi\pdf\RBI_2021-22_35_DOR.AML.REC.No.15_14.01.001_2021-22__d8ad8b5f.pdf
12088,RBI/2021-2022/34 A.P. (DIR Series) Circular No.03,"May 06, 2021",Exim Bank's Government of India supported Line of Credit (LoC) of USD 7.35 million to the Government of the Republic of Nicaragua,https://rbidocs.rbi.org.in/rdocs/Notification/PDFs/APDIREB64CCD0C484F6464180E9CC6EA1F5D9F4.PDF,data\full_dataset\rbi\pdf\RBI_2021-2022_34_A.P.__DIR_Series__Circular_No.03__2dbf1f80.pdf
12087,RBI/2021-22/33 DoR.RET.REC.14/12.07.150/2021-22,"May 06, 2021","Exclusion of “Lakshmi Vilas Bank Ltd” from the Second Schedule to the Reserve Bank of India Act, 1934",https://rbidocs.rbi.org.in/rdocs/Notification/PDFs/NT3393F5E43FA8FA4E48B507049A585C70F9.PDF,data\full_dataset\rbi\pdf\RBI_2021-22_33_DoR.RET.REC.14_12.07.150_2021-22__4ccde865.pdf
12086,RBI/2021-22/32 DOR.STR.REC.12/21.04.048/2021-22,"May 5, 2021","Resolution Framework 2.0 – Resolution of Covid-19 related stress of Micro, Small and Medium Enterprises (MSMEs)",https://rbidocs.rbi.org.in/rdocs/Notification/PDFs/NOTI32A783110F13B24349902A538A11ED72E6.PDF,data\full_dataset\rbi\pdf\RBI_2021-22_32_DOR.STR.REC.12_21.04.048_2021-22__48d8f848.pdf
12085,RBI/2021-22/31 DOR.STR.REC.11/21.04.048/2021-22,"May 5, 2021",Prudential Framework”,https://rbidocs.rbi.org.in/rdocs/Notification/PDFs/RF20ISB770F1515A4424588B2FD0780898E27BC.PDF,data\full_dataset\rbi\pdf\RBI_2021-22_31_DOR.STR.REC.11_21.04.048_2021-22__38eb43ac.pdf
12084,RBI/2021-22/30 DoR.RET.REC.09/12.01.001/2021-22,"May 05, 2021",Credit to MSME Entrepreneurs,https://rbidocs.rbi.org.in/rdocs/Notification/PDFs/NOT3057B151C412BA4B4FB227505B219FDB44.PDF,data\full_dataset\rbi\pdf\RBI_2021-22_30_DoR.RET.REC.09_12.01.001_2021-22__3e406b87.pdf
12083,RBI/2021-22/29 DOR. AML.REC 13/14.01.001/2021-22,"May 5, 2021",Periodic Updation of KYC – Restrictions on Account Operations for Non-compliance,https://rbidocs.rbi.org.in/rdocs/Notification/PDFs/KYCRAONCB4D781C6093B43CAAA2AC737DA9EF6A4.PDF,data\full_dataset\rbi\pdf\RBI_2021-22_29_DOR._AML.REC_13_14.01.001_2021-22__c5cf63b0.pdf
12082,RBI/2021-22/28 DOR.STR.REC.10/21.04.048/2021-22,"May 5, 2021",Utilisation of Floating Provisions/Counter Cyclical Provisioning Buffer,https://rbidocs.rbi.org.in/rdocs/Notification/PDFs/NT28C2D5AAFF75DD4F2C84B0197C5C11768A.PDF,data\full_dataset\rbi\pdf\RBI_2021-22_28_DOR.STR.REC.10_21.04.048_2021-22__5e3c4a6f.pdf
12081,RBI/2021-22/27 FIDD.CO.Plan.BC.No.10/04.09.01/2021-22,"May 5, 2021",Priority Sector Lending (PSL) - On-lending by Small Finance Banks (SFBs) to NBFC-MFIs,https://rbidocs.rbi.org.in/rdocs/Notification/PDFs/NT27298899B0B1DB4547901CB55F7E642988.PDF,data\full_dataset\rbi\pdf\RBI_2021-22_27_FIDD.CO.Plan.BC.No.10_04.09.01_2021-22__01edc601.pdf
12080,RBI/2021-2022/26 A.P. (DIR Series) Circular No.02,"April 29, 2021",Exim Bank's Government of India supported Line of Credit (LoC) of USD 250 million to the Government of the Republic of Mozambique,https://rbidocs.rbi.org.in/rdocs/Notification/PDFs/APDIRMOZAMBIQUEBE65F068736A4F3688D2525823FB1F11.PDF,data\full_dataset\rbi\pdf\RBI_2021-2022_26_A.P.__DIR_Series__Circular_No.02__b109c4ad.pdf
12079,RBI/2021-22/25 Ref.No.DoS.CO.ARG/SEC.01/08.91.001/2021-22,"April 27, 2021","Guidelines for Appointment of Statutory Central Auditors (SCAs)/Statutory Auditors (SAs) of Commercial Banks (excluding RRBs), UCBs and NBFCs (including HFCs)",https://rbidocs.rbi.org.in/rdocs/Notification/PDFs/NOTI258A67AD30976F44929FA2AB2B41DC805D.PDF,data\full_dataset\rbi\pdf\RBI_2021-22_25_Ref.No.DoS.CO.ARG_SEC.01_08.91.001_2021-22__bcf1860e.pdf
12078,RBI/2021-22/24 DOR.GOV.REC.8/29.67.001/2021-22,"April 26, 2021",Corporate Governance in Banks - Appointment of Directors and Constitution of Committees of the Board,https://rbidocs.rbi.org.in/rdocs/Notification/PDFs/24CORPORATE68CA91B159A2408DB3EBC479471DD2B4.PDF,data\full_dataset\rbi\pdf\RBI_2021-22_24_DOR.GOV.REC.8_29.67.001_2021-22__4b1029ba.pdf
12077,RBI/2021-22/23 DOR.ACC.REC.7/21.02.067/2021-22,"April 22, 2021",Declaration of dividends by banks,https://rbidocs.rbi.org.in/rdocs/Notification/PDFs/DIVIDEND960388A4AF8A487FA518489D433DB564.PDF,data\full_dataset\rbi\pdf\RBI_2021-22_23_DOR.ACC.REC.7_21.02.067_2021-22__33364c82.pdf
12076,RBI/2021-22/22 FIDD.CO.LBS.BC.No.09/02.08.001/2021-22,"April 20, 2021",Formation of new district in the State of Tamil Nadu – Assignment of Lead Bank Responsibility,https://rbidocs.rbi.org.in/rdocs/Notification/PDFs/22TAMILNADU184D4B34FD0A4E28B53FC45C70A247E3.PDF,data\full_dataset\rbi\pdf\RBI_2021-22_22_FIDD.CO.LBS.BC.No.09_02.08.001_2021-22__822ed2b2.pdf
12075,RBI/2021-22/21 DOR.CRE.REC.06/04.02.001/2021-22,"April 12, 2021",Interest Equalization Scheme on Pre and Post Shipment Rupee Export Credit- Extension,https://rbidocs.rbi.org.in/rdocs/Notification/PDFs/21IESEXTN9844BA38B5F44230A3ABF7B193B6CD94.PDF,data\full_dataset\rbi\pdf\RBI_2021-22_21_DOR.CRE.REC.06_04.02.001_2021-22__fd0620ab.pdf
12074,RBI/2021-22/20 DoR.LIC.REC.5/16.13.218/2021-22,"April 8, 2021",Enhancement of limit of maximum balance per customer at end of the day from ₹1 lakh to ₹2 lakh – Payments Banks (PBs),https://rbidocs.rbi.org.in/rdocs/Notification/PDFs/CIRCULAR201A8812790B76445EADA159536B8DB1DC.PDF,data\full_dataset\rbi\pdf\RBI_2021-22_20_DoR.LIC.REC.5_16.13.218_2021-22__ab28b44a.pdf
12073,RBI/2021-22/19 DoR.AML.REC.03/14.06.001/2021-22,"April 08, 2021","Implementation of Section 51A of UAPA, 1967 and Security Council Resolution: Updates to UNSC’s 1267/ 1989 ISIL (Da'esh) & Al-Qaida Sanctions List & Democratic People’s Republic of Korea (DPRK)Order, 2017",https://rbidocs.rbi.org.in/rdocs/Notification/PDFs/19UAPA19671DBB0425664F459DA3459165A4337677.PDF,data\full_dataset\rbi\pdf\RBI_2021-22_19_DoR.AML.REC.03_14.06.001_2021-22__f60f5c65.pdf
12072,RBI/2021-22/18 DGBA.GBD.No.S26/42.01.029/2021-22,"April 07, 2021",Reporting and Accounting of Central Government transactions of March 2021 – Change of date of closure,https://rbidocs.rbi.org.in/rdocs/Notification/PDFs/CIRCULAR186577FE7E44C64FB2AB62B4B44066469B.PDF,data\full_dataset\rbi\pdf\RBI_2021-22_18_DGBA.GBD.No.S26_42.01.029_2021-22__b8ab2191.pdf
12071,RBI/2021-22/17 DOR.STR.REC.4/21.04.048/2021-22,"April 7, 2021",Asset Classification and Income Recognition following the expiry of Covid-19 regulatory package,https://rbidocs.rbi.org.in/rdocs/Notification/PDFs/NOTI175218C22A16A44DCDAA17A278476B00A0.PDF,data\full_dataset\rbi\pdf\RBI_2021-22_17_DOR.STR.REC.4_21.04.048_2021-22__1a6e9c50.pdf
12070,RBI/2021-22/16 A.P. (DIR Series) Circular No. 01,"April 07, 2021",External Commercial Borrowings (ECB) Policy – Relaxation in the period of parking of unutilised ECB proceeds in term deposits,https://rbidocs.rbi.org.in/rdocs/Notification/PDFs/FEDNOTI160B3DB7A38293405698D02D6731941703.PDF,data\full_dataset\rbi\pdf\RBI_2021-22_16_A.P.__DIR_Series__Circular_No._01__4b0826d3.pdf
12069,RBI/2021-22/15 FIDD.CO.Plan.BC.No.8/04.09.01/2021-22,"April 7, 2021",Priority Sector Lending (PSL) - Lending by banks to NBFCs for On-Lending,https://rbidocs.rbi.org.in/rdocs/Notification/PDFs/NOTI15648BE665EB7E4D57AB06F40C4B661797.PDF,data\full_dataset\rbi\pdf\RBI_2021-22_15_FIDD.CO.Plan.BC.No.8_04.09.01_2021-22__bffde347.pdf
12068,RBI/2021-22/14 FIDD.CO.Plan.BC.No.7/04.09.01/2021-22,"April 7, 2021",Priority Sector Lending (PSL) – Increase in limits for bank lending against Negotiable Warehouse Receipts (NWRs) / electronic Negotiable Warehouse Receipts (eNWRs),https://rbidocs.rbi.org.in/rdocs/Notification/PDFs/NOTI14A6FA226DBE8C4CF486903A5E37494309.PDF,data\full_dataset\rbi\pdf\RBI_2021-22_14_FIDD.CO.Plan.BC.No.7_04.09.01_2021-22__c2ce2508.pdf
12067,RBI/2021-22/13 DoR.AUT.REC.2/23.67.001/2021-22,"April 5, 2021","Gold Monetization Scheme (GMS), 2015",https://rbidocs.rbi.org.in/rdocs/Notification/PDFs/13GGMS201585FA6E9AB0C14B29B4E750C9B2EC32EE.PDF,data\full_dataset\rbi\pdf\RBI_2021-22_13_DoR.AUT.REC.2_23.67.001_2021-22__2b81f520.pdf
12066,RBI/2021-22/12 FIDD.GSSD.CO.BC.No.03/09.16.03/2021-22,"April 05, 2021",Deendayal Antyodaya Yojana – National Urban Livelihoods Mission (DAY-NULM),https://rbidocs.rbi.org.in/rdocs/Notification/PDFs/MC12E3B4AB5536804C569FAC978A3A6F474B.PDF,data\full_dataset\rbi\pdf\RBI_2021-22_12_FIDD.GSSD.CO.BC.No.03_09.16.03_2021-22__70b298c4.pdf
12065,RBI/2021-22/11 FIDD.CO.GSSD.BC.No.05/09.09.001/2021-22,"April 05, 2021",Master Circular - Credit facilities to Scheduled Castes (SCs) & Scheduled Tribes (STs),https://rbidocs.rbi.org.in/rdocs/Notification/PDFs/11MCSCST9C78D6603E0D40049552290231B97944.PDF,data\full_dataset\rbi\pdf\RBI_2021-22_11_FIDD.CO.GSSD.BC.No.05_09.09.001_2021-22__8d6337f2.pdf
12064,RBI/2021-22/04 FIDD.CO.LBS.BC.No.02/02.01.001/2021-22,"April 01, 2021",Master Circular – Lead Bank Scheme,https://rbidocs.rbi.org.in/rdocs/Notification/PDFs/MC047187B0B1A4014AE8A3C74CC072C2FDF0.PDF,data\full_dataset\rbi\pdf\RBI_2021-22_04_FIDD.CO.LBS.BC.No.02_02.01.001_2021-22__291b4b88.pdf
12063,RBI/2021-22/09 FIDD.CO.FID.BC.No.06/12.01.033/2021-22,"April 01, 2021",Master Circular on SHG-Bank Linkage Programme,https://rbidocs.rbi.org.in/rdocs/Notification/PDFs/09MCSHG010321E459EEE402F148CAACA2C3C7AB3FFDDE.PDF,data\full_dataset\rbi\pdf\RBI_2021-22_09_FIDD.CO.FID.BC.No.06_12.01.033_2021-22__1c9d854e.pdf
12062,RBI/2021-22/05 FIDD.GSSD.CO.BC.No.04/09.01.01/2021-22,"April 01, 2021",Master Circular – Deendayal Antyodaya Yojana - National Rural Livelihoods Mission (DAY-NRLM),https://rbidocs.rbi.org.in/rdocs/Notification/PDFs/05MC86AB4DADBB044065B42E355489FB232B.PDF,data\full_dataset\rbi\pdf\RBI_2021-22_05_FIDD.GSSD.CO.BC.No.04_09.01.01_2021-22__33df67cc.pdf
12061,"RBI/2021-22/78 FMRD.DIRD.01/14.01.001/2021-22 April 01, 2021 ( Updated as","June 08, 2023","Master Direction - Reserve Bank of India (Call, Notice and Term Money Markets) Directions, 2021 (Updated as on June 08, 2023)",https://rbidocs.rbi.org.in/rdocs/Notification/PDFs/78CALL95561D4E6ED4441EAE8AB0763E9B5DAE.PDF,data\full_dataset\rbi\pdf\RBI_2021-22_78_FMRD.DIRD.01_14.01.001_2021-22_April_01__2021___Updated_as__aeaec014.pdf
12060,RBI/2021-22/10 DOR.AML.BC.No.1/14.01.001/2021-22,"April 1, 2021",Amendment to Master Direction (MD) on KYC – KYC norms for Self Help Groups (SHGs),https://rbidocs.rbi.org.in/rdocs/Notification/PDFs/10MDKYCSHG75E62BB08DC14F35BCE89D381202BAC8.PDF,data\full_dataset\rbi\pdf\RBI_2021-22_10_DOR.AML.BC.No.1_14.01.001_2021-22__6b00d925.pdf
12059,"RBI/2021-22/08 DGBA.GBD.No.S-1/31.02.007/2021-22 April 1, 2021 (Updated as","May 17, 2021","Master Circular - Disbursement of Government Pension by Agency Banks (Updated as on May 17, 2021)",https://rbidocs.rbi.org.in/rdocs/Notification/PDFs/08MC152AA6081E0A4BAA85581FF3E495DD1B.PDF,data\full_dataset\rbi\pdf\RBI_2021-22_08_DGBA.GBD.No.S-1_31.02.007_2021-22_April_1__2021__Updated_as__a40ea6d7.pdf
12058,RBI/2021-22/07 DGBA.GBD.No. S-2/31.12.010/2021-22,"April 1, 2021",Master Circular on Conduct of Government Business by Agency Banks - Payment of Agency Commission,https://rbidocs.rbi.org.in/rdocs/Notification/PDFs/07MCPA0104213EE5524ACA774D649F2E2D4CFAA8EF5A.PDF,data\full_dataset\rbi\pdf\RBI_2021-22_07_DGBA.GBD.No._S-2_31.12.010_2021-22__c89855f2.pdf
12057,RBI/2021-22/06 FIDD.GSSD.BC.No.01/09.10.01/2021-22,"April 01, 2021",Master Circular - Credit Facilities to Minority Communities,https://rbidocs.rbi.org.in/rdocs/Notification/PDFs/06MC0104202179FF2AC1BF9045F78977F444F98FF4E2.PDF,data\full_dataset\rbi\pdf\RBI_2021-22_06_FIDD.GSSD.BC.No.01_09.10.01_2021-22__b9adeb05.pdf
12056,RBI/2021-22/77 Master Direction DCM (CC) No.G-4/03.35.01/2021-22,"April 01, 2021",Master Direction on Levy of Penal Interest for Delayed Reporting / Wrong Reporting / Non-Reporting of Currency Chest Transactions and Inclusion of Ineligible Amounts in Currency Chest Balances,https://rbidocs.rbi.org.in/rdocs/Notification/PDFs/77MD01042021E0839C3AEC50408A8570A02A57D40E4F.PDF,data\full_dataset\rbi\pdf\RBI_2021-22_77_Master_Direction_DCM__CC__No.G-4_03.35.01_2021-22__0df60870.pdf
12055,RBI/2021-22/76 Master Direction DCM (CC) No.G-2/03.41.01/2021-22,"April 01, 2021",Master Direction on “Currency Distribution & Exchange Scheme (CDES)” for bank branches including currency chests based on performance in rendering customer service to members of public,https://rbidocs.rbi.org.in/rdocs/Notification/PDFs/76MD0104202105B64EDB81304720A2AB3A7C88AC9276.PDF,data\full_dataset\rbi\pdf\RBI_2021-22_76_Master_Direction_DCM__CC__No.G-2_03.41.01_2021-22__7e83af72.pdf
12054,RBI/2021-22/03 DCM (CC) No.G-3/03.44.01/2021-22,"April 01, 2021",Master Circular – Scheme of Penalties for bank branches including Currency Chests based on performance in rendering customer service to the members of public,https://rbidocs.rbi.org.in/rdocs/Notification/PDFs/03MCB0A3D39FC0414869B906043B14555D26.PDF,data\full_dataset\rbi\pdf\RBI_2021-22_03_DCM__CC__No.G-3_03.44.01_2021-22__5f11e0a8.pdf
12053,RBI/2021-22/02 DCM (FNVD) G–1/16.01.05/2021-22,"April 1, 2021",Master Circular – Detection and Impounding of Counterfeit Notes,https://rbidocs.rbi.org.in/rdocs/Notification/PDFs/02MC01042021C364C7AD625649A7A9C57BEB1CA5EC3A.PDF,data\full_dataset\rbi\pdf\RBI_2021-22_02_DCM__FNVD__G_1_16.01.05_2021-22__1e82c9d0.pdf
12052,RBI/2021-22/01 DCM (NE) No.G-4/08.07.18/2021-22,"April 01, 2021",Master Circular – Facility for Exchange of Notes and Coins,https://rbidocs.rbi.org.in/rdocs/Notification/PDFs/01MC9526405080D34AA9A63980269F1135D7.PDF,data\full_dataset\rbi\pdf\RBI_2021-22_01_DCM__NE__No.G-4_08.07.18_2021-22__5d392556.pdf
12051,RBI/2020-21/118 CO.DPSS.POLC.No.S34/02-14-003/2020-2021,"March 31, 2021",Framework for processing of e-mandates for recurring online transactions,https://rbidocs.rbi.org.in/rdocs/Notification/PDFs/NOT11820DB6EC9DF8A4611926B0A897918D64F.PDF,data\full_dataset\rbi\pdf\RBI_2020-21_118_CO.DPSS.POLC.No.S34_02-14-003_2020-2021__7fe1d523.pdf
12050,RBI/2020-21/117 CO.DPSS.POLC.No.S33/02-14-008/2020-2021,"March 31, 2021",Guidelines on Regulation of Payment Aggregators and Payment Gateways,https://rbidocs.rbi.org.in/rdocs/Notification/PDFs/117PAPG9843C1A859604EF88E071B7149F43806.PDF,data\full_dataset\rbi\pdf\RBI_2020-21_117_CO.DPSS.POLC.No.S33_02-14-008_2020-2021__9e83eede.pdf
12049,RBI/2020-21/116 A.P. (DIR Series) Circular No. 14,"March 31, 2021",Investment by Foreign Portfolio Investors (FPI): Investment limits,https://rbidocs.rbi.org.in/rdocs/Notification/PDFs/116FPI2CE2D2E74BD54A239A3C55999754FC44.PDF,data\full_dataset\rbi\pdf\RBI_2020-21_116_A.P.__DIR_Series__Circular_No._14__9de79d1f.pdf
12048,RBI/2020-21/115 DOR.CAP.51/21.06.201/2020-21,"March 30, 2021",Bilateral Netting of Qualified Financial Contracts- Amendments to Prudential Guidelines,https://rbidocs.rbi.org.in/rdocs/Notification/PDFs/115BILATERAL914F4BE404BB44729CD1CE12478BBED0.PDF,data\full_dataset\rbi\pdf\RBI_2020-21_115_DOR.CAP.51_21.06.201_2020-21__27b9d507.pdf
12047,"RBI/2020-21/114 DPSS.CO.RPPD.No./SUO 28065/03.01.02/2020-21 March 26, 2021","March 31, 2021","Special Clearing operations on March 31, 2021",https://rbidocs.rbi.org.in/rdocs/Notification/PDFs/NT1145D59B3C0926C4800B5C5F38A47B9A4E5.PDF,data\full_dataset\rbi\pdf\RBI_2020-21_114_DPSS.CO.RPPD.No._SUO_28065_03.01.02_2020-21_March_26__2021__2dc87256.pdf
12046,RBI/2020-21/113 A.P. (DIR Series) Circular No.13,"March 25, 2021",FETERS – Cards: Monthly Reporting,https://rbidocs.rbi.org.in/rdocs/Notification/PDFs/NT1130276565F0A5243C494164782206B005D.PDF,data\full_dataset\rbi\pdf\RBI_2020-21_113_A.P.__DIR_Series__Circular_No.13__95e73ab7.pdf
12045,RBI/2020-21/112 DGBA.GBD.No.S212/42.01.029/2020-21,"March 25, 2021",Annual Closing of Government Accounts – Transactions of Central / State Governments – Special Measures for the Current Financial Year (2020-21),https://rbidocs.rbi.org.in/rdocs/Notification/PDFs/NT112389D762C6A2E483CBF28A1B0BDB54CEA.PDF,data\full_dataset\rbi\pdf\RBI_2020-21_112_DGBA.GBD.No.S212_42.01.029_2020-21__44653cc2.pdf
12044,RBI/2020-21/111 DOR.AML.BC.No.50/14.06.001/2020-21,"March 24, 2021","Implementation of Section 51A of UAPA, 1967: Updates to UNSC’s 1267/ 1989 ISIL (Da'esh) & Al-Qaida Sanctions List – Amendment of 8 entries",https://rbidocs.rbi.org.in/rdocs/Notification/PDFs/NOT1119160112A6FCC440C9486E950E1BEEE9A.PDF,data\full_dataset\rbi\pdf\RBI_2020-21_111_DOR.AML.BC.No.50_14.06.001_2020-21__bcc173a8.pdf
12043,,"March 23, 2021","Master Direction - Amalgamation of Urban Cooperative Banks, Directions, 2020",https://rbidocs.rbi.org.in/rdocs/Notification/PDFs/MD75603FFA40C55D4C31B13569FB8EA3B9B7.PDF,data\full_dataset\rbi\pdf\Master_Direction_-_Amalgamation_of_Urban_Cooperative_Banks__Directions__2020__c4b784c8.pdf
12042,RBI/2020-21/110 DOR.AML.REC.48/14.01.001/2020-21,"March 23, 2021","Amendment to Master Direction (MD) on KYC – Procedure for Implementation of Section 51A of the Unlawful Activities (Prevention) Act, 1967",https://rbidocs.rbi.org.in/rdocs/Notification/PDFs/110UAPAORDER09B2B505B12541D69FC735EAD47ABFB1.PDF,data\full_dataset\rbi\pdf\RBI_2020-21_110_DOR.AML.REC.48_14.01.001_2020-21__63843a20.pdf
12041,RBI/2020-21/109 DOR.No.CRE.BC.47/21.01.003/2020-21,"March 23, 2021",Large Exposures Framework – Deferment of applicability of limits on non-centrally cleared derivatives exposures,https://rbidocs.rbi.org.in/rdocs/Notification/PDFs/NT1096A92563DD0F7466D80A913710EDDC161.PDF,data\full_dataset\rbi\pdf\RBI_2020-21_109_DOR.No.CRE.BC.47_21.01.003_2020-21__037d0e01.pdf
12040,RBI/2020-21/108 DGBA.GBD.No.S-140/42.01.029/2020-21,"March 18, 2021",Reporting and Accounting of Central Government transactions of March 2021,https://rbidocs.rbi.org.in/rdocs/Notification/PDFs/108RESIDUALA1966F0198FE40EC95F31C3DBB2B6D25.PDF,data\full_dataset\rbi\pdf\RBI_2020-21_108_DGBA.GBD.No.S-140_42.01.029_2020-21__0908cd2a.pdf
12039,RBI/2020-21/107 DPSS.CO.RPPD.No.SUO 21102/04.07.005/2020-21,"March 15, 2021",Extension of Cheque Truncation System (CTS) across all bank branches in the country,https://rbidocs.rbi.org.in/rdocs/Notification/PDFs/NOT107B278DEAA1D394D6C9CD0C33ACC65A220.PDF,data\full_dataset\rbi\pdf\RBI_2020-21_107_DPSS.CO.RPPD.No.SUO_21102_04.07.005_2020-21__8e1c8b89.pdf
12038,RBI/2020-21/106 DoR.FIN.REC.46/20.16.056/2020-21,"March 12, 2021",Data Format for Furnishing of Credit Information to Credit Information Companies and other Regulatory Measures,https://rbidocs.rbi.org.in/rdocs/Notification/PDFs/106CICSF654BB7394E3478282F8F48B0A649A9C.PDF,data\full_dataset\rbi\pdf\RBI_2020-21_106_DoR.FIN.REC.46_20.16.056_2020-21__c7c29703.pdf
12037,RBI/2020-21/105 A.P. (DIR Series) Circular No. 12,"February 26, 2021",Investment by Foreign Portfolio Investors (FPI) in Defaulted Bonds - Relaxations,https://rbidocs.rbi.org.in/rdocs/Notification/PDFs/NT1057E2778B6544441E7BE16C626E211796C.PDF,data\full_dataset\rbi\pdf\RBI_2020-21_105_A.P.__DIR_Series__Circular_No._12__c0ee4bd5.pdf
12036,RBI/2020-21/104 DOR.No.CRE.BC.45/21.01.003/2020-21,"February 24, 2021",Large Exposures Framework – Exemptions,https://rbidocs.rbi.org.in/rdocs/Notification/PDFs/NT104B18B864DB546470F94BBBD241515EB6C.PDF,data\full_dataset\rbi\pdf\RBI_2020-21_104_DOR.No.CRE.BC.45_21.01.003_2020-21__f5136a94.pdf
12035,RBI/2020-21/103 DOR.AML.BC.No.44/14.06.001/2020-21,"February 24, 2021","Implementation of Section 51A of UAPA, 1967: Updates to UNSC’s 1267/ 1989 ISIL (Da'esh) & Al-Qaida Sanctions List – Amendment of 92 entries",https://rbidocs.rbi.org.in/rdocs/Notification/PDFs/NOTI103628D7A0867304A3582EA2949CAA68520.PDF,data\full_dataset\rbi\pdf\RBI_2020-21_103_DOR.AML.BC.No.44_14.06.001_2020-21__a11e5c18.pdf
12034,RBI/2020-21/102 DOR.No.Ret.BC.43/12.07.150/2020-21,"February 22, 2021","Inclusion of “Fino Payments Bank Limited” in the Second Schedule of the Reserve Bank of India Act, 1934",https://rbidocs.rbi.org.in/rdocs/Notification/PDFs/NT10222AA16AA7FFD47D5B0C2B5ED75196F21.PDF,data\full_dataset\rbi\pdf\RBI_2020-21_102_DOR.No.Ret.BC.43_12.07.150_2020-21__ec8c39a1.pdf
12033,RBI/2020-21/101 DOR.AML.BC.No.42/14.06.001/2020-21,"February 22, 2021","Implementation of Section 51A of UAPA, 1967: Updates to UNSC’s 1267/ 1989 ISIL (Da'esh) & Al-Qaida Sanctions List – Deletion of two entries",https://rbidocs.rbi.org.in/rdocs/Notification/PDFs/NOTI101B096876A5D67498288183A833709FF4F.PDF,data\full_dataset\rbi\pdf\RBI_2020-21_101_DOR.AML.BC.No.42_14.06.001_2020-21__d83b3bf1.pdf
12032,RBI/2020-21/74 DoS.CO.CSITE.SEC.No.1852/31.01.015/2020-21,"February 18, 2021",Master Direction on Digital Payment Security Controls,https://rbidocs.rbi.org.in/rdocs/Notification/PDFs/MD7493544C24B5FC47D0AB12798C61CDB56F.PDF,data\full_dataset\rbi\pdf\RBI_2020-21_74_DoS.CO.CSITE.SEC.No.1852_31.01.015_2020-21__e22b96e4.pdf
12031,RBI/2020-21/100 DOR.No.MRG.BC.41/21.06.200/2020-21,"February 17, 2021",Capital and provisioning requirements for exposures to entities with Unhedged Foreign Currency Exposure,https://rbidocs.rbi.org.in/rdocs/Notification/PDFs/NT100D31B25993A3D4DE4A911695BF1F33F1B.PDF,data\full_dataset\rbi\pdf\RBI_2020-21_100_DOR.No.MRG.BC.41_21.06.200_2020-21__50fb7298.pdf
12030,"RBI/2020-21/73 DOR.FIN.HFC.CC.No.120/03.10.136/2020-21 February 17, 2021 (","July 17, 2025","* Since this Master Direction has been significantly amended, it has been replaced rather than showing the changes in track mode for reader convenience.",https://rbidocs.rbi.org.in/rdocs/Notification/PDFs/MD10007CE48ADE2FB4BF981444FE1349E3B71.PDF,data\full_dataset\rbi\pdf\RBI_2020-21_73_DOR.FIN.HFC.CC.No.120_03.10.136_2020-21_February_17__2021____c88e895b.pdf
12029,RBI/2020-21/99 A.P. (DIR Series) Circular No. 11,"February 16, 2021",Remittances to International Financial Services Centres (IFSCs) in India under the Liberalised Remittance Scheme (LRS),https://rbidocs.rbi.org.in/rdocs/Notification/PDFs/NT9952781DE54AA141D3B89703E895DDA10C.PDF,data\full_dataset\rbi\pdf\RBI_2020-21_99_A.P.__DIR_Series__Circular_No._11__cc9bf4e2.pdf
12028,RBI/2020-21/98 A. P. (DIR Series) Circular No. 10,"February 15, 2021",Margin for Derivative Contracts,https://rbidocs.rbi.org.in/rdocs/Notification/PDFs/NT98828A7AD710634B02A0F6C8AF1D8C3E53.PDF,data\full_dataset\rbi\pdf\RBI_2020-21_98_A._P.__DIR_Series__Circular_No._10__8a07af57.pdf
12027,RBI/2020-2021/97 DOR.CO.LIC.CC No.119/03.10.001/2020-21,"February 12, 2021",Investment in NBFCs from FATF non-compliant jurisdictions,https://rbidocs.rbi.org.in/rdocs/Notification/PDFs/NBFCS8FEB3B6C99654335837E941464F7ACB9.PDF,data\full_dataset\rbi\pdf\RBI_2020-2021_97_DOR.CO.LIC.CC_No.119_03.10.001_2020-21__552ecf57.pdf
12026,RBI/2020-2021/96 A.P. (DIR Series) Circular No. 09,"February 11, 2021",Exim Bank's Government of India supported Line of Credit (LoC) of USD 400 million to the Government of the Republic of Maldives,https://rbidocs.rbi.org.in/rdocs/Notification/PDFs/NT96FB110220218645C56849F7406C9F871157DCF6CCFB.PDF,data\full_dataset\rbi\pdf\RBI_2020-2021_96_A.P.__DIR_Series__Circular_No._09__8e62c76c.pdf
12025,RBI/2020-21/95 DOR.No.LRG.BC.40/21.04.098/2020-21,"February 05, 2021",Basel III Framework on Liquidity Standards – Net Stable Funding Ratio (NSFR),https://rbidocs.rbi.org.in/rdocs/Notification/PDFs/NOT95EB1EE51B5BC343B19C8AE97276DD7144.PDF,data\full_dataset\rbi\pdf\RBI_2020-21_95_DOR.No.LRG.BC.40_21.04.098_2020-21__38e6a4d3.pdf
12024,RBI/2020-21/94 DOR.No.MRG.BC.39/21.04.141/2020-21,"February 5, 2021",SLR holdings in HTM category,https://rbidocs.rbi.org.in/rdocs/Notification/PDFs/94NOTI0502218B3F31AED8284FE39EA3235FB9039391.PDF,data\full_dataset\rbi\pdf\RBI_2020-21_94_DOR.No.MRG.BC.39_21.04.141_2020-21__322391cf.pdf
12023,RBI/2020-21/93 DOR.CAP.BC.No.34/21.06.201/2020-21,"February 5, 2021",Basel III Capital Regulations- Review of transitional arrangements,https://rbidocs.rbi.org.in/rdocs/Notification/PDFs/93NOTI0502215A0D7DBE3908475BA04A550F0143608A.PDF,data\full_dataset\rbi\pdf\RBI_2020-21_93_DOR.CAP.BC.No.34_21.06.201_2020-21__58c34231.pdf
12022,RBI/2020-21/92 DOR.No.Ret.BC.37/12.01.001/2020-21,"February 05, 2021",Credit to MSME Entrepreneurs,https://rbidocs.rbi.org.in/rdocs/Notification/PDFs/MSME77613028320347F586690D58422C2BD5.PDF,data\full_dataset\rbi\pdf\RBI_2020-21_92_DOR.No.Ret.BC.37_12.01.001_2020-21__2f39473a.pdf
12021,RBI/2020-21/91 DOR.No.Ret.BC.36/12.01.001/2020-21,"February 05, 2021","Section 24 of the Banking Regulation Act, 1949 – Maintenance of Statutory Liquidity Ratio (SLR) – Marginal Standing Facility (MSF) - Extension of Relaxation",https://rbidocs.rbi.org.in/rdocs/Notification/PDFs/91MSFFA148464536F4A01B84898EBBD92F178.PDF,data\full_dataset\rbi\pdf\RBI_2020-21_91_DOR.No.Ret.BC.36_12.01.001_2020-21__610ba8c2.pdf
12020,RBI/2020-21/90 DOR.No.Ret.BC.35/12.01.001/2020-21,"February 5, 2021",Maintenance of Cash Reserve Ratio (CRR),https://rbidocs.rbi.org.in/rdocs/Notification/PDFs/90CRR3E456265FD1D4B918D55E174F2FC6FE7.PDF,data\full_dataset\rbi\pdf\RBI_2020-21_90_DOR.No.Ret.BC.35_12.01.001_2020-21__00f4089b.pdf
12019,RBI/2020-21/89 DOR.CRG.CRS.Cir.No.5/13.05.000/2020-21,"February 5, 2021","Loans and advances to directors, their relatives, and firms / concerns in which they are interested",https://rbidocs.rbi.org.in/rdocs/Notification/PDFs/NOT89283B021843E74DC2A94B60BB857744E4.PDF,data\full_dataset\rbi\pdf\RBI_2020-21_89_DOR.CRG.CRS.Cir.No.5_13.05.000_2020-21__ab3a7e4d.pdf
12018,RBI/2020-21/88 Ref.No.DoS.CO.PPG./SEC.05/11.01.005/2020-21,"February 03, 2021",Risk-Based Internal Audit (RBIA),https://rbidocs.rbi.org.in/rdocs/Notification/PDFs/88NBFCSUCBS9C069C43CFCB494795E304AC9D23C87F.PDF,data\full_dataset\rbi\pdf\RBI_2020-21_88_Ref.No.DoS.CO.PPG._SEC.05_11.01.005_2020-21__1a0d7049.pdf
12017,RBI/2020-21/87 CEPD.CO.PRD.Cir.No.01/13.01.013/2020-21,"January 27, 2021",Strengthening of Grievance Redress Mechanism in Banks,https://rbidocs.rbi.org.in/rdocs/Notification/PDFs/CEPD3E807AD7C9B34A26B485596498C5FDF2.PDF,data\full_dataset\rbi\pdf\RBI_2020-21_87_CEPD.CO.PRD.Cir.No.01_13.01.013_2020-21__51f12c9c.pdf
12016,RBI/2020-21/86 DOR.No.CRE.BC.33/21.06.007/2020-21,"January 27, 2021",Prudential Guidelines on Capital Adequacy and Market Discipline - New Capital Adequacy Framework (NCAF) - Eligible Credit Rating Agencies – CRISIL Ratings Limited,https://rbidocs.rbi.org.in/rdocs/Notification/PDFs/FECRA270120218ACD19494EBA4656BF2958F59ECE7FD7.PDF,data\full_dataset\rbi\pdf\RBI_2020-21_86_DOR.No.CRE.BC.33_21.06.007_2020-21__a512f518.pdf
12015,RBI/2020-21/85 DOR.AML.No.32/14.06.001/2020-21,"January 25, 2021",Implementation of United Nations Security Council Resolution (UNSCR) - 1518 (2003) Sanctions Committee List – Updated UNSCR 1518 list and Removal of Two Individuals from the Sanctions List,https://rbidocs.rbi.org.in/rdocs/Notification/PDFs/NOT85C867F20DF420445288238B0F5953CA68.PDF,data\full_dataset\rbi\pdf\RBI_2020-21_85_DOR.AML.No.32_14.06.001_2020-21__79bb92bc.pdf
12014,,"January 08, 2021","Foreign Exchange Management (Export of Goods and Services) (Amendment) Regulations, 2021",https://rbidocs.rbi.org.in/rdocs/Notification/PDFs/FEMA237A482EDEB9C647469877E7AB32D04EE0.PDF,data\full_dataset\rbi\pdf\Foreign_Exchange_Management__Export_of_Goods_and_Services___Amendment__Regulations__2021__136fd965.pdf
12013,RBI/2020-21/84 DGBA.GBD.No.SUO 546/45.01.001/2020-21,"January 21, 2021",Withdrawal of circulars - on Recovery of excess pension made to pensioners,https://rbidocs.rbi.org.in/rdocs/Notification/PDFs/NOTI84E210120215F3C96E4951C48F1BC4EAA53939D5183.PDF,data\full_dataset\rbi\pdf\RBI_2020-21_84_DGBA.GBD.No.SUO_546_45.01.001_2020-21__ab6a2911.pdf
12012,,"December 03, 2020","Foreign Exchange Management (Export and Import of Currency) (Second Amendment) Regulations, 2020",https://rbidocs.rbi.org.in/rdocs/Notification/PDFs/6RFEMA03122020BFDB8E58BEDA4E0CB99472F3223B8FB4.PDF,data\full_dataset\rbi\pdf\Foreign_Exchange_Management__Export_and_Import_of_Currency___Second_Amendment__Regulations__2020__b8f68dd0.pdf
12011,RBI/2020-21/83 Ref.No.DoS.CO.PPG./SEC.04/11.01.005/2020-21,"January 07, 2021",Risk Based Internal Audit (RBIA) Framework – Strengthening Governance arrangements,https://rbidocs.rbi.org.in/rdocs/Notification/PDFs/SCBSRBIA879C4EA3C1B741E884EA035CB6883AFF.PDF,data\full_dataset\rbi\pdf\RBI_2020-21_83_Ref.No.DoS.CO.PPG._SEC.04_11.01.005_2020-21__66c6636f.pdf
12010,RBI/2020-21/82 DPSS.CO.OD No.901/06.24.001/2020-21,"January 05, 2021",Introduction of Legal Entity Identifier for Large Value Transactions in Centralised Payment Systems,https://rbidocs.rbi.org.in/rdocs/Notification/PDFs/NEFT65551DCFBD1E41E6ACBD1B5D89F01329.PDF,data\full_dataset\rbi\pdf\RBI_2020-21_82_DPSS.CO.OD_No.901_06.24.001_2020-21__f55bf6ec.pdf
12009,"RBI/2020-21/81 DPSS.CO.AD No.900/02.29.005/2020-21 January 05, 2021 ( Upda","June 09, 2022","Operationalisation of Payments Infrastructure Development Fund (PIDF) Scheme (Updated as on June 09, 2022)",https://rbidocs.rbi.org.in/rdocs/Notification/PDFs/NOT81766182E7EBA04921A35B2EF835F4CA1E.PDF,data\full_dataset\rbi\pdf\RBI_2020-21_81_DPSS.CO.AD_No.900_02.29.005_2020-21_January_05__2021___Upda__0a2801a6.pdf
12008,RBI/2020-21/80 DOR.AML.BC.No.31/14.01.001/2020-21,"December 18, 2020",Amendment to Master Direction (MD) on KYC – Centralized KYC Registry – Roll out of Legal Entity Template & other changes,https://rbidocs.rbi.org.in/rdocs/Notification/PDFs/CKYCRLEB3990A3432AC4BAB95D7A77854CE011F.PDF,data\full_dataset\rbi\pdf\RBI_2020-21_80_DOR.AML.BC.No.31_14.01.001_2020-21__3b7840a2.pdf
12007,RBI/2020-21/79 DOR.No.BP.BC.30/21.04.048/2020-21,"December 14, 2020",Opening of Current Accounts by Banks - Need for Discipline,https://rbidocs.rbi.org.in/rdocs/Notification/PDFs/NT79BEFBE49F47254D13BB6B11B5F57EB312.PDF,data\full_dataset\rbi\pdf\RBI_2020-21_79_DOR.No.BP.BC.30_21.04.048_2020-21__34ff5f2c.pdf
12006,RBI/2020-21/78 FMRD.DIRD.01/14.01.001/2020-21,"December 04, 2020",Regional Rural Banks - Access to Call/Notice/Term Money Market,https://rbidocs.rbi.org.in/rdocs/Notification/PDFs/NT7860075FB425D74B1EB180BC896B28503B.PDF,data\full_dataset\rbi\pdf\RBI_2020-21_78_FMRD.DIRD.01_14.01.001_2020-21__b1b335cf.pdf
12005,RBI/2020-21/77 A.P. (DIR Series) Circular No. 08,"December 04, 2020",External Trade – Facilitation - Export of Goods and Services,https://rbidocs.rbi.org.in/rdocs/Notification/PDFs/APDIR08DCB570D45FF14E369652F751858C99F8.PDF,data\full_dataset\rbi\pdf\RBI_2020-21_77_A.P.__DIR_Series__Circular_No._08__1198296b.pdf
12004,RBI/2020-21/76 DOR.RRB.No.28/31.01.001/2020-21,"December 4, 2020",Introduction of Liquidity Adjustment Facility (LAF) and Marginal Standing Facility (MSF) for Regional Rural Banks (RRBs),https://rbidocs.rbi.org.in/rdocs/Notification/PDFs/LAFMSFRRBSFCB697090CF848E599D3BDE570170E62.PDF,data\full_dataset\rbi\pdf\RBI_2020-21_76_DOR.RRB.No.28_31.01.001_2020-21__e4553c69.pdf
12003,RBI/2020-21/75 DOR.BP.BC.No.29/21.02.067/2020-21,"December 4, 2020",Declaration of dividends by banks,https://rbidocs.rbi.org.in/rdocs/Notification/PDFs/FCDDB04122020B1DB6FFC64A34EC39CFA0AFC041F6C61.PDF,data\full_dataset\rbi\pdf\RBI_2020-21_75_DOR.BP.BC.No.29_21.02.067_2020-21__c57fd03e.pdf
12002,RBI/2020-21/74 DPSS.CO.PD No.754/02.14.003/2020-21,"December 04, 2020",Processing of e-mandates for recurring transactions,https://rbidocs.rbi.org.in/rdocs/Notification/PDFs/DPSSSIDEC420205A3895EA5B6044F2B4AB7A133FE35AD7.PDF,data\full_dataset\rbi\pdf\RBI_2020-21_74_DPSS.CO.PD_No.754_02.14.003_2020-21__22077c5e.pdf
12001,RBI/2020-21/73 DPSS.CO.OD.No.753/06.08.005/2020-21,"December 4, 2020","Authorisation of entities for operating a Payment System under the Payment and Settlement Systems Act, 2007 (PSS Act) – Introduction of Cooling Period",https://rbidocs.rbi.org.in/rdocs/Notification/PDFs/CCOOLP04122020E4CFB01303914938B4FFD748C70B78FF.PDF,data\full_dataset\rbi\pdf\RBI_2020-21_73_DPSS.CO.OD.No.753_06.08.005_2020-21__0c7dffc0.pdf
12000,RBI/2020-21/72 DPSS.CO.AD.No.724/02.27.005/2020-21,"December 4, 2020","Perpetual Validity for Certificate of Authorisation (CoA) issued to Payment System Operators (PSOs) under Payment and Settlement Systems Act, 2007 (PSS Act)",https://rbidocs.rbi.org.in/rdocs/Notification/PDFs/PERPETUALVALIDITYC0F91C5C3F45452A8EA77FF11E0AC048.PDF,data\full_dataset\rbi\pdf\RBI_2020-21_72_DPSS.CO.AD.No.724_02.27.005_2020-21__fdcadabe.pdf
11999,RBI/2020-21/71 DPSS.CO.PD No.752/02.14.003/2020-21,"December 04, 2020",Card transactions in Contactless mode - Relaxation in requirement of Additional Factor of Authentication,https://rbidocs.rbi.org.in/rdocs/Notification/PDFs/DPSSE57ACE9964684AC0A788A3587FB2C08A.PDF,data\full_dataset\rbi\pdf\RBI_2020-21_71_DPSS.CO.PD_No.752_02.14.003_2020-21__76af7d08.pdf
11998,RBI/2020-21/70 DPSS (CO) RTGS No.750/04.04.016/2020-21,"December 04, 2020",24x7 Availability of Real Time Gross Settlement (RTGS) System,https://rbidocs.rbi.org.in/rdocs/Notification/PDFs/RTGS24X71798171F014C4AF18C755BAA2AECE838.PDF,data\full_dataset\rbi\pdf\RBI_2020-21_70_DPSS__CO__RTGS_No.750_04.04.016_2020-21__9c726cf1.pdf
11997,RBI/2020-21/69 A.P. (DIR Series) Circular No. 07,"November 23, 2020",Establishment of Branch Office (BO) / Liaison Office (LO) / Project Office (PO) or any other place of business in India by foreign law firms,https://rbidocs.rbi.org.in/rdocs/Notification/PDFs/APDIR0798DFFED77933459F8FEDF0E4754D20B2.PDF,data\full_dataset\rbi\pdf\RBI_2020-21_69_A.P.__DIR_Series__Circular_No._07__5ee67674.pdf
11996,RBI/2020-21/68 DPSS.CO.PD.No.660/02.14.008/2020-21,"November 17, 2020",Maintenance of Escrow Account with a Scheduled Commercial Bank,https://rbidocs.rbi.org.in/rdocs/Notification/PDFs/NOT68A141A71A5CC24F4FBFB9DF8C9986B079.PDF,data\full_dataset\rbi\pdf\RBI_2020-21_68_DPSS.CO.PD.No.660_02.14.008_2020-21__4dea62dc.pdf
11995,RBI/2020-21/67 A.P. (DIR Series) Circular No. 06,"November 17, 2020","Foreign Exchange Management Act, 1999 (FEMA)- Compounding of Contraventions under FEMA, 1999",https://rbidocs.rbi.org.in/rdocs/Notification/PDFs/APDIRS62545AA7432734B31BD5B59601E49AA6C.PDF,data\full_dataset\rbi\pdf\RBI_2020-21_67_A.P.__DIR_Series__Circular_No._06__857a88c7.pdf
11994,RBI/2020-21/66 A.P. (DIR Series) Circular No. 05,"November 13, 2020","Discontinuation of Returns/Reports under Foreign Exchange Management Act, 1999",https://rbidocs.rbi.org.in/rdocs/Notification/PDFs/APDIR05CE737874637145C7ACB6287F1848E5E9.PDF,data\full_dataset\rbi\pdf\RBI_2020-21_66_A.P.__DIR_Series__Circular_No._05__e30141cb.pdf
11993,RBI/2020-21/65 FIDD.CO.LBS.BC.No.09/02.08.001/2020-21,"November 13, 2020",Formation of new district in the State of Nagaland – Assignment of Lead Bank Responsibility,https://rbidocs.rbi.org.in/rdocs/Notification/PDFs/NEWDISTRICTNAGALAND46D16723A0C04329AADAABAAF7BABFD7.PDF,data\full_dataset\rbi\pdf\RBI_2020-21_65_FIDD.CO.LBS.BC.No.09_02.08.001_2020-21__4836acc3.pdf
11992,RBI/2020-2021/64 A.P. (DIR Series) Circular No. 04,"November 05, 2020",Exim Bank's Government of India supported Line of Credit (LoC) of USD 20.10 million to the Government of the Republic of Nicaragua,https://rbidocs.rbi.org.in/rdocs/Notification/PDFs/65APDIR6AC968E2D682418A91ADF65A6DB1DA95.PDF,data\full_dataset\rbi\pdf\RBI_2020-2021_64_A.P.__DIR_Series__Circular_No._04__ac96dacf.pdf
11991,RBI/2020-21/63 FIDD.CO.Plan.BC.No.8/04.09.01/2020-21,"November 05, 2020",Co-Lending by Banks and NBFCs to Priority Sector,https://rbidocs.rbi.org.in/rdocs/Notification/PDFs/NT6300DF94088B674E7FB6FC7EEC214B0200.PDF,data\full_dataset\rbi\pdf\RBI_2020-21_63_FIDD.CO.Plan.BC.No.8_04.09.01_2020-21__3a155de7.pdf
11990,RBI/2020-21/62 DOR.No.BP.BC.27/21.04.048/2020-21,"November 02, 2020",Opening of Current Accounts by Banks - Need for Discipline,https://rbidocs.rbi.org.in/rdocs/Notification/PDFs/NT62F0712EF9A7044379B8BC0D8E827BE67F.PDF,data\full_dataset\rbi\pdf\RBI_2020-21_62_DOR.No.BP.BC.27_21.04.048_2020-21__00d65ccf.pdf
11989,RBI/2020-21/61 DOR.No.BP.BC.26/21.04.048/2020-21,"October 26, 2020",Scheme for grant of ex-gratia payment of difference between compound interest and simple interest for six months to borrowers in specified loan accounts (1.3.2020 to 31.8.2020),https://rbidocs.rbi.org.in/rdocs/Notification/PDFs/NOTI612B155289A6084BF180E687C96DCB6DC1.PDF,data\full_dataset\rbi\pdf\RBI_2020-21_61_DOR.No.BP.BC.26_21.04.048_2020-21__0ac90d81.pdf
11988,RBI/2020-21/60 DOR.NBFC (HFC).CC.No.118/03.10.136/2020-21,"October 22, 2020",Review of regulatory framework for Housing Finance Companies (HFCs),https://rbidocs.rbi.org.in/rdocs/Notification/PDFs/NT605BE165AA9E8043EFA087339829CCF469.PDF,data\full_dataset\rbi\pdf\RBI_2020-21_60_DOR.NBFC__HFC_.CC.No.118_03.10.136_2020-21__40dfcbbe.pdf
11987,RBI/2020-21/59 DPSS.CO.PD.No.497/02.14.003/2020-21,"October 22, 2020",Digital Payment Transactions – Streamlining QR Code infrastructure,https://rbidocs.rbi.org.in/rdocs/Notification/PDFs/NT597FAB5678F14F46359E7B535EBDE0E412.PDF,data\full_dataset\rbi\pdf\RBI_2020-21_59_DPSS.CO.PD.No.497_02.14.003_2020-21__e3d1fef9.pdf
11986,RBI/2020-21/58 DPSS.CO.PD.No.503/02.12.004/2020-21,"October 22, 2020",Framework for Recognition of a Self-Regulatory Organisation for Payment System Operators,https://rbidocs.rbi.org.in/rdocs/Notification/PDFs/NT583EB873C7EE0B4AEF8ACE7893E7588CDE.PDF,data\full_dataset\rbi\pdf\RBI_2020-21_58_DPSS.CO.PD.No.503_02.12.004_2020-21__ac2e0200.pdf
11985,RBI/2020-21/57 DOR.CO RRB.No.25/31.04.002/2020-21,"October 20, 2020","Inclusion in/exclusion from the Second Schedule to the Reserve Bank of India Act, 1934 - Regional Rural Banks (RRBs)",https://rbidocs.rbi.org.in/rdocs/Notification/PDFs/NT5752C31103C215445B98AEBE787B71C5B6.PDF,data\full_dataset\rbi\pdf\RBI_2020-21_57_DOR.CO_RRB.No.25_31.04.002_2020-21__d31bf7f3.pdf
11984,RBI/2020-21/56 DOR.No.BP.BC.24/08.12.015/2020-21,"October 16, 2020",Individual Housing Loans – Rationalisation of Risk Weights,https://rbidocs.rbi.org.in/rdocs/Notification/PDFs/NT56BEDDD975CA624938A941CCF63BE51C70.PDF,data\full_dataset\rbi\pdf\RBI_2020-21_56_DOR.No.BP.BC.24_08.12.015_2020-21__0a43a16e.pdf
11983,RBI/2020-2021/55 DoR(PCB). BPD.Cir No.4/12.05.001/2020-21,"October 13, 2020","Submission of returns under Section 31 (read with section 56) of the Banking Regulation Act, 1949 - Extension of time",https://rbidocs.rbi.org.in/rdocs/Notification/PDFs/NOTI55D6B79031B7D44FBA8B3F5D3BAD5839C4.PDF,data\full_dataset\rbi\pdf\RBI_2020-2021_55_DoR_PCB_._BPD.Cir_No.4_12.05.001_2020-21__2c0980da.pdf
11982,RBI/2020-2021/54 DoR.No.BP.BC.22/21.04.141/2020-21,"October 12, 2020",SLR holdings in HTM category,https://rbidocs.rbi.org.in/rdocs/Notification/PDFs/NOTI542E7CB9D6246F42A9B13E6B886366A6D4.PDF,data\full_dataset\rbi\pdf\RBI_2020-2021_54_DoR.No.BP.BC.22_21.04.141_2020-21__c370a535.pdf
11981,RBI/2020-21/53 DOR.No.BP.BC.23/21.06.201/2020-21,"October 12, 2020",Regulatory Retail Portfolio – Revised Limit for Risk Weight,https://rbidocs.rbi.org.in/rdocs/Notification/PDFs/NOTI534D0C8BAE2D3A44EB9672375CE4605C56.PDF,data\full_dataset\rbi\pdf\RBI_2020-21_53_DOR.No.BP.BC.23_21.06.201_2020-21__77630eed.pdf
11980,RBI/2020-2021/52 IDMD.CDD.No.730/14.04.050/2020-21,"October 9, 2020","Sovereign Gold Bond Scheme (SGB) 2020-21- Series VII, VIII, IX, X, XI, XII",https://rbidocs.rbi.org.in/rdocs/Notification/PDFs/NOTI52DF056138FF5E461F8A6E2EC19CCAED91.PDF,data\full_dataset\rbi\pdf\RBI_2020-2021_52_IDMD.CDD.No.730_14.04.050_2020-21__924313ca.pdf
11979,RBI/2020-2021/51 DOR.AML.BC.No.21/14.06.001/2020-21,"October 09, 2020","Implementation of Section 51A of UAPA, 1967: Updates to UNSC’s 1267/ 1989 ISIL (Da'esh) & Al-Qaida Sanctions List – Addition of one entry",https://rbidocs.rbi.org.in/rdocs/Notification/PDFs/CISAUNSE09102020DE115AFAB87C4DF39C77B7BDEB918BCF.PDF,data\full_dataset\rbi\pdf\RBI_2020-2021_51_DOR.AML.BC.No.21_14.06.001_2020-21__e6d8ac3e.pdf
11978,RBI/2020-2021/50 A.P. (DIR Series) Circular No.03,"October 09, 2020",Export Data Processing and Monitoring System (EDPMS) Module for ‘Caution/De-caution Listing of Exporters’ - Review,https://rbidocs.rbi.org.in/rdocs/Notification/PDFs/APDIR034420C8AC687F453B9E1A0C851F9D95E9.PDF,data\full_dataset\rbi\pdf\RBI_2020-2021_50_A.P.__DIR_Series__Circular_No.03__512e3d0a.pdf
11977,RBI/2020-2021/49 A.P. (DIR Series) Circular No.02,"October 08, 2020",Exim Bank's Government of India supported Line of Credit (LoC) of USD 310 million to the Government of the Republic of Zimbabwe,https://rbidocs.rbi.org.in/rdocs/Notification/PDFs/EBGS08102020A63D27086AFD44D689F5002B28BEFE9C.PDF,data\full_dataset\rbi\pdf\RBI_2020-2021_49_A.P.__DIR_Series__Circular_No.02__7334d669.pdf
11976,RBI/2020-21/48 DOR (PCB).BPD.Cir No.3/13.05.001/2020-21,"October 7, 2020",Interest Subvention Scheme for MSMEs – Co-operative banks,https://rbidocs.rbi.org.in/rdocs/Notification/PDFs/ISS5D09963F430140329CD88683ACC7707F.PDF,data\full_dataset\rbi\pdf\RBI_2020-21_48_DOR__PCB_.BPD.Cir_No.3_13.05.001_2020-21__3c095874.pdf
11975,RBI/2020-21/47 DOR.No.Ret.BC.20/12.07.150/2020-21,"September 30, 2020","Exclusion of “Syndicate Bank” from the Second Schedule to the Reserve Bank of India Act, 1934 and cessation as banking company",https://rbidocs.rbi.org.in/rdocs/Notification/PDFs/NOT4793098D723DFC473F89A43B2C2F52DBF7.PDF,data\full_dataset\rbi\pdf\RBI_2020-21_47_DOR.No.Ret.BC.20_12.07.150_2020-21__2ff2e497.pdf
11974,RBI/2020-21/46 DOR.No.Ret.BC.19/12.07.150/2020-21,"September 30, 2020","Exclusion of “Oriental Bank of Commerce” and “United Bank of India” from the Second Schedule to the Reserve Bank of India Act, 1934 and cessation as banking company",https://rbidocs.rbi.org.in/rdocs/Notification/PDFs/NOT461288F142EA334504B1805E01FCCC1100.PDF,data\full_dataset\rbi\pdf\RBI_2020-21_46_DOR.No.Ret.BC.19_12.07.150_2020-21__c98f4135.pdf
11973,RBI/2020-21/45 DOR.No.Ret.BC.18/12.07.150/2020-21,"September 30, 2020","Exclusion of “Andhra Bank” and “Corporation Bank” from the Second Schedule to the Reserve Bank of India Act, 1934 and cessation as banking company",https://rbidocs.rbi.org.in/rdocs/Notification/PDFs/NOT45CF9025991045450193508C027671053B.PDF,data\full_dataset\rbi\pdf\RBI_2020-21_45_DOR.No.Ret.BC.18_12.07.150_2020-21__2b246f31.pdf
11972,RBI/2020-21/44 DOR.No.Ret.BC.17/12.07.150/2020-21,"September 30, 2020","Exclusion of “Allahabad Bank” from the Second Schedule to the Reserve Bank of India Act, 1934 and cessation as banking company",https://rbidocs.rbi.org.in/rdocs/Notification/PDFs/NOT441268663B983440048E356861102C020C.PDF,data\full_dataset\rbi\pdf\RBI_2020-21_44_DOR.No.Ret.BC.17_12.07.150_2020-21__f0e1c1de.pdf
11971,RBI/2020-21/43 DOR.BP.BC.No.16/21.04.098/2020-21,"September 29, 2020",Basel III Framework on Liquidity Standards – Net Stable Funding Ratio (NSFR),https://rbidocs.rbi.org.in/rdocs/Notification/PDFs/NSFR2E5AB527C64D4E05BFE00F995D5A8519.PDF,data\full_dataset\rbi\pdf\RBI_2020-21_43_DOR.BP.BC.No.16_21.04.098_2020-21__32e8648f.pdf
11970,RBI/2020-21/42 DOR.BP.BC.No15/21.06.201/2020-21,"September 29, 2020",Basel III Capital Regulations - Review of transitional arrangements,https://rbidocs.rbi.org.in/rdocs/Notification/PDFs/CIRCULARCCB6DB27B9062D14007BD700245BE816F26.PDF,data\full_dataset\rbi\pdf\RBI_2020-21_42_DOR.BP.BC.No15_21.06.201_2020-21__8c2607f5.pdf
11969,RBI/2020-21/41 DPSS.CO.RPPD.No.309/04.07.005/2020-21,"September 25, 2020",Positive Pay System for Cheque Truncation System,https://rbidocs.rbi.org.in/rdocs/Notification/PDFs/NT4198C41B6710AE4BBCB5AD754E42DA759F.PDF,data\full_dataset\rbi\pdf\RBI_2020-21_41_DPSS.CO.RPPD.No.309_04.07.005_2020-21__f9820ce1.pdf
11968,RBI/2020-21/40 FIDD.CO.LBS.BC.No.07/02.08.001/2020-21,"September 25, 2020",Formation of new districts in the State of Arunachal Pradesh – Assignment of Lead Bank Responsibility,https://rbidocs.rbi.org.in/rdocs/Notification/PDFs/NOT40B390C90B278C4259A49DD07325EE7B62.PDF,data\full_dataset\rbi\pdf\RBI_2020-21_40_FIDD.CO.LBS.BC.No.07_02.08.001_2020-21__5739611b.pdf
11967,RBI/2020-2021/39 FIDD.GSSD.CO.BC.No.06/09.01.01/2020-21,"September 18, 2020",Master Circular – Deendayal Antyodaya Yojana - National Rural Livelihoods Mission (DAY-NRLM),https://rbidocs.rbi.org.in/rdocs/Notification/PDFs/MCNRLMA3BF3A32867E411497D82B568967FF6C.PDF,data\full_dataset\rbi\pdf\RBI_2020-2021_39_FIDD.GSSD.CO.BC.No.06_09.01.01_2020-21__3ebeb974.pdf
11966,RBI/2020-2021/38 A.P. (DIR Series) Circular No.01,"September 17, 2020",Exim Bank's Government of India supported Line of Credit (LoC) of USD 215.68 million to the Government of the Republic of Malawi,https://rbidocs.rbi.org.in/rdocs/Notification/PDFs/NT38469ACA4E165D42F595A33EAC29C4B34F.PDF,data\full_dataset\rbi\pdf\RBI_2020-2021_38_A.P.__DIR_Series__Circular_No.01__386be75c.pdf
11965,,"August 11, 2020","Foreign Exchange Management (Export and Import of Currency) (Amendment) Regulations, 2020",https://rbidocs.rbi.org.in/rdocs/Notification/PDFs/FEMA6R15092020304548C2612B4D249DFBC281C257B9C4.PDF,data\full_dataset\rbi\pdf\Foreign_Exchange_Management__Export_and_Import_of_Currency___Amendment__Regulations__2020__971dadd9.pdf
11964,RBI/2020-21/37 Ref. No. DoS.CO.PPG./SEC.03/11.01.005/2020-21,"September 14, 2020","Automation of Income Recognition, Asset Classification and Provisioning processes in banks",https://rbidocs.rbi.org.in/rdocs/Notification/PDFs/NT372E157BAAD1114EFCA3055B5EC99ECB18.PDF,data\full_dataset\rbi\pdf\RBI_2020-21_37_Ref._No._DoS.CO.PPG._SEC.03_11.01.005_2020-21__e721733b.pdf
11963,RBI/2020-21/36 DOR.AML.BC.No.14/14.06.001/2020-21,"September 11, 2020","Implementation of Section 51A of UAPA, 1967 - Updates to UNSC’s 1267/1989 ISIL (Da'esh) & Al-Qaida Sanctions List - Amendment to 11 entries (10 Individuals and one entry in Entities and Groups)",https://rbidocs.rbi.org.in/rdocs/Notification/PDFs/NOT368A54833352934FB8907906D50F74EA4F.PDF,data\full_dataset\rbi\pdf\RBI_2020-21_36_DOR.AML.BC.No.14_14.06.001_2020-21__b11d034f.pdf
11962,RBI/2020-21/35 Ref. No. DoS.CO.PPG./SEC.02/11.01.005/2020-21,"September 11, 2020",Compliance functions in banks and Role of Chief Compliance Officer (CCO),https://rbidocs.rbi.org.in/rdocs/Notification/PDFs/NT35DA3ECE4BC2924AA1B7BFE01B3FB5B654.PDF,data\full_dataset\rbi\pdf\RBI_2020-21_35_Ref._No._DoS.CO.PPG._SEC.02_11.01.005_2020-21__3941109c.pdf
11961,RBI/2020-21/34 DOR.No.BP.BC/13/21.04.048/2020-21,"September 7, 2020",Resolution Framework for COVID-19-related Stress – Financial Parameters,https://rbidocs.rbi.org.in/rdocs/Notification/PDFs/34COVID19122F09F4AE2A4C96B5A89E8250A5FF7F.PDF,data\full_dataset\rbi\pdf\RBI_2020-21_34_DOR.No.BP.BC_13_21.04.048_2020-21__56b710cd.pdf
11960,RBI/2020-21/33 Ref.No.DOS.CO.PPG./SEC.01/11.01.005/2020-21,"September 05, 2020",Long Form Audit Report (LFAR) - Review,https://rbidocs.rbi.org.in/rdocs/Notification/PDFs/NT33960A003F30AF4DB0927E15FA9E05B3AD.PDF,data\full_dataset\rbi\pdf\RBI_2020-21_33_Ref.No.DOS.CO.PPG._SEC.01_11.01.005_2020-21__a7092207.pdf
11959,"RBI/2016-17/81 DBR.NBD. No.26/16.13.218/2016-17 dated October 06, 2016 ),","September 04, 2020",3.2,https://rbidocs.rbi.org.in/rdocs/Notification/PDFs/MDPSL803EE903174E4C85AFA14C335A5B0909.PDF,data\full_dataset\rbi\pdf\RBI_2016-17_81_DBR.NBD._No.26_16.13.218_2016-17_dated_October_06__2016____31dfd5bc.pdf
11958,RBI/2020-21/32 DOR.No.Ret.BC.12/12.07.150/2020-21,"September 03, 2020","Cessation of “Aditya Birla Idea Payments Bank Limited” as a banking company within the meaning of sub section (2) of Section 36 A of Banking Regulation Act, 1949",https://rbidocs.rbi.org.in/rdocs/Notification/PDFs/NT32C0FA879FB2074C5C90E4003D5D74BE58.PDF,data\full_dataset\rbi\pdf\RBI_2020-21_32_DOR.No.Ret.BC.12_12.07.150_2020-21__9f9a9856.pdf
11957,RBI/2020-21/31 DOR.No.Ret.BC.11/12.07.150/2020-21,"September 03, 2020","Cessation of “Westpac Banking Corporation” as a banking company within the meaning of sub section (2) of Section 36 A of Banking Regulation Act, 1949",https://rbidocs.rbi.org.in/rdocs/Notification/PDFs/NT3171CB03BFFEBE4AE7A1D1DD4D388EEBC3.PDF,data\full_dataset\rbi\pdf\RBI_2020-21_31_DOR.No.Ret.BC.11_12.07.150_2020-21__40100724.pdf
11956,RBI/2020-21/30 DOR.No.Ret.BC.10/12.07.150/2020-21,"September 03, 2020","Exclusion of “Westpac Banking Corporation” from the Second Schedule to the Reserve Bank of India Act, 1934",https://rbidocs.rbi.org.in/rdocs/Notification/PDFs/NOTI3001FF1BA5192A47ACB674B64DC3FB1440.PDF,data\full_dataset\rbi\pdf\RBI_2020-21_30_DOR.No.Ret.BC.10_12.07.150_2020-21__3be02885.pdf
11955,RBI/2020-21/29 DoR.No.BP.BC.9/21.04.141/2020-21,"September 1, 2020",SLR holdings in HTM category (Amended),https://rbidocs.rbi.org.in/rdocs/Notification/PDFs/NT2942A112EB3B464759A3DB159991C79A49.PDF,data\full_dataset\rbi\pdf\RBI_2020-21_29_DoR.No.BP.BC.9_21.04.141_2020-21__53590e2e.pdf
11954,,"February 26, 2021",Framework for authorisation of pan-India Umbrella Entity for Retail Payments,https://rbidocs.rbi.org.in/rdocs/Notification/PDFs/FRAMEWORKCC3A86B01E974EB3BDD6930ED922B31C.PDF,data\full_dataset\rbi\pdf\Framework_for_authorisation_of_pan-India_Umbrella_Entity_for_Retail_Payments__2db7c357.pdf
11953,RBI/2020-21/28 DoR (PCB).BPD.Cir.No.2/12.05.001/2020-21,"August 26, 2020","Submission of returns under Section 31 of the Banking Regulation Act, 1949 (AACS) – Extension of time",https://rbidocs.rbi.org.in/rdocs/Notification/PDFs/28EXTENSION41BEBB73A2394C3ABFDE7357D0E814EE.PDF,data\full_dataset\rbi\pdf\RBI_2020-21_28_DoR__PCB_.BPD.Cir.No.2_12.05.001_2020-21__99b01bf5.pdf
11952,RBI/2020-21/27 DoS.CO.PPG.BC.1/11.01.005/2020-21,"August 21, 2020",Ad-hoc/Short Review/Renewal of Credit Facilities,https://rbidocs.rbi.org.in/rdocs/Notification/PDFs/NT27F99AD6E48B1F498C9BE41E9E20719ED3.PDF,data\full_dataset\rbi\pdf\RBI_2020-21_27_DoS.CO.PPG.BC.1_11.01.005_2020-21__8037d8d6.pdf
11951,RBI/2020-2021/26 FIDD.MSME & NFS.BC.No.4/06.02.31/2020-21,"August 21, 2020","New Definition of Micro, Small and Medium Enterprises – clarifications",https://rbidocs.rbi.org.in/rdocs/Notification/PDFs/NOTI262654FEA1F3864D858960F92C2E329696.PDF,data\full_dataset\rbi\pdf\RBI_2020-2021_26_FIDD.MSME___NFS.BC.No.4_06.02.31_2020-21__42b7ed9b.pdf
11950,RBI/2020-21/25 DOR.AML.BC. No. 8/14.06.001/2020-21,"August 21, 2020","Implementation of Section 51A of UAPA, 1967: Updates to UNSC’s Democratic Republic of Congo List",https://rbidocs.rbi.org.in/rdocs/Notification/PDFs/UNSC21082020AEC9362278EC4FC3A3875CFFB43340FF.PDF,data\full_dataset\rbi\pdf\RBI_2020-21_25_DOR.AML.BC._No._8_14.06.001_2020-21__506899dd.pdf
11949,RBI/2020-21/24 DoR (NBFC) (PD) CC. No.117/03.10.001/2020-21,"August 13, 2020",Review of Guidelines for Core Investment Companies,https://rbidocs.rbi.org.in/rdocs/Notification/PDFs/CCN117RCIC00691E0EE2F14E65847C760EE4FDCAC4.PDF,data\full_dataset\rbi\pdf\RBI_2020-21_24_DoR__NBFC___PD__CC._No.117_03.10.001_2020-21__7c12f2c5.pdf
11948,RBI/2020-21/23 DoR (PCB). BPD. Cir. No.1/13.05.001/2020-21,"August 12, 2020",System-based asset classification - UCBs,https://rbidocs.rbi.org.in/rdocs/Notification/PDFs/SACUCBSBA2671E100174A21BFEAB4D1CC10E4AD.PDF,data\full_dataset\rbi\pdf\RBI_2020-21_23_DoR__PCB_._BPD._Cir._No.1_13.05.001_2020-21__eb3522ce.pdf
11947,RBI/2020-21/22 DPSS.CO.PD.No.115/02.14.003/2020-21,"August 06, 2020",Offline Retail Payments using Cards / Wallets / Mobile Devices – Pilot,https://rbidocs.rbi.org.in/rdocs/Notification/PDFs/NOTI22E337913692C04560A953EEC75CCF099C.PDF,data\full_dataset\rbi\pdf\RBI_2020-21_22_DPSS.CO.PD.No.115_02.14.003_2020-21__e834b2f5.pdf
11946,RBI/2020-21/21 DPSS.CO.PD No.116/02.12.004/2020-21,"August 6, 2020",Online Dispute Resolution (ODR) System for Digital Payments,https://rbidocs.rbi.org.in/rdocs/Notification/PDFs/21ODR602F0A579EB246AA885776A76122DB0C.PDF,data\full_dataset\rbi\pdf\RBI_2020-21_21_DPSS.CO.PD_No.116_02.12.004_2020-21__2dda4a7f.pdf
11945,RBI/2020-21/20 DOR.No.BP.BC/7/21.04.048/2020-21,"August 6, 2020",Opening of Current Accounts by Banks - Need for Discipline,https://rbidocs.rbi.org.in/rdocs/Notification/PDFs/NT20097D966B84C34C0CA1B6D2E0A62B5BFD.PDF,data\full_dataset\rbi\pdf\RBI_2020-21_20_DOR.No.BP.BC_7_21.04.048_2020-21__fa2ff075.pdf
11944,RBI/2020-21/19 DoR.No.BP.BC/6/21.04.048/2020-21,"August 6, 2020",Loans against Gold Ornaments and Jewellery for Non-Agricultural End-uses,https://rbidocs.rbi.org.in/rdocs/Notification/PDFs/NT19E6AA6A77013644B0B96C2CD7DD4BD825.PDF,data\full_dataset\rbi\pdf\RBI_2020-21_19_DoR.No.BP.BC_6_21.04.048_2020-21__822ceb7e.pdf
11943,RBI/2020-21/18 DOR.No.BP.BC/5/21.04.201/2020-21,"August 6, 2020",Basel III Capital Regulations – Treatment of debt mutual funds/ETFs,https://rbidocs.rbi.org.in/rdocs/Notification/PDFs/NT18A1FBAF74EF9546FB8DA590C7A8D9CF93.PDF,data\full_dataset\rbi\pdf\RBI_2020-21_18_DOR.No.BP.BC_5_21.04.201_2020-21__18cc9395.pdf
11942,RBI/2020-21/17 DOR.No.BP.BC/4/21.04.048/2020-21,"August 6, 2020","Micro, Small and Medium Enterprises (MSME) sector – Restructuring of Advances",https://rbidocs.rbi.org.in/rdocs/Notification/PDFs/NT17996B01058D314E1FA0CD74067DE933AD.PDF,data\full_dataset\rbi\pdf\RBI_2020-21_17_DOR.No.BP.BC_4_21.04.048_2020-21__39460eca.pdf
11941,RBI/2020-21/16 DOR.No.BP.BC/3/21.04.048/2020-21,"August 6, 2020",Resolution Framework for COVID-19-related Stress,https://rbidocs.rbi.org.in/rdocs/Notification/PDFs/NT168F87DBE0F71643B3B17BC8278108C16B.PDF,data\full_dataset\rbi\pdf\RBI_2020-21_16_DOR.No.BP.BC_3_21.04.048_2020-21__4f926442.pdf
11940,RBI/2020-21/15 DOR (NBFC).CC.PD.No.116/22.10.106/2020-21,"July 24, 2020",Implementation of Indian Accounting Standards,https://rbidocs.rbi.org.in/rdocs/Notification/PDFs/INDASBF34D2B6BC6D49DFB2F428174034CC9C.PDF,data\full_dataset\rbi\pdf\RBI_2020-21_15_DOR__NBFC_.CC.PD.No.116_22.10.106_2020-21__7980ae6a.pdf
11939,,"June 15, 2020","Foreign Exchange Management (Mode of Payment and Reporting of Non-Debt Instruments) (Amendment) Regulations, 2020",https://rbidocs.rbi.org.in/rdocs/Notification/PDFs/FEMA39511506202EF28C4ADF1B4C15842B39DA72B59008.PDF,data\full_dataset\rbi\pdf\Foreign_Exchange_Management__Mode_of_Payment_and_Reporting_of_Non-Debt_Instruments___Amendment__Regulations__2020__c16cae79.pdf
11938,RBI/2020-21/14 DOR.AML.BC.No.2/14.06.001/2020-21,"July 18, 2020","Implementation of Section 51A of UAPA, 1967 - Updates to UNSC’s 1267/ 1989 ISIL (Da'esh) & Al-Qaida Sanctions List - Addition of one individual",https://rbidocs.rbi.org.in/rdocs/Notification/PDFs/UNSCD83251678C904888A42F76AEA6373DE5.PDF,data\full_dataset\rbi\pdf\RBI_2020-21_14_DOR.AML.BC.No.2_14.06.001_2020-21__ce2af74f.pdf
11937,RBI/2020-21/13 DOR.NBFC(ARC) CC. No. 9/26.03.001/2020-21,"July 16, 2020",Fair Practices Code for Asset Reconstruction Companies,https://rbidocs.rbi.org.in/rdocs/Notification/PDFs/NT13CCA31EC5782D4B8FA529D23E01DE26AA.PDF,data\full_dataset\rbi\pdf\RBI_2020-21_13_DOR.NBFC_ARC__CC._No._9_26.03.001_2020-21__b1b84a55.pdf
11936,RBI/2020-21/12 DOR (NBFC).CC.PD.No.115/03.10.001/2020-21,"July 10, 2020",Exemption from Registration as NBFC – Alternative Investment Fund (AIF),https://rbidocs.rbi.org.in/rdocs/Notification/PDFs/CCN115EAIF27F4552FF5CF435ABB631DF60E7788BE.PDF,data\full_dataset\rbi\pdf\RBI_2020-21_12_DOR__NBFC_.CC.PD.No.115_03.10.001_2020-21__b6b3389e.pdf
11935,RBI/2020-21/11 DoR (NBFC) (PD) CC. No. 114/03.10.001/2020-21,"July 06, 2020",Extension of timeline for finalization of audited accounts,https://rbidocs.rbi.org.in/rdocs/Notification/PDFs/ETFAA2C0CE1CD9F15481FA5DFF33E041A0D77.PDF,data\full_dataset\rbi\pdf\RBI_2020-21_11_DoR__NBFC___PD__CC._No._114_03.10.001_2020-21__bc976fc6.pdf
11934,RBI/2020-2021/10 FIDD.MSME & NFS.BC.No.3/06.02.31/2020-21,"July 2, 2020","Credit flow to Micro, Small and Medium Enterprises Sector",https://rbidocs.rbi.org.in/rdocs/Notification/PDFs/MSME906FF936758A47D0B0B41F7C7332B3CF.PDF,data\full_dataset\rbi\pdf\RBI_2020-2021_10_FIDD.MSME___NFS.BC.No.3_06.02.31_2020-21__f391b848.pdf
11933,RBI/2020-21/09 DoR.BP.BC.No.01/21.04.048/2020-21,"July 1, 2020",Distressed Assets Fund - Subordinate Debt for Stressed MSMEs,https://rbidocs.rbi.org.in/rdocs/Notification/PDFs/SUBDEBT727024EBBDFF4ECDA8CD0196455BFEC1.PDF,data\full_dataset\rbi\pdf\RBI_2020-21_09_DoR.BP.BC.No.01_21.04.048_2020-21__ddaa95a7.pdf
11932,RBI/2020-21/07 DCM (NE) No.G-3/08.07.18/2020-21,"July 01, 2020",Master Circular – Facility for Exchange of Notes and Coins,https://rbidocs.rbi.org.in/rdocs/Notification/PDFs/07MCEN070120205BA3004DF8D84F5AB3DE482F78A54033.PDF,data\full_dataset\rbi\pdf\RBI_2020-21_07_DCM__NE__No.G-3_08.07.18_2020-21__8e352234.pdf
11931,RBI/2020-21/04 DCM (FNVD) G–2/16.01.05/2020-21,"July 1, 2020",Master Circular – Detection and Impounding of Counterfeit Notes,https://rbidocs.rbi.org.in/rdocs/Notification/PDFs/04MC010720202B82DF3159704DFF9E2D67C155F1E1A8.PDF,data\full_dataset\rbi\pdf\RBI_2020-21_04_DCM__FNVD__G_2_16.01.05_2020-21__fbe0c16d.pdf
11930,RBI/2020-21/03 DGBA.GBD.No.2/31.12.010/2020-21,"July 1, 2020",Master Circular on Conduct of Government Business by Agency Banks - Payment of Agency Commission,https://rbidocs.rbi.org.in/rdocs/Notification/PDFs/MCPAC010720201A04D2E744F949EF93010ED958E040A8.PDF,data\full_dataset\rbi\pdf\RBI_2020-21_03_DGBA.GBD.No.2_31.12.010_2020-21__58573bfa.pdf
11929,RBI/2020-21/06 DGBA.GBD.No.01/31.02.007/2020-21,"July 01, 2020",Master Circular - Disbursement of Government Pension by Agency Banks,https://rbidocs.rbi.org.in/rdocs/Notification/PDFs/06MCDGPABAFBAF9B42B60426FBD96DCBA8FE5F202.PDF,data\full_dataset\rbi\pdf\RBI_2020-21_06_DGBA.GBD.No.01_31.02.007_2020-21__b06ba349.pdf
11928,RBI/2020-21/08 DCM (CC) No.G-1/03.44.01/2020-21,"July 01, 2020",Master Circular – Scheme of Penalties for bank branches based on performance in rendering customer service to the members of public,https://rbidocs.rbi.org.in/rdocs/Notification/PDFs/08MC010720207F5C12A353294A209795245097A89EF0.PDF,data\full_dataset\rbi\pdf\RBI_2020-21_08_DCM__CC__No.G-1_03.44.01_2020-21__45fd7600.pdf
11927,RBI/2020-21/02 FIDD.FID.BC.No.02/12.01.033/2020-21,"July 01, 2020",Master Circular on SHG-Bank Linkage Programme,https://rbidocs.rbi.org.in/rdocs/Notification/PDFs/02MC0107202016EAA0E7E8FE4516AB7F8B62253DCE2A.PDF,data\full_dataset\rbi\pdf\RBI_2020-21_02_FIDD.FID.BC.No.02_12.01.033_2020-21__90f954c2.pdf
11926,RBI/2020-21/05 FIDD.CO.LBS.BC.No.1/02.01.001/2020-21,"July 01, 2020",Master Circular – Lead Bank Scheme,https://rbidocs.rbi.org.in/rdocs/Notification/PDFs/05MS0107202069F1361181F7401792661C1DE63F7A96.PDF,data\full_dataset\rbi\pdf\RBI_2020-21_05_FIDD.CO.LBS.BC.No.1_02.01.001_2020-21__d282aa14.pdf
11925,RBI/2020-21/01 DoR (NBFC) (PD) CC.No.113/03.10.001/2020-21,"July 01, 2020",Special liquidity scheme for NBFCs/HFCs,https://rbidocs.rbi.org.in/rdocs/Notification/PDFs/NT013D1A96E8D0D94579A656351B41E6FB5B.PDF,data\full_dataset\rbi\pdf\RBI_2020-21_01_DoR__NBFC___PD__CC.No.113_03.10.001_2020-21__b8be3909.pdf
11924,"RBI/2019-2020/262 IDMD.CDD.No.3155/13.01.299/2019-20 June 30, 2020 (Updated o","June 27, 2022","Floating Rate Savings Bonds, 2020 (Taxable)- FRSB 2020 (T) - Operational Guidelines (Updated on June 27, 2022)",https://rbidocs.rbi.org.in/rdocs/Notification/PDFs/FRSB2020DD18E8355FD44E76BB8D066738FCB17B.PDF,data\full_dataset\rbi\pdf\RBI_2019-2020_262_IDMD.CDD.No.3155_13.01.299_2019-20_June_30__2020__Updated_o__34d9a177.pdf
11923,"RBI/2019-2020/261 IDMD.CDD.No.3145/13.01.299/2019-20 June 26, 2020 (Updated o","June 27, 2022","Floating Rate Savings Bonds 2020 (Taxable) (Updated on June 27, 2022)",https://rbidocs.rbi.org.in/rdocs/Notification/PDFs/FRSB20209F2A6DF005EA454FB61AAA77AA32AE5C.PDF,data\full_dataset\rbi\pdf\RBI_2019-2020_261_IDMD.CDD.No.3145_13.01.299_2019-20_June_26__2020__Updated_o__3cd0a6f3.pdf
11922,RBI/2019-20/260 DOR.No.Ret.BC.78/12.01.001/2019-20,"June 26, 2020","Section 42(1) of the Reserve Bank of India Act, 1934 - Change in Minimum Daily Maintenance of the Cash Reserve Requirement",https://rbidocs.rbi.org.in/rdocs/Notification/PDFs/NT2605F809C57D5964AA38BBA3D126E91AF10.PDF,data\full_dataset\rbi\pdf\RBI_2019-20_260_DOR.No.Ret.BC.78_12.01.001_2019-20__fb5ad140.pdf
11921,RBI/2019-20/259 DOR.No.Ret.BC.77/12.02.001/2019-20,"June 26, 2020","Section 24 of the Banking Regulation Act, 1949 – Maintenance of Statutory Liquidity Ratio (SLR) – Marginal Standing Facility (MSF)",https://rbidocs.rbi.org.in/rdocs/Notification/PDFs/259MSFE3EA811D8394E4DD8B6989A714CBCD466.PDF,data\full_dataset\rbi\pdf\RBI_2019-20_259_DOR.No.Ret.BC.77_12.02.001_2019-20__758dffa9.pdf
11920,"RBI/2019-20/258 DOR(NBFC)(PD)CC.No.112/03.10.001/2019-20 June 24, 2020 All","May 8, 2025",Loans Sourced by Banks and NBFCs over Digital Lending Platforms: Adherence to Fair Practices Code and Outsourcing Guidelines,https://rbidocs.rbi.org.in/rdocs/Notification/PDFs/CCN112LNBCF387F4EE693D74EA6A70E6938C7CDCE47.PDF,data\full_dataset\rbi\pdf\RBI_2019-20_258_DOR_NBFC_PD_CC.No.112_03.10.001_2019-20_June_24__2020_All__97d038e4.pdf
11919,,,Auction for Sale (Re-issue) of Government Stock (GS),https://rbidocs.rbi.org.in/rdocs/Notification/PDFs/NOTIFICATION3554EC37E9B34713BB667358852887D2.PDF,data\full_dataset\rbi\pdf\Auction_for_Sale__Re-issue__of_Government_Stock__GS___8e735680.pdf
11918,RBI/2019-20/257 Ref.No.3105/IDMD/08.02.032/2019-20,"June 22, 2020",Auction of Government of India Dated Securities,https://rbidocs.rbi.org.in/rdocs/Notification/PDFs/NOT25772E3DABEC33A4FDEA05C8295ED7B4792.PDF,data\full_dataset\rbi\pdf\RBI_2019-20_257_Ref.No.3105_IDMD_08.02.032_2019-20__12ae0272.pdf
11917,RBI/2019-20/256 DPSS.CO.OD.No.1934/06.08.005/2019-20,"June 22, 2020",Increasing Instances of Payment Frauds – Enhancing Public Awareness Campaigns Through Multiple Channels,https://rbidocs.rbi.org.in/rdocs/Notification/PDFs/256CIRCULARE6521761166042728106B78DFA3D78A1.PDF,data\full_dataset\rbi\pdf\RBI_2019-20_256_DPSS.CO.OD.No.1934_06.08.005_2019-20__9a3645cc.pdf
11916,RBI/2019-20/255 DoR.BP.BC.No.76/21.06.201/2019-20,"June 21, 2020",Assignment of Risk Weights on Credit Facilities (Guaranteed Emergency Credit Line) under the Emergency Credit Line Guarantee Scheme,https://rbidocs.rbi.org.in/rdocs/Notification/PDFs/255CIRCULAR8C52DA27831C47808336D06D4DE3AB30.PDF,data\full_dataset\rbi\pdf\RBI_2019-20_255_DoR.BP.BC.No.76_21.06.201_2019-20__3e943b83.pdf
11915,,,Auction for Sale (Issue/Re-issue) of Government Stock (GS),https://rbidocs.rbi.org.in/rdocs/Notification/PDFs/NOTIEC406443DAEB4529A479B8C8160CE8AD.PDF,data\full_dataset\rbi\pdf\Auction_for_Sale__Issue_Re-issue__of_Government_Stock__GS___8400f6ea.pdf
11914,RBI/2019-20/254 Ref.No.IDMD/3065/08.02.032/2019-20,"June 15, 2020",Auction of Government of India Dated Securities,https://rbidocs.rbi.org.in/rdocs/Notification/PDFs/NOTI254876A24EE2E7543D4800A59202D7D768E.PDF,data\full_dataset\rbi\pdf\RBI_2019-20_254_Ref.No.IDMD_3065_08.02.032_2019-20__c32fc773.pdf
11913,,,Auction for Sale (Issue/Re-issue) of Government Stock (GS),https://rbidocs.rbi.org.in/rdocs/Notification/PDFs/GESEC08062020730755E79F794015B54137F0CA9BC317.PDF,data\full_dataset\rbi\pdf\Auction_for_Sale__Issue_Re-issue__of_Government_Stock__GS___b4912247.pdf
11912,RBI/2019-20/253 Ref.No.3027/IDMD/08.02.032/2019-20,"June 08, 2020",Auction of Government of India Dated Securities,https://rbidocs.rbi.org.in/rdocs/Notification/PDFs/NT253708C158DDFB1443698F4CC4C51B7F1DC.PDF,data\full_dataset\rbi\pdf\RBI_2019-20_253_Ref.No.3027_IDMD_08.02.032_2019-20__8e946028.pdf
11911,RBI/2019-20/252 DOR.AML.BC.No.75/14.06.001/2019-20,"June 08, 2020","Implementation of Section 51A of UAPA, 1967 - Updates to UNSC’s 1267/ 1989 ISIL (Da'esh) & Al-Qaida Sanctions List - Addition of one individual",https://rbidocs.rbi.org.in/rdocs/Notification/PDFs/NT2528EF781BB588F48F5B853C946851DABD2.PDF,data\full_dataset\rbi\pdf\RBI_2019-20_252_DOR.AML.BC.No.75_14.06.001_2019-20__6cece8bf.pdf
11910,RBI/2019-20/251 DPSS.CO.PD.No.1897/02.14.003/2019-20,"June 04, 2020",Extension of timeline for compliance with various payment system requirements,https://rbidocs.rbi.org.in/rdocs/Notification/PDFs/NT251F3C6FEB007BC4991BB167931431A9B7D.PDF,data\full_dataset\rbi\pdf\RBI_2019-20_251_DPSS.CO.PD.No.1897_02.14.003_2019-20__d23b949e.pdf
11909,RBI/2019-20/250 FIDD.CO.FSD.BC.No.25/05.02.001/2019-20,"June 4, 2020","Interest Subvention (IS) and Prompt Repayment Incentive (PRI) for Short Term Loans for Agriculture including Animal Husbandry, Dairy and Fisheries for extended period on account of Covid-19",https://rbidocs.rbi.org.in/rdocs/Notification/PDFs/250ISS1B6B55D87E8D40FF97D3B93DF923F1A5.PDF,data\full_dataset\rbi\pdf\RBI_2019-20_250_FIDD.CO.FSD.BC.No.25_05.02.001_2019-20__5ab8c0ae.pdf
11908,,,Auction for Sale (Re-issue) of Government Stock (GS),https://rbidocs.rbi.org.in/rdocs/Notification/PDFs/NTGS01062020D77B75E9A1F141DE8D76E9A231B2E851.PDF,data\full_dataset\rbi\pdf\Auction_for_Sale__Re-issue__of_Government_Stock__GS___629b435e.pdf
11907,RBI/2019-20/249 Ref.No.IDMD/2981/08.02.032/2019-20,"June 01, 2020",Auction of Government of India Dated Securities,https://rbidocs.rbi.org.in/rdocs/Notification/PDFs/NT249C6781E55C8CB4FB3B502F0DB3363214F.PDF,data\full_dataset\rbi\pdf\RBI_2019-20_249_Ref.No.IDMD_2981_08.02.032_2019-20__dc7ae7b5.pdf
11906,RBI/2019-20/248 DGBA.GBD.No.1909/42.01.011/2019-20,"May 29, 2020",Recovery of Penal Interest on delayed remittance of Government Receipts into Government Account,https://rbidocs.rbi.org.in/rdocs/Notification/PDFs/NT248586117EA98EE482B9945F1E5ECD11CB4.PDF,data\full_dataset\rbi\pdf\RBI_2019-20_248_DGBA.GBD.No.1909_42.01.011_2019-20__e7f21c04.pdf
11905,RBI/2019-20/247 IDMD.CDD.No.2964/13.01.299/2019-20,"May 27, 2020","Cessation of 7.75% Savings (Taxable) Bonds, 2018",https://rbidocs.rbi.org.in/rdocs/Notification/PDFs/NOTI2476FF204355A9043BFBFABDA7FB0E1983C.PDF,data\full_dataset\rbi\pdf\RBI_2019-20_247_IDMD.CDD.No.2964_13.01.299_2019-20__79152b04.pdf
11904,RBI/2019-20/246 DOR.DIR.BC.No.73/04.02.002/2019-20,"May 23, 2020",Pre-shipment and Post-shipment Export Credit – Extension of Period of Advance,https://rbidocs.rbi.org.in/rdocs/Notification/PDFs/246EXPORT4C60D723CC974022B54274691E9B288B.PDF,data\full_dataset\rbi\pdf\RBI_2019-20_246_DOR.DIR.BC.No.73_04.02.002_2019-20__83e8c178.pdf
11903,RBI/2019-20/245 DOR.No.BP.BC.72/21.04.048/2019-20,"May 23, 2020",COVID19 Regulatory Package – Review of Resolution Timelines under the Prudential Framework on Resolution of Stressed Assets,https://rbidocs.rbi.org.in/rdocs/Notification/PDFs/NOTI245FF065926FEA2467983EBF58B85010F87.PDF,data\full_dataset\rbi\pdf\RBI_2019-20_245_DOR.No.BP.BC.72_21.04.048_2019-20__e0cf0921.pdf
11902,RBI/2019-20/244 DOR.No.BP.BC.71/21.04.048/2019-20,"May 23, 2020",COVID-19 – Regulatory Package,https://rbidocs.rbi.org.in/rdocs/Notification/PDFs/NT2455D86E6F80D9D4BC29C0DFAA43D76D9A4.PDF,data\full_dataset\rbi\pdf\RBI_2019-20_244_DOR.No.BP.BC.71_21.04.048_2019-20__09b883a7.pdf
11901,RBI/2019-20/243 DOR.No.BP.BC.70/21.01.003/2019-20,"May 23, 2020",Large Exposures Framework – Increase in Exposure to a Group of Connected Counterparties,https://rbidocs.rbi.org.in/rdocs/Notification/PDFs/243LEFE24BAEED650447AC85E57E31CD36CDD9.PDF,data\full_dataset\rbi\pdf\RBI_2019-20_243_DOR.No.BP.BC.70_21.01.003_2019-20__5f553393.pdf
11900,RBI/2019-20/242 A.P. (DIR Series) Circular No.33,"May 22, 2020",Import of goods and services- Extension of time limits for Settlement of import payment,https://rbidocs.rbi.org.in/rdocs/Notification/PDFs/APDIRIMPORT81A587BE5FAA4A65ACD27AA6D5BE2160.PDF,data\full_dataset\rbi\pdf\RBI_2019-20_242_A.P.__DIR_Series__Circular_No.33__9a864ea1.pdf
11899,,,Auction for Sale (Issue/Re-issue) of Government Stock (GS),https://rbidocs.rbi.org.in/rdocs/Notification/PDFs/NOTIFICATION_E0D1DE0A106DC4E41A0C11CD4CB631077.PDF,data\full_dataset\rbi\pdf\Auction_for_Sale__Issue_Re-issue__of_Government_Stock__GS___5c1fe185.pdf
11898,RBI/2019-20/241 Ref.No.2928/IDMD/08.02.032/2019-20,"May 22, 2020",Auction of Government of India Dated Securities,https://rbidocs.rbi.org.in/rdocs/Notification/PDFs/NT240CD1C6CC1173946E3AD503D31D45988D2.PDF,data\full_dataset\rbi\pdf\RBI_2019-20_241_Ref.No.2928_IDMD_08.02.032_2019-20__3b53ea8f.pdf
11897,RBI/2019-20/240 DOR.No.Ret.BC.74/12.01.001/2019-20,"May 22, 2020",Change in Bank Rate,https://rbidocs.rbi.org.in/rdocs/Notification/PDFs/NOTI24072EB4311662B490A998A108453FC66C1.PDF,data\full_dataset\rbi\pdf\RBI_2019-20_240_DOR.No.Ret.BC.74_12.01.001_2019-20__ad898fe7.pdf
11896,RBI/2019-20/239 A.P.(DIR Series) Circular No.32,"May 22, 2020",‘Voluntary Retention Route’ (VRR) for Foreign Portfolio Investors (FPIs) investment in debt - relaxations,https://rbidocs.rbi.org.in/rdocs/Notification/PDFs/VRR12B8ED1146294C3A9C251D08201FAB41.PDF,data\full_dataset\rbi\pdf\RBI_2019-20_239_A.P._DIR_Series__Circular_No.32__5b046d73.pdf
11895,RBI/2019-20/238 REF.No.MPD.BC.391/07.01.279/2019-20,"May 22, 2020",Standing Liquidity Facility for Primary Dealers,https://rbidocs.rbi.org.in/rdocs/Notification/PDFs/NT2388FE02C207BAA40FCAD123117EEBD7342.PDF,data\full_dataset\rbi\pdf\RBI_2019-20_238_REF.No.MPD.BC.391_07.01.279_2019-20__3726f659.pdf
11894,RBI/2019-20/237 FMOD.MAOG.No.142/01.01.001/2019-20,"May 22, 2020",Liquidity Adjustment Facility – Repo and Reverse Repo Rates,https://rbidocs.rbi.org.in/rdocs/Notification/PDFs/NT23737C7FC1EBCDB4F57BAF1584C30642F19.PDF,data\full_dataset\rbi\pdf\RBI_2019-20_237_FMOD.MAOG.No.142_01.01.001_2019-20__0f4edd27.pdf
11893,RBI/2019-20/236 FMOD.MAOG.No.143/01.18.001/2019-20,"May 22, 2020",Marginal Standing Facility,https://rbidocs.rbi.org.in/rdocs/Notification/PDFs/NOTI2367F96819E5FC24EE78D0736FE67ED13A4.PDF,data\full_dataset\rbi\pdf\RBI_2019-20_236_FMOD.MAOG.No.143_01.18.001_2019-20__0a8cf96f.pdf
11892,RBI/2019-20/235 DOR.NBFC (HFC).CC.No.111/03.10.136/2019-20,"May 19, 2020","Extending Master Direction – Know Your Customer (KYC) Direction, 2016 to Housing Finance Companies",https://rbidocs.rbi.org.in/rdocs/Notification/PDFs/NT2358988BB2AB792443CA17A0FFE3A012B64.PDF,data\full_dataset\rbi\pdf\RBI_2019-20_235_DOR.NBFC__HFC_.CC.No.111_03.10.136_2019-20__38df12f8.pdf
11891,,,Auction for Sale (Re-issue) of Government Stock (GS),https://rbidocs.rbi.org.in/rdocs/Notification/PDFs/NOTIFICATIONB04643FD351D435881A7C93364B31F55.PDF,data\full_dataset\rbi\pdf\Auction_for_Sale__Re-issue__of_Government_Stock__GS___2daddc29.pdf
11890,RBI/2019-20/234 Ref.No.IDMD/2888/08.02.032/2019-20,"May 18, 2020",Auction of Government of India Dated Securities,https://rbidocs.rbi.org.in/rdocs/Notification/PDFs/NOTI233A95638F7686C45DB9B9E19B02FD69785.PDF,data\full_dataset\rbi\pdf\RBI_2019-20_234_Ref.No.IDMD_2888_08.02.032_2019-20__a19e6815.pdf
11889,RBI/2019-20/233 FMRD.FMID.26/02.05.002/2019-20,"May 18, 2020",Reporting Platform for OTC Derivatives – Transactions undertaken by IFSC Banking Units (IBUs) and non-deliverable derivative contracts (involving Rupee or otherwise),https://rbidocs.rbi.org.in/rdocs/Notification/PDFs/233NDDCOTC8FD90CF56EDD44D8B12B87441B7BEB2A.PDF,data\full_dataset\rbi\pdf\RBI_2019-20_233_FMRD.FMID.26_02.05.002_2019-20__d5999e4b.pdf
11888,RBI/2019-20/232 A.P.(DIR Series) Circular No.31,"May 18, 2020",Risk Management and Inter-bank Dealings – Hedging of Foreign Exchange Risk-Date of Implementation,https://rbidocs.rbi.org.in/rdocs/Notification/PDFs/NOTI232AEE2D38A335C4A96991CFBACA4192812.PDF,data\full_dataset\rbi\pdf\RBI_2019-20_232_A.P._DIR_Series__Circular_No.31__7244cf99.pdf
11887,RBI/2019-20/231 DOR.Dir.BC.No.69/04.02.001/2019-20,"May 13, 2020",Interest Equalisation Scheme on Pre and Post Shipment Rupee Export Credit- Extension,https://rbidocs.rbi.org.in/rdocs/Notification/PDFs/231IESB366F6A1C1074B599555190440E745DF.PDF,data\full_dataset\rbi\pdf\RBI_2019-20_231_DOR.Dir.BC.No.69_04.02.001_2019-20__5921952c.pdf
11886,,,Auction for Sale (Re-issue) of Government Stock (GS),https://rbidocs.rbi.org.in/rdocs/Notification/PDFs/NOTIFICATION8E564046F4824F088FD0D09403384117.PDF,data\full_dataset\rbi\pdf\Auction_for_Sale__Re-issue__of_Government_Stock__GS___8b94b8ba.pdf
11885,RBI/2019-20/230 Ref.No.2829/IDMD/08.02.032/2019-20,"May 11, 2020",Auction of Government of India Dated Securities,https://rbidocs.rbi.org.in/rdocs/Notification/PDFs/NOTI230D9B17F8AEAD4481482FAAD733548E01A.PDF,data\full_dataset\rbi\pdf\RBI_2019-20_230_Ref.No.2829_IDMD_08.02.032_2019-20__0bf70be4.pdf
11884,,,Auction for Sale (Issue/Re-issue) of Government Stock (GS),https://rbidocs.rbi.org.in/rdocs/Notification/PDFs/GSECBC73BF3C975699433F83D863F431630393.PDF,data\full_dataset\rbi\pdf\Auction_for_Sale__Issue_Re-issue__of_Government_Stock__GS___92562f82.pdf
11883,RBI/2019-20/229 Ref.No.IDMD/2803/08.02.032/2019-20,"May 04, 2020",Auction of Government of India Dated Securities,https://rbidocs.rbi.org.in/rdocs/Notification/PDFs/GSECBCECC8BD4A19E8464FB16BCA3F1B2CD747.PDF,data\full_dataset\rbi\pdf\RBI_2019-20_229_Ref.No.IDMD_2803_08.02.032_2019-20__e04cb323.pdf
11882,RBI/2019-20/228 DOR.BP.BC.No.68/21.04.018/2019-20,"April 29, 2020",Submission of regulatory returns - Extension of timelines,https://rbidocs.rbi.org.in/rdocs/Notification/PDFs/NT2284F727CDA432B4CD783D898FB2B50AC2F.PDF,data\full_dataset\rbi\pdf\RBI_2019-20_228_DOR.BP.BC.No.68_21.04.018_2019-20__5d65deed.pdf
11881,,,Auction for Sale (Re-issue) of Government Stock (GS),https://rbidocs.rbi.org.in/rdocs/Notification/PDFs/GOI_ENG36532CC7A35C4F57975A786EB04523DD.PDF,data\full_dataset\rbi\pdf\Auction_for_Sale__Re-issue__of_Government_Stock__GS___2994f8b9.pdf
11880,RBI/2019-20/227 Ref.No.IDMD/08.02.032/2019-20,"April 24, 2020",Auction of Government of India Dated Securities,https://rbidocs.rbi.org.in/rdocs/Notification/PDFs/NT227A657D7E575C6461EA39BDEBD03E5A36D.PDF,data\full_dataset\rbi\pdf\RBI_2019-20_227_Ref.No.IDMD_08.02.032_2019-20__e7517c16.pdf
11879,RBI/2019-20/226 DOR (PCB).BPD.Cir.No.12/09.09.002/2019-20,"April 24, 2020",Non-achievement of Priority Sector Lending Targets by Primary (Urban) Co-operative Banks (UCBs) - Contribution to the Rural Infrastructure Development Fund (RIDF) and other funds,https://rbidocs.rbi.org.in/rdocs/Notification/PDFs/NT226FD2E4397048A41499B165F33AA4294C8.PDF,data\full_dataset\rbi\pdf\RBI_2019-20_226_DOR__PCB_.BPD.Cir.No.12_09.09.002_2019-20__887c67a1.pdf
11878,RBI/2019-20/225 DOR.FSD.BC.No.67/24.01.041/2019-20,"April 23, 2020",Electronic Cards for Overdraft Accounts,https://rbidocs.rbi.org.in/rdocs/Notification/PDFs/NT225F53F5A3AFB6245B3AB7BF621C11AA588.PDF,data\full_dataset\rbi\pdf\RBI_2019-20_225_DOR.FSD.BC.No.67_24.01.041_2019-20__0a33939e.pdf
11877,RBI/2019-20/224 FIDD.CO.FSD.BC.No.24/05.02.001/2019-20,"April 21, 2020",Interest Subvention (IS) and Prompt Repayment Incentive (PRI) for Short Term Crop Loans during the years 2018-19 and 2019-20: Extended Period on account of Covid-19,https://rbidocs.rbi.org.in/rdocs/Notification/PDFs/ISPRI3D88B966C9184A2C83D88DB5DB2CF4B8.PDF,data\full_dataset\rbi\pdf\RBI_2019-20_224_FIDD.CO.FSD.BC.No.24_05.02.001_2019-20__354ee3b1.pdf
11876,,,Auction for Sale (Re-issue) of Government Stock (GS),https://rbidocs.rbi.org.in/rdocs/Notification/PDFs/NT20042020_EN97FB72E765504BC4AB499A3E4799A254.PDF,data\full_dataset\rbi\pdf\Auction_for_Sale__Re-issue__of_Government_Stock__GS___6b997ed8.pdf
11875,RBI/2019-20/223 Ref.No.IDMD/08.02.032/2019-20,"April 20, 2020",Auction of Government of India Dated Securities,https://rbidocs.rbi.org.in/rdocs/Notification/PDFs/NT22235BE1D61A5FEA4B5881659FF8166E5EE0.PDF,data\full_dataset\rbi\pdf\RBI_2019-20_223_Ref.No.IDMD_08.02.032_2019-20__1acaa3b4.pdf
11874,RBI/2019-20/222 DOR.(PCB).BPD.Cir.No.11/16.20.000/2019-20,"April 20, 2020",Provisioning on interbank exposure of Primary (Urban) Co-operative Banks (UCBs) under All Inclusive Directions,https://rbidocs.rbi.org.in/rdocs/Notification/PDFs/222UCMAID55C3376CDF274A3282503B53EC0F7A06.PDF,data\full_dataset\rbi\pdf\RBI_2019-20_222_DOR._PCB_.BPD.Cir.No.11_16.20.000_2019-20__721f4910.pdf
11873,RBI/2019-20/221 DOR.AML.BC.No.66/14.01.001/2019-20,"April 20, 2020",Internal ML/TF risk assessment by REs - Amendment to Master Direction (MD) on KYC,https://rbidocs.rbi.org.in/rdocs/Notification/PDFs/221IRAMDKYC501344A199CE47A5959F047427D7D56A.PDF,data\full_dataset\rbi\pdf\RBI_2019-20_221_DOR.AML.BC.No.66_14.01.001_2019-20__77e755ab.pdf
11872,RBI/2019-20/220 DOR.No.BP.BC.63/21.04.048/2019-20,"April 17, 2020",COVID19 Regulatory Package - Asset Classification and Provisioning,https://rbidocs.rbi.org.in/rdocs/Notification/PDFs/ASSETCLASSIFICATIONE5F6BD8C6D574086B7D36DC8CF7E13A9.PDF,data\full_dataset\rbi\pdf\RBI_2019-20_220_DOR.No.BP.BC.63_21.04.048_2019-20__0d657762.pdf
11871,RBI/2019-20/219 DOR.No.BP.BC.62/21.04.048/2019-20,"April 17, 2020",COVID19 Regulatory Package – Review of Resolution Timelines under the Prudential Framework on Resolution of Stressed Assets,https://rbidocs.rbi.org.in/rdocs/Notification/PDFs/219PRUDENTIALFRAMEWORK432FCCE0C77E4280985E3CDA4C2ECB13.PDF,data\full_dataset\rbi\pdf\RBI_2019-20_219_DOR.No.BP.BC.62_21.04.048_2019-20__ddda68e4.pdf
11870,RBI/2019-20/217 DOR.BP.BC.No.65/21.04.098/2019-20,"April 17, 2020",Basel III Framework on Liquidity Standards – Liquidity Coverage Ratio (LCR),https://rbidocs.rbi.org.in/rdocs/Notification/PDFs/NT2170558BB99816C46E1993A0920861FCCC7.PDF,data\full_dataset\rbi\pdf\RBI_2019-20_217_DOR.BP.BC.No.65_21.04.098_2019-20__eadba6e8.pdf
11869,RBI/2019-20/218 DOR.BP.BC.No.64/21.02.067/2019-20,"April 17, 2020",Declaration of dividends by banks,https://rbidocs.rbi.org.in/rdocs/Notification/PDFs/218DIVIDENDRESTRICTIONS16D2C5C385314D1FA7298158408DF196.PDF,data\full_dataset\rbi\pdf\RBI_2019-20_218_DOR.BP.BC.No.64_21.02.067_2019-20__d0f06b5a.pdf
11868,RBI/2019-20/216 DoR.NBFC (PD).CC.No.110/03.10.001/2019-20,"April 17, 2020","Prudential Norms on Income Recognition, Asset Classification and Provisioning Pertaining to Advances - Projects under Implementation",https://rbidocs.rbi.org.in/rdocs/Notification/PDFs/NT216D0553B557CB34B57AF49DAF0D9D15DFD.PDF,data\full_dataset\rbi\pdf\RBI_2019-20_216_DoR.NBFC__PD_.CC.No.110_03.10.001_2019-20__f0294f0f.pdf
11867,RBI/2019-2020/215 FMOD.MAOG.No.141/01.01.001/2019-20,"April 17, 2020",Liquidity Adjustment Facility – Reverse Repo Rate,https://rbidocs.rbi.org.in/rdocs/Notification/PDFs/NT2159E39606EE3C24A2C8600CDB4CA66031C.PDF,data\full_dataset\rbi\pdf\RBI_2019-2020_215_FMOD.MAOG.No.141_01.01.001_2019-20__dd3d863d.pdf
11866,RBI/2019-20/214 A.P. (DIR Series) Circular No. 30,"April 15, 2020",Investment by Foreign Portfolio Investors (FPI) in Government Securities: Medium Term Framework (MTF),https://rbidocs.rbi.org.in/rdocs/Notification/PDFs/FPI19C2AF97866841C3A804DD6F672F02D4.PDF,data\full_dataset\rbi\pdf\RBI_2019-20_214_A.P.__DIR_Series__Circular_No._30__13b56df5.pdf
11865,"RBI/2019-20/213 IDMD.CDD.2730/14.04.050/2019-20 April 13, 2020 (Updated as","September 9, 2021","Sovereign Gold Bond Scheme of the Government of India (GoI)-Procedural Guidelines - Consolidated (Updated as on September 9, 2021)",https://rbidocs.rbi.org.in/rdocs/Notification/PDFs/NT213D284915879614743B62905AFCCB24DB6.PDF,data\full_dataset\rbi\pdf\RBI_2019-20_213_IDMD.CDD.2730_14.04.050_2019-20_April_13__2020__Updated_as__28b0379a.pdf
11864,RBI/2019-20/212 IDMD.CDD. No.2729/14.04.050/2019-20,"April 13, 2020","Sovereign Gold Bond Scheme (SGB) 2020-21- Series I, II, III, IV, V, VI",https://rbidocs.rbi.org.in/rdocs/Notification/PDFs/GOI130420205858E3C8B2964DA098C328E0168D9872.PDF,data\full_dataset\rbi\pdf\RBI_2019-20_212_IDMD.CDD._No.2729_14.04.050_2019-20__bb554a32.pdf
11863,,,Auction for Sale (Issue/Re-issue) of Government Stock (GS),https://rbidocs.rbi.org.in/rdocs/Notification/PDFs/NOT_130420200BAF23F1A05D43DAA7E22216247016D7.PDF,data\full_dataset\rbi\pdf\Auction_for_Sale__Issue_Re-issue__of_Government_Stock__GS___373318ab.pdf
11862,RBI/2019-20/211 Ref.No.IDMD/08.02.032/2019-20,"April 13, 2020",Auction of Government of India Dated Securities,https://rbidocs.rbi.org.in/rdocs/Notification/PDFs/NOT21190F8EED1D7E64924A483A5E9CAAD2680.PDF,data\full_dataset\rbi\pdf\RBI_2019-20_211_Ref.No.IDMD_08.02.032_2019-20__1dc0ec16.pdf
11861,RBI/2019-20/210 A.P.(DIR Series) Circular No. 29,"April 7, 2020",Risk Management and Inter-bank Dealings – Hedging of foreign exchange risk,https://rbidocs.rbi.org.in/rdocs/Notification/PDFs/NOTI2102D9E3B765FA24567BD53900C4FA971B6.PDF,data\full_dataset\rbi\pdf\RBI_2019-20_210_A.P._DIR_Series__Circular_No._29__099f40cd.pdf
11860,,,Auction for Sale (Issue/Re-issue) of Government Stock (GS),https://rbidocs.rbi.org.in/rdocs/Notification/PDFs/GOI030420202CD3465B0E2F4166BD04307FD4DE24EF.PDF,data\full_dataset\rbi\pdf\Auction_for_Sale__Issue_Re-issue__of_Government_Stock__GS___35a0ecbe.pdf
11859,RBI/2019-20/209 Ref.No.IDMD/08.02.032/2019-20,"April 3, 2020",Auction of Government of India Dated Securities,https://rbidocs.rbi.org.in/rdocs/Notification/PDFs/NOTI209013C67DFFEE4473CB7188CA42D85027F.PDF,data\full_dataset\rbi\pdf\RBI_2019-20_209_Ref.No.IDMD_08.02.032_2019-20__a3955e77.pdf
11858,RBI/2019-20/208 A. P. (DIR Series) Circular No. 28,"April 03, 2020",Rupee Drawing Arrangement – Remittance to the Prime Minister’s Citizen Assistance and Relief in Emergency Situations (PM-CARES) Fund,https://rbidocs.rbi.org.in/rdocs/Notification/PDFs/NOT2087A69F5158C174585A46C69B78BD96DBD.PDF,data\full_dataset\rbi\pdf\RBI_2019-20_208_A._P.__DIR_Series__Circular_No._28__8a991bbb.pdf
11857,RBI/2019-20/207 DOR.AML.BC.No.61/14.01.001/2019-20,"April 01, 2020",Amendment to Master Direction (MD) on KYC,https://rbidocs.rbi.org.in/rdocs/Notification/PDFs/207MDKYC412E92F3280B422A8394D3D0F3C288C3.PDF,data\full_dataset\rbi\pdf\RBI_2019-20_207_DOR.AML.BC.No.61_14.01.001_2019-20__f24c4eab.pdf
11856,,"March 31, 2020","Foreign Exchange Management (Export of Goods and Services) (Amendment) Regulations, 2020",https://rbidocs.rbi.org.in/rdocs/Notification/PDFs/FEMA23R3991A9612AEE34BB0BD8FC52B66CC4060.PDF,data\full_dataset\rbi\pdf\Foreign_Exchange_Management__Export_of_Goods_and_Services___Amendment__Regulations__2020__76112061.pdf
11855,RBI/2019-20/206 A. P. (DIR Series) Circular No. 27,"April 01, 2020",Export of Goods and Services- Realisation and Repatriation of Export Proceeds-Relaxation,https://rbidocs.rbi.org.in/rdocs/Notification/PDFs/206APDIR71005D031FF2461BAD5E81AF6FA82395.PDF,data\full_dataset\rbi\pdf\RBI_2019-20_206_A._P.__DIR_Series__Circular_No._27__e35c4667.pdf
11854,RBI/2019-20/205 A.P. (DIR Series) Circular No.26,"April 01, 2020",Exim Bank's Government of India supported Line of Credit (LoC) of USD 161.36 million to the Government of the Republic of Burundi,https://rbidocs.rbi.org.in/rdocs/Notification/PDFs/NT20561B9BD86476B49CD940DAEFB78A2FED0.PDF,data\full_dataset\rbi\pdf\RBI_2019-20_205_A.P.__DIR_Series__Circular_No.26__8cf57ff4.pdf
11853,RBI/2019-20/204 DoR.Appt.No.58/29.67.001/2019-20,"March 31, 2020",Appointment of Managing Director and Chief Executive Officer (MD & CEO) / CEO / part-time Chairperson (PTC) in Banks – ‘Declaration and Undertaking’ and allied matters,https://rbidocs.rbi.org.in/rdocs/Notification/PDFs/MDCEO8072757600AD4C3CB61E75743D52B74E.PDF,data\full_dataset\rbi\pdf\RBI_2019-20_204_DoR.Appt.No.58_29.67.001_2019-20__5d6fbf65.pdf
11852,RBI/2019-20/203 DOR.CO.Leg.BC.No.59/09.07.005/2019-20,"March 31, 2020",Doorstep Banking Services for Senior Citizens and Differently Abled Persons,https://rbidocs.rbi.org.in/rdocs/Notification/PDFs/203CDBC69575209AF64C93AB73B3E65A86ADF1.PDF,data\full_dataset\rbi\pdf\RBI_2019-20_203_DOR.CO.Leg.BC.No.59_09.07.005_2019-20__3af423d6.pdf
11851,RBI/2019-20/202 FIDD.CO.FSD.BC.No.23/05.02.001/2019-20,"March 31, 2020",Short Term Crop Loans eligible for Interest Subvention Scheme (ISS) and Prompt Repayment Incentive (PRI) through KCC,https://rbidocs.rbi.org.in/rdocs/Notification/PDFs/202STCLISSF5CBF1B339CA496EAB7BC5B11DD0DE24.PDF,data\full_dataset\rbi\pdf\RBI_2019-20_202_FIDD.CO.FSD.BC.No.23_05.02.001_2019-20__7949febd.pdf
11850,RBI/2019-20/201 FMRD.FMSD.No.25/14.01.006/2019-20,"March 30, 2020",‘Fully Accessible Route’ for Investment by Non-residents in Government Securities - (specified securities),https://rbidocs.rbi.org.in/rdocs/Notification/PDFs/DIRECTION3619B5C52DDD4542A40C86D4B6B9F66D.PDF,data\full_dataset\rbi\pdf\RBI_2019-20_201_FMRD.FMSD.No.25_14.01.006_2019-20__7977cce0.pdf
11849,RBI/2019-20/200 A.P. (DIR Series) Circular No. 25,"March 30, 2020",‘Fully Accessible Route’ for Investment by Non-residents in Government Securities,https://rbidocs.rbi.org.in/rdocs/Notification/PDFs/NOT20002D420738201429395C108665A28EF27.PDF,data\full_dataset\rbi\pdf\RBI_2019-20_200_A.P.__DIR_Series__Circular_No._25__99f423da.pdf
11848,RBI/2019-20/199 A.P. (DIR Series) Circular No. 24,"March 30, 2020",Investment by Foreign Portfolio Investors (FPI): Investment limits,https://rbidocs.rbi.org.in/rdocs/Notification/PDFs/APDIR199CBCDC327BD354347821544014A340B27.PDF,data\full_dataset\rbi\pdf\RBI_2019-20_199_A.P.__DIR_Series__Circular_No._24__dac37c2c.pdf
11847,"RBI/2019-20/198 DPSS.CO.RPPD.No./1864/03.01.03/2019-20 March 30, 2020 The C","March 31, 2020","Special Clearing Operations on March 31, 2020",https://rbidocs.rbi.org.in/rdocs/Notification/PDFs/198SCOC2DD2E5D9C464998B344AE4B6938F76A.PDF,data\full_dataset\rbi\pdf\RBI_2019-20_198_DPSS.CO.RPPD.No._1864_03.01.03_2019-20_March_30__2020_The_C__8a0d8a55.pdf
11846,RBI/2019-20/197 FIDD.CO.LBS.BC.No.22/02.01.001/2019-20,"March 30, 2020",Amalgamation of Public Sector Banks - Assignment of SLBC/ UTLBC Convenorship and Lead Bank responsibilities,https://rbidocs.rbi.org.in/rdocs/Notification/PDFs/NT1978026F148C28D4BED9EADCAD322C41289.PDF,data\full_dataset\rbi\pdf\RBI_2019-20_197_FIDD.CO.LBS.BC.No.22_02.01.001_2019-20__f6d4b527.pdf
11845,"RBI/2019-20/196 DOR.NBD.No.44/16.13.218/2019-20 March 28, 2020 Managing Dir","November 27, 2014","‘Guidelines for Licensing of Small Finance Banks in Private Sector’ dated November 27, 2014 – Modifications to existing norms",https://rbidocs.rbi.org.in/rdocs/Notification/PDFs/NT196F0C07E85E99849839CF6E370BC3D99BF.PDF,data\full_dataset\rbi\pdf\RBI_2019-20_196_DOR.NBD.No.44_16.13.218_2019-20_March_28__2020_Managing_Dir__52be769d.pdf
11844,RBI/2019-20/195 DOR.AML.BC.No.58/14.06.001/2019-20,"March 27, 2020","Implementation of Section 51A of UAPA, 1967 - Updates to UNSC’s 1267/ 1989 ISIL (Da'esh) & Al-Qaida Sanctions List - Deletion of one individual",https://rbidocs.rbi.org.in/rdocs/Notification/PDFs/UNSC51C7F22C6E404BE6A887D7E6009A358C.PDF,data\full_dataset\rbi\pdf\RBI_2019-20_195_DOR.AML.BC.No.58_14.06.001_2019-20__5d5055b6.pdf
11843,RBI/2019-20/193 A.P. (DIR Series) Circular No.23,"March 27, 2020",Risk Management and Inter-bank Dealings- Participation of Banks in Offshore Non-deliverable Rupee Derivative Markets,https://rbidocs.rbi.org.in/rdocs/Notification/PDFs/SOLONDF01A3A921152B4A388D6A9C46B2D4FE4F.PDF,data\full_dataset\rbi\pdf\RBI_2019-20_193_A.P.__DIR_Series__Circular_No.23__4e80d054.pdf
11842,RBI/2019-20/194 DGBA.GBD.No.1799/42.01.029/2019-20,"March 27, 2020",Annual Closing of Government Accounts – Transactions of Central / State Governments – Special Measures for the Current Financial Year (2019-20),https://rbidocs.rbi.org.in/rdocs/Notification/PDFs/NOT194747D1C660D7342E1AD556F2D441702EF.PDF,data\full_dataset\rbi\pdf\RBI_2019-20_194_DGBA.GBD.No.1799_42.01.029_2019-20__1e46ee3a.pdf
11841,RBI/2019-20/191 DOR.No.Ret.BC.49/12.01.001/2019-20,"March 27, 2020",Maintenance of Cash Reserve Ratio (CRR),https://rbidocs.rbi.org.in/rdocs/Notification/PDFs/NOTI191853C2E37DDCA4A1CBF355C6A998F5660.PDF,data\full_dataset\rbi\pdf\RBI_2019-20_191_DOR.No.Ret.BC.49_12.01.001_2019-20__8c50065f.pdf
11840,RBI/2019-20/192 DOR.No.Ret.BC.51/12.01.001/2019-20,"March 27, 2020","Section 42(1) of the Reserve Bank of India Act, 1934 - Change in Daily Minimum Cash Reserve Maintenance Requirement",https://rbidocs.rbi.org.in/rdocs/Notification/PDFs/NOT192925EFFEAB1B44D0BA813013B4B00A359.PDF,data\full_dataset\rbi\pdf\RBI_2019-20_192_DOR.No.Ret.BC.51_12.01.001_2019-20__a690e756.pdf
11839,RBI/2019-20/190 DOR.No.Ret.BC.53/12.01.001/2019-20,"March 27, 2020",Change in Bank Rate,https://rbidocs.rbi.org.in/rdocs/Notification/PDFs/NOT19089EDCCF4DC674B7AB80F979AA01E4989.PDF,data\full_dataset\rbi\pdf\RBI_2019-20_190_DOR.No.Ret.BC.53_12.01.001_2019-20__8e7637e0.pdf
11838,RBI/2019-20/189 DOR.No.Ret.BC.52/12.01.001/2019-20,"March 27, 2020","Section 24 of the Banking Regulation Act, 1949 – Maintenance of Statutory Liquidity Ratio (SLR) – Marginal Standing Facility (MSF)",https://rbidocs.rbi.org.in/rdocs/Notification/PDFs/NOTI189D34B32393D5A4A81B6C7B322FF5D1743.PDF,data\full_dataset\rbi\pdf\RBI_2019-20_189_DOR.No.Ret.BC.52_12.01.001_2019-20__ce9d589d.pdf
11837,RBI/2019-20/188 DOR.BP.BC.No.45/21.06.201/2019-20,"March 27, 2020",Basel III Capital Regulations - Review of transitional arrangements,https://rbidocs.rbi.org.in/rdocs/Notification/PDFs/NOT1881813BBCFD848415FBEA388E4E3E29BE8.PDF,data\full_dataset\rbi\pdf\RBI_2019-20_188_DOR.BP.BC.No.45_21.06.201_2019-20__bd0775c3.pdf
11836,RBI/2019-20/187 DOR.BP.BC.No.46/21.04.098/2019-20,"March 27, 2020",Basel III Framework on Liquidity Standards – Net Stable Funding Ratio (NSFR),https://rbidocs.rbi.org.in/rdocs/Notification/PDFs/NOTI1871F26056D40844CB286E2558B12EF7C98.PDF,data\full_dataset\rbi\pdf\RBI_2019-20_187_DOR.BP.BC.No.46_21.04.098_2019-20__ae347c91.pdf
11835,RBI/2019-20/186 DOR.No.BP.BC.47/21.04.048/2019-20,"March 27, 2020",COVID-19 – Regulatory Package,https://rbidocs.rbi.org.in/rdocs/Notification/PDFs/NOTI186B27003E9DB3D4FB49BDDF955F4289D68.PDF,data\full_dataset\rbi\pdf\RBI_2019-20_186_DOR.No.BP.BC.47_21.04.048_2019-20__9e851eef.pdf
11834,RBI/2019-20/185 FMRD.FMID.No.24/11.01.007/2019-20,"March 27, 2020","Legal Entity Identifier: Extension of deadline [These directions have been superseded by Master Direction - Reserve Bank of India (Unique Identifiers in Financial Markets) Directions, 2026]",https://rbidocs.rbi.org.in/rdocs/Notification/PDFs/NOT185246CB2BC78DA4F7188740B5528CA73D2.PDF,data\full_dataset\rbi\pdf\RBI_2019-20_185_FMRD.FMID.No.24_11.01.007_2019-20__3b186686.pdf
11833,RBI/2019-20/184 REF.No.MPD.BC.390/07.01.279/2019-20,"March 27, 2020",Standing Liquidity Facility for Primary Dealers,https://rbidocs.rbi.org.in/rdocs/Notification/PDFs/184SLFPDS5F1EB626C0594ADBA826D9B2FE76FD4B.PDF,data\full_dataset\rbi\pdf\RBI_2019-20_184_REF.No.MPD.BC.390_07.01.279_2019-20__835fa1ad.pdf
11832,RBI/2019-2020/183 FMOD.MAOG.No.139/01.18.001/2019-20,"March 27, 2020",Marginal Standing Facility,https://rbidocs.rbi.org.in/rdocs/Notification/PDFs/NOT18374EDF2AB10C7490CBC3960537A95DE1D.PDF,data\full_dataset\rbi\pdf\RBI_2019-2020_183_FMOD.MAOG.No.139_01.18.001_2019-20__c1616173.pdf
11831,RBI/2019-2020/182 FMOD.MAOG.No.140/01.01.001/2019-20,"March 27, 2020",Liquidity Adjustment Facility – Repo and Reverse Repo Rates,https://rbidocs.rbi.org.in/rdocs/Notification/PDFs/NOTI18254BF5E95BC68481B93509081E833650E.PDF,data\full_dataset\rbi\pdf\RBI_2019-2020_182_FMOD.MAOG.No.140_01.01.001_2019-20__03f0deef.pdf
11830,RBI/2019-20/181 FIDD.CO.LBS.BC.No.21/02.08.001/2019-20,"March 26, 2020",Formation of new district in the State of Chhattisgarh – Assignment of Lead Bank Responsibility,https://rbidocs.rbi.org.in/rdocs/Notification/PDFs/NOTI18138A11342DF9A4F91919102C0A4E55FD5.PDF,data\full_dataset\rbi\pdf\RBI_2019-20_181_FIDD.CO.LBS.BC.No.21_02.08.001_2019-20__5df8ef36.pdf
11829,RBI/2019-20/180 FIDD.CO.LBS.BC.No.20/02.01.001/2019-20,"March 26, 2020",Formation of new Union Territory of The Dadra and Nagar Haveli and Daman and Diu - Assignment of UTLBC Convenorship,https://rbidocs.rbi.org.in/rdocs/Notification/PDFs/180FIDD8086B7912A804D13B8F968BB9334356A.PDF,data\full_dataset\rbi\pdf\RBI_2019-20_180_FIDD.CO.LBS.BC.No.20_02.01.001_2019-20__e6343761.pdf
11828,RBI/2019-20/179 FIDD.CO.Plan.BC.No.19/04.09.01/2019-20,"March 23, 2020",Priority Sector Lending - Lending by banks to NBFCs for On-Lending,https://rbidocs.rbi.org.in/rdocs/Notification/PDFs/NOT179A2BCEB830C3748BCB4A2688354A01584.PDF,data\full_dataset\rbi\pdf\RBI_2019-20_179_FIDD.CO.Plan.BC.No.19_04.09.01_2019-20__95f079d2.pdf
11827,RBI/2019-20/178 DOR.No.BP.BC.43 /21.01.003/2019-20,"March 23, 2020",Large Exposures Framework,https://rbidocs.rbi.org.in/rdocs/Notification/PDFs/NOTI178F15AA400A8224A4DBA056F5CA5506DAE.PDF,data\full_dataset\rbi\pdf\RBI_2019-20_178_DOR.No.BP.BC.43__21.01.003_2019-20__217bf0e7.pdf
11826,,"March 04, 2020","Foreign Exchange Management (Manner of Receipt and Payment) (Second Amendment) Regulations, 2020",https://rbidocs.rbi.org.in/rdocs/Notification/PDFs/FEMA14R217032020CA6D5025C3A84063B70F4913618D0DFA.PDF,data\full_dataset\rbi\pdf\Foreign_Exchange_Management__Manner_of_Receipt_and_Payment___Second_Amendment__Regulations__2020__791c58a2.pdf
11825,RBI/2019-20/177 A. P. (DIR Series) Circular No. 22,"March 17, 2020",Settlement system under Asian Clearing Union (ACU) Mechanism,https://rbidocs.rbi.org.in/rdocs/Notification/PDFs/APDIR224FEF73D3AC9D41B4A79F3D1117C3EB89.PDF,data\full_dataset\rbi\pdf\RBI_2019-20_177_A._P.__DIR_Series__Circular_No._22__1276e5d6.pdf
11824,RBI/2019-20/176 DOR.No.BP.BC.41/08.12.014/2019-20,"March 17, 2020",Issue of Long Term Bonds by Banks – Financing of Infrastructure and Affordable Housing,https://rbidocs.rbi.org.in/rdocs/Notification/PDFs/NOTI176DD88A09482D34A878C5B25EC18ABE5A6.PDF,data\full_dataset\rbi\pdf\RBI_2019-20_176_DOR.No.BP.BC.41_08.12.014_2019-20__ad61919c.pdf
11823,RBI/2019-20/175 DOR.BP.BC.No.42/21.04.141/2019-20,"March 17, 2020","Prudential Norms for Classification, Valuation and Operation of Investment Portfolio by Banks – Spreading of MTM losses and creation of Investment Fluctuation Reserve (IFR)",https://rbidocs.rbi.org.in/rdocs/Notification/PDFs/NOTI175CD88250E49F74156850C2D9B312E8DF5.PDF,data\full_dataset\rbi\pdf\RBI_2019-20_175_DOR.BP.BC.No.42_21.04.141_2019-20__c3739226.pdf
11822,,"November 17, 2020","Guidelines on Regulation of Payment Aggregators and Payment Gateways (Updated as on November 17, 2020)",https://rbidocs.rbi.org.in/rdocs/Notification/PDFs/NT17460E0944781414C47951B6D79AE4B211C.PDF,data\full_dataset\rbi\pdf\Guidelines_on_Regulation_of_Payment_Aggregators_and_Payment_Gateways__Updated_as_on_November_17__2020___3e3e4292.pdf
11821,RBI/2019-20/173 DGBA.GBD.No.1744/42.01.029/2019-20,"March 17, 2020",Reporting and Accounting of Central Government Transactions of March 2020,https://rbidocs.rbi.org.in/rdocs/Notification/PDFs/NT1736843090120654D0282C1761EB48E9F4F.PDF,data\full_dataset\rbi\pdf\RBI_2019-20_173_DGBA.GBD.No.1744_42.01.029_2019-20__87cacc79.pdf
11820,RBI/2019-20/172 DoS.CO.PPG.BC.01/11.01.005/2019-20,"March 16, 2020",COVID-19- Operational and Business Continuity Measures,https://rbidocs.rbi.org.in/rdocs/Notification/PDFs/NT1728EEC42EF697147629A2261A4EAF2D3DD.PDF,data\full_dataset\rbi\pdf\RBI_2019-20_172_DoS.CO.PPG.BC.01_11.01.005_2019-20__2b7c5106.pdf
11819,RBI/2019-20/171 DOR (PCB).BPD.Cir No.10/13.05.000/2019-20,"March 13, 2020",Limits on exposure to single and group borrowers/parties and large exposures and Revision in the target for priority sector lending – UCBs,https://rbidocs.rbi.org.in/rdocs/Notification/PDFs/NT17144DF8BCA29824951B879D5B34668767A.PDF,data\full_dataset\rbi\pdf\RBI_2019-20_171_DOR__PCB_.BPD.Cir_No.10_13.05.000_2019-20__ed7e8872.pdf
11818,RBI/2019-20/170 DOR (NBFC).CC.PD.No.109/22.10.106/2019-20,"March 13, 2020",Implementation of Indian Accounting Standards,https://rbidocs.rbi.org.in/rdocs/Notification/PDFs/NOTI170F341D8DE49C04D4B8382D855A9858583.PDF,data\full_dataset\rbi\pdf\RBI_2019-20_170_DOR__NBFC_.CC.PD.No.109_22.10.106_2019-20__94d61b60.pdf
11817,RBI/2019-20/169 DOR.AML.BC.No.40/14.06.001/2019-20,"March 06, 2020","Implementation of Section 51A of UAPA, 1967 - Addition of three entities to 1267 List",https://rbidocs.rbi.org.in/rdocs/Notification/PDFs/NOTI1691720471CC44E4CCB8651D4AEEE5121A9.PDF,data\full_dataset\rbi\pdf\RBI_2019-20_169_DOR.AML.BC.No.40_14.06.001_2019-20__08e15368.pdf
11816,RBI/2019-20/168 FIDD.CO.LBS.BC.No.18/02.08.001/2019-20,"February 28, 2020",Formation of new districts in the State of Tamil Nadu – Assignment of Lead Bank Responsibility,https://rbidocs.rbi.org.in/rdocs/Notification/PDFs/NT1683FA317F33758492BB36B6531EA158AA0.PDF,data\full_dataset\rbi\pdf\RBI_2019-20_168_FIDD.CO.LBS.BC.No.18_02.08.001_2019-20__e09aba49.pdf
11815,RBI/2019-20/167 DOR.DIR.BC.No.39/13.03.00/2019-20,"February 26, 2020",External Benchmark Based Lending – Medium Enterprises,https://rbidocs.rbi.org.in/rdocs/Notification/PDFs/NOT167D1928275E5B34287AD44E1D5DFDB6561.PDF,data\full_dataset\rbi\pdf\RBI_2019-20_167_DOR.DIR.BC.No.39_13.03.00_2019-20__626c2389.pdf
11814,RBI/2019-20/166 FIDD.CO.FSD.BC.No.1785/05.02.001/2019-20,"February 26, 2020",Short Term Crop Loans eligible for Interest Subvention Scheme (ISS) and Prompt Repayment Incentive (PRI) through KCC,https://rbidocs.rbi.org.in/rdocs/Notification/PDFs/166KCCC30D3EA2CC7647BF83D492824BC9AE3A.PDF,data\full_dataset\rbi\pdf\RBI_2019-20_166_FIDD.CO.FSD.BC.No.1785_05.02.001_2019-20__6ae7a001.pdf
11813,RBI/2019-20/165 DOR.No.Ret.BC.38/12.01.001/2019-20,"February 26, 2020",Investment in Certificates of Deposit (CDs) - Reporting in Form ‘A’ Return,https://rbidocs.rbi.org.in/rdocs/Notification/PDFs/NOT1657C3ECB31610F40018FE8DF4E6007ADC8.PDF,data\full_dataset\rbi\pdf\RBI_2019-20_165_DOR.No.Ret.BC.38_12.01.001_2019-20__d5db9347.pdf
11812,RBI/2019-20/164 DOR.AML.BC.No.37/14.06.001/2019-20,"February 25, 2020","Implementation of Section 51A of UAPA, 1967 - Addition of two entities to 1267 List",https://rbidocs.rbi.org.in/rdocs/Notification/PDFs/SCA250220204F7ED69660DD425796E64B8A219C203F.PDF,data\full_dataset\rbi\pdf\RBI_2019-20_164_DOR.AML.BC.No.37_14.06.001_2019-20__7b428af9.pdf
11811,RBI/2019-20/163 DOR.AML.BC.No.36/14.06.001/2019-20,"February 20, 2020","Implementation of Section 51A of UAPA, 1967 - Removal of two entries from 1267 List",https://rbidocs.rbi.org.in/rdocs/Notification/PDFs/UNSC200220208C140133FF8844CB9A8BCBAD3E982412.PDF,data\full_dataset\rbi\pdf\RBI_2019-20_163_DOR.AML.BC.No.36_14.06.001_2019-20__4929173c.pdf
11810,RBI/2019-20/162 A.P. (DIR Series) Circular No.21,"February 20, 2020",Exim Bank's Government of India supported Line of Credit of USD 11.13 million to the Government of the Republic of Suriname,https://rbidocs.rbi.org.in/rdocs/Notification/PDFs/GSLC2002202059C8F5764008464B863C018B1E275F2D.PDF,data\full_dataset\rbi\pdf\RBI_2019-20_162_A.P.__DIR_Series__Circular_No.21__5a2800b7.pdf
11809,RBI/2019-20/161 DOR.AML.BC.No.35/14.06.001/2019-20,"February 18, 2020","Implementation of Section 51A of UAPA, 1967: Addition of one new entry to 1533 Democratic Republic of the Congo (DRC) Sanctions list",https://rbidocs.rbi.org.in/rdocs/Notification/PDFs/UNSC1802202037479B8F481D4456AE850811469BC74F.PDF,data\full_dataset\rbi\pdf\RBI_2019-20_161_DOR.AML.BC.No.35_14.06.001_2019-20__0790010d.pdf
11808,RBI/2019-20/160 DOR.No.BP.BC.34/21.04.048/2019-20,"February 11, 2020","Micro, Small and Medium Enterprises (MSME) sector – Restructuring of Advances",https://rbidocs.rbi.org.in/rdocs/Notification/PDFs/NT1600B934B214B1647D49F167B6E7F1564C1.PDF,data\full_dataset\rbi\pdf\RBI_2019-20_160_DOR.No.BP.BC.34_21.04.048_2019-20__4eeff51d.pdf
11807,RBI/2019-20/159 DOR.No.Ret.BC.30/12.01.001/2019-20,"February 10, 2020",Incentivising Bank Credit to Specific Sectors – Exemption from CRR Maintenance,https://rbidocs.rbi.org.in/rdocs/Notification/PDFs/CRR443640644FCA4C64928A8AD9739B93A9.PDF,data\full_dataset\rbi\pdf\RBI_2019-20_159_DOR.No.Ret.BC.30_12.01.001_2019-20__b8ac6b20.pdf
11806,RBI/2019-20/158 DOR.No.BP.BC.33/21.04.048/2019-20,"February 07, 2020","Prudential Norms on Income Recognition, Asset Classification and Provisioning Pertaining to Advances - Projects under Implementation",https://rbidocs.rbi.org.in/rdocs/Notification/PDFs/NT158312115D332614C97B20F467F1B97256B.PDF,data\full_dataset\rbi\pdf\RBI_2019-20_158_DOR.No.BP.BC.33_21.04.048_2019-20__539fe51f.pdf
11805,RBI/2019-2020/157 DOR.AML.BC.No.32/14.06.001/2019-20,"February 07, 2020","Implementation of Section 51A of Unlawful Activities Prevention Act (UAPA), 1967- Updates to ISIL (Da'esh) & Al-Qaida Sanctions List",https://rbidocs.rbi.org.in/rdocs/Notification/PDFs/NOT1570FAB5B98BC694CA0B6B89526C8D190D8.PDF,data\full_dataset\rbi\pdf\RBI_2019-2020_157_DOR.AML.BC.No.32_14.06.001_2019-20__30e293cd.pdf
11804,RBI/2019-20/156 DOR.RRB.BL.BC.No.31/31.01.001/2019-20,"February 06, 2020",Guidelines on Merchant Acquiring Business – Regional Rural Banks,https://rbidocs.rbi.org.in/rdocs/Notification/PDFs/NT15652ECFBEA7EA34CD4BA0B069A59DEBCFC.PDF,data\full_dataset\rbi\pdf\RBI_2019-20_156_DOR.RRB.BL.BC.No.31_31.01.001_2019-20__53418b76.pdf
11803,RBI/2019-20/155 FIDD.CO.MSME.BC.No.17/06.02.031/2019-20,"February 5, 2020",Interest Subvention Scheme for MSMEs,https://rbidocs.rbi.org.in/rdocs/Notification/PDFs/NT155E4A0F309981441CCAABE0D629DF1A540.PDF,data\full_dataset\rbi\pdf\RBI_2019-20_155_FIDD.CO.MSME.BC.No.17_06.02.031_2019-20__7db19803.pdf
11802,RBI/2019-20/154 DPSS.CO.PD No.1465/02.14.003/2019-20,"January 31, 2020",Cash withdrawal using Point of Sale (PoS) terminals,https://rbidocs.rbi.org.in/rdocs/Notification/PDFs/NT15495FA50CD30234C5E8513286094F91CCB.PDF,data\full_dataset\rbi\pdf\RBI_2019-20_154_DPSS.CO.PD_No.1465_02.14.003_2019-20__516fc9be.pdf
11801,,,Auction for Sale (Re-issue) of Government Stock (GS),https://rbidocs.rbi.org.in/rdocs/Notification/PDFs/GSEC27012020A847BED92EC2482EB4CF6BA34D943292.PDF,data\full_dataset\rbi\pdf\Auction_for_Sale__Re-issue__of_Government_Stock__GS___f2b6beb3.pdf
11800,RBI/2019-20/153 Ref.No.IDMD/2132/08.02.032/2019-20,"January 27, 2020",Auction of Government of India Dated Securities,https://rbidocs.rbi.org.in/rdocs/Notification/PDFs/NT153A1D504D910BC40DCB15F712133ED734B.PDF,data\full_dataset\rbi\pdf\RBI_2019-20_153_Ref.No.IDMD_2132_08.02.032_2019-20__6911b984.pdf
11799,RBI/2019-20/152 A.P. (DIR Series) Circular No.20,"January 23, 2020",Merchanting Trade Transactions (MTT) – Revised Guidelines,https://rbidocs.rbi.org.in/rdocs/Notification/PDFs/APDIR20395627F10EB645FA8641A0A0B966B593.PDF,data\full_dataset\rbi\pdf\RBI_2019-20_152_A.P.__DIR_Series__Circular_No.20__543b0c68.pdf
11798,RBI/2019-20/151 A.P. (DIR Series) Circular No.19,"January 23, 2020",‘Voluntary Retention Route’ (VRR) for Foreign Portfolio Investors (FPIs) investment in debt – relaxations,https://rbidocs.rbi.org.in/rdocs/Notification/PDFs/APDIR19FABE1903188142B9B669952C85D3DCEE.PDF,data\full_dataset\rbi\pdf\RBI_2019-20_151_A.P.__DIR_Series__Circular_No.19__b1e7f046.pdf
11797,RBI/2019-20/150 A.P. (DIR Series) Circular No.18,"January 23, 2020",Investment by Foreign Portfolio Investors (FPI) in Debt,https://rbidocs.rbi.org.in/rdocs/Notification/PDFs/APDIR18184461ABA6F14E2EA51DF0243B610CE6.PDF,data\full_dataset\rbi\pdf\RBI_2019-20_150_A.P.__DIR_Series__Circular_No.18__2978aab8.pdf
11796,RBI/2019-20/149 DOR.AML.BC. No. 29/14.06.001/2019-20,"January 22, 2020","Implementation of Section 51A of Unlawful Activities Prevention Act (UAPA), 1967- Updates to ISIL (Da'esh) & Al-Qaida Sanctions List",https://rbidocs.rbi.org.in/rdocs/Notification/PDFs/NOTI14954FEF840DE8341A7B922B0AEBFE31C2F.PDF,data\full_dataset\rbi\pdf\RBI_2019-20_149_DOR.AML.BC._No._29_14.06.001_2019-20__a4b0e1ec.pdf
11795,RBI/2019-20/148 DOR.NBFC (PD).CC.No.108/03.10.001/2019-20,"January 21, 2020",Lending against security of single product – Gold jewellery,https://rbidocs.rbi.org.in/rdocs/Notification/PDFs/148LENDINGE170B7775B524A70A63657218883D6FA.PDF,data\full_dataset\rbi\pdf\RBI_2019-20_148_DOR.NBFC__PD_.CC.No.108_03.10.001_2019-20__406f824f.pdf
11794,RBI/2019-20/147 DOR.IBD.BC.No.28/23.13.004/2019-20,"January 21, 2020",Setting up of IFSC Banking Units (IBUs) – Permissible activities,https://rbidocs.rbi.org.in/rdocs/Notification/PDFs/NT1474C334C3B56314FC189E7A765DD426B38.PDF,data\full_dataset\rbi\pdf\RBI_2019-20_147_DOR.IBD.BC.No.28_23.13.004_2019-20__35a5aff5.pdf
11793,,,Auction for Sale (Re-issue) of Government Stock (GS),https://rbidocs.rbi.org.in/rdocs/Notification/PDFs/GSEC2001202017FAE45D153C4C30ABAC5FB55ED34651.PDF,data\full_dataset\rbi\pdf\Auction_for_Sale__Re-issue__of_Government_Stock__GS___19970029.pdf
11792,RBI/2019-20/146 Ref.No.IDMD/2045/08.02.032/2019-20,"January 20, 2020",Auction of Government of India Dated Securities,https://rbidocs.rbi.org.in/rdocs/Notification/PDFs/NOT14693A667F344E448CAA82673558760026A.PDF,data\full_dataset\rbi\pdf\RBI_2019-20_146_Ref.No.IDMD_2045_08.02.032_2019-20__b66b04f3.pdf
11791,RBI/2019-20/145 A.P. (DIR Series) Circular No.17,"January 20, 2020",Introduction of Rupee derivatives at International Financial Services Centres (IFSC),https://rbidocs.rbi.org.in/rdocs/Notification/PDFs/APDIR17BEBA86C0E89041BBAA3425106742E6D1.PDF,data\full_dataset\rbi\pdf\RBI_2019-20_145_A.P.__DIR_Series__Circular_No.17__21453ed3.pdf
11790,RBI/2019-20/144 DoS.OSMOS.No.4633/33.05.018/2019-20,"January 16, 2020",Reporting of Large Exposures to Central Repository of Information on Large Credits (CRILC) – UCBs,https://rbidocs.rbi.org.in/rdocs/Notification/PDFs/NT1441F3569567FD94FB8A49077B4CA59BD27.PDF,data\full_dataset\rbi\pdf\RBI_2019-20_144_DoS.OSMOS.No.4633_33.05.018_2019-20__7c401232.pdf
11789,RBI/2019-20/143 A.P. (DIR Series) Circular No. 16,"January 15, 2020","Hedging of Commodity Price Risk and Freight Risk in Overseas Markets (Reserve Bank) Directions, 2018 - Amendment",https://rbidocs.rbi.org.in/rdocs/Notification/PDFs/NT14359F9769B7A79446495B5C3B1F5761D1F.PDF,data\full_dataset\rbi\pdf\RBI_2019-20_143_A.P.__DIR_Series__Circular_No._16__e2cd7a20.pdf
11788,RBI/2019-20/142 DPSS.CO.PD No.1343/02.14.003/2019-20,"January 15, 2020",Enhancing Security of Card Transactions,https://rbidocs.rbi.org.in/rdocs/Notification/PDFs/NT1428F92B2AAA61D4BDDBF00E9E3904093CA.PDF,data\full_dataset\rbi\pdf\RBI_2019-20_142_DPSS.CO.PD_No.1343_02.14.003_2019-20__09725124.pdf
11787,,,Auction for Sale (Re-issue) of Government Stock (GS),https://rbidocs.rbi.org.in/rdocs/Notification/PDFs/GSEC1301201936681F76A88A4A28A64C7924F745126F.PDF,data\full_dataset\rbi\pdf\Auction_for_Sale__Re-issue__of_Government_Stock__GS___e7254a7f.pdf
11786,RBI/2019-20/141 Ref.No.IDMD/1952/08.02.032/2019-20,"January 13, 2020",Auction of Government of India Dated Securities,https://rbidocs.rbi.org.in/rdocs/Notification/PDFs/NT141FE25734050D34BE7BED8C87283466104.PDF,data\full_dataset\rbi\pdf\RBI_2019-20_141_Ref.No.IDMD_1952_08.02.032_2019-20__378f1ea9.pdf
11785,RBI/2019-20/140 DPSS.CO.OD.No.1328/06.08.005/2019-20,"January 10, 2020","Framework for imposing monetary penalty on authorised payment system operators / banks under the Payment and Settlement Systems Act, 2007",https://rbidocs.rbi.org.in/rdocs/Notification/PDFs/NT140FEA1CD3EEB3447D390B7672041D80825.PDF,data\full_dataset\rbi\pdf\RBI_2019-20_140_DPSS.CO.OD.No.1328_06.08.005_2019-20__b77e3e1c.pdf
11784,RBI/2019-20/139 DPSS.CO.PD No.1324/02.23.001/2019-20,"January 10, 2020",Processing of e-mandate in Unified Payments Interface (UPI) for recurring transactions,https://rbidocs.rbi.org.in/rdocs/Notification/PDFs/UPI100120203AB8E817DFA44A77B2F0B38790F6578C.PDF,data\full_dataset\rbi\pdf\RBI_2019-20_139_DPSS.CO.PD_No.1324_02.23.001_2019-20__9203d6e4.pdf
11783,RBI/2019-20/138 DOR.AML.BC.No.27/14.01.001/2019-20,"January 9, 2020",Amendment to Master Direction (MD) on KYC,https://rbidocs.rbi.org.in/rdocs/Notification/PDFs/CIRCULAR1385B2E30C2E186423CB03EDF39D6133254.PDF,data\full_dataset\rbi\pdf\RBI_2019-20_138_DOR.AML.BC.No.27_14.01.001_2019-20__4a92a05d.pdf
11782,,,Auction for Sale (Re-issue) of Government Stock (GS),https://rbidocs.rbi.org.in/rdocs/Notification/PDFs/GSEC060120208F5AB6CEE1EB4AF5818F6B76FA613621.PDF,data\full_dataset\rbi\pdf\Auction_for_Sale__Re-issue__of_Government_Stock__GS___5a467f10.pdf
11781,RBI/2019-20/137 Ref.No.IDMD/1896/08.02.032/2019-20,"January 06, 2020",Auction of Government of India Dated Securities,https://rbidocs.rbi.org.in/rdocs/Notification/PDFs/NT137D10C4F8E95C44165A61EF099E85E54BC.PDF,data\full_dataset\rbi\pdf\RBI_2019-20_137_Ref.No.IDMD_1896_08.02.032_2019-20__8cbc2fe4.pdf
11780,RBI/2019-20/136 A.P. (DIR Series) Circular No. 15,"January 6, 2020",Risk Management and Inter-bank Dealings- Permitting AD Cat-I banks to voluntarily undertake user and Inter-Bank transactions beyond onshore market hours,https://rbidocs.rbi.org.in/rdocs/Notification/PDFs/NOT13617AF679745544757B1CEC3CB33ABE0B7.PDF,data\full_dataset\rbi\pdf\RBI_2019-20_136_A.P.__DIR_Series__Circular_No._15__cae32dea.pdf
11779,RBI/2019-20/135 DOR (PCB).BPD. Cir No. 9/12.05.001/2019-20,"January 6, 2020",Supervisory Action Framework for Primary (Urban) Co-operative Banks (UCBs),https://rbidocs.rbi.org.in/rdocs/Notification/PDFs/NT135AD0E4D24FAD14FE880B3AE5479D3F3A7.PDF,data\full_dataset\rbi\pdf\RBI_2019-20_135_DOR__PCB_.BPD._Cir_No._9_12.05.001_2019-20__4a541366.pdf
11778,RBI/2019-20/134 A.P. (DIR Series) Circular No. 14,"January 01, 2020",Exim Bank's Government of India supported Line of Credit (LOC) of USD 75 million to Banco Exterior De Cuba,https://rbidocs.rbi.org.in/rdocs/Notification/PDFs/NOTI13473147D2E587449EB8E6DE6CA601071D5.PDF,data\full_dataset\rbi\pdf\RBI_2019-20_134_A.P.__DIR_Series__Circular_No._14__c2e1f5cc.pdf
11777,RBI/2019-20/133 FMRD.FMSD.22/03.07.035/2019-20,"January 01, 2020","Financial Benchmark Administrators (Reserve Bank) Directions, 2019",https://rbidocs.rbi.org.in/rdocs/Notification/PDFs/NT133A86B9FADF5F5447A9F0F2C903DEC3ED8.PDF,data\full_dataset\rbi\pdf\RBI_2019-20_133_FMRD.FMSD.22_03.07.035_2019-20__c4097755.pdf
11776,RBI/2019-20/132 FMRD.FMID No.23/02.05.002/2019-20,"January 01, 2020",Reporting of OTC Currency Derivative transactions to trade repository,https://rbidocs.rbi.org.in/rdocs/Notification/PDFs/CIRCULAR13240B4111E76F2486CBBD342389649C0B6.PDF,data\full_dataset\rbi\pdf\RBI_2019-20_132_FMRD.FMID_No.23_02.05.002_2019-20__fb913276.pdf
11775,RBI/2019-20/131 DOR.NBFC (PD) CC.No.107/03.10.001/2019-20,"December 31, 2019",Extension of relaxation on the guidelines to NBFCs on securitisation transactions,https://rbidocs.rbi.org.in/rdocs/Notification/PDFs/NT131C34F79C5276C4A6BAC7FA7A8B86C0326.PDF,data\full_dataset\rbi\pdf\RBI_2019-20_131_DOR.NBFC__PD__CC.No.107_03.10.001_2019-20__d0afddc6.pdf
11774,RBI/2019-20/128 DoR (PCB).BPD.Cir.No.8/12.05.002/2019-20,"December 31, 2019",Constitution of Board of Management (BoM) in Primary (Urban) Co-operative Banks (UCBs),https://rbidocs.rbi.org.in/rdocs/Notification/PDFs/NOTI128B7ED793D4C334C00951D180DBD96F082.PDF,data\full_dataset\rbi\pdf\RBI_2019-20_128_DoR__PCB_.BPD.Cir.No.8_12.05.002_2019-20__095ba1c8.pdf
11773,RBI/2019-20/130 DoS.CO/CSITE/BC.4084/31.01.015/2019-20,"December 31, 2019",Cyber Security controls for Third party ATM Switch Application Service Providers,https://rbidocs.rbi.org.in/rdocs/Notification/PDFs/NT13060CC89309DEC4BFB8B7CBC33FAA05FE5.PDF,data\full_dataset\rbi\pdf\RBI_2019-20_130_DoS.CO_CSITE_BC.4084_31.01.015_2019-20__9e777d3e.pdf
11772,RBI/2019-20/129 DoS.CO/CSITE/BC.4083/31.01.052/2019-20,"December 31, 2019",Comprehensive Cyber Security Framework for Primary (Urban) Cooperative Banks (UCBs) – A Graded Approach,https://rbidocs.rbi.org.in/rdocs/Notification/PDFs/NOTI129BB26DEA3F5C54198BF24774E1222E61A.PDF,data\full_dataset\rbi\pdf\RBI_2019-20_129_DoS.CO_CSITE_BC.4083_31.01.052_2019-20__16c47b5f.pdf
11771,,,Auction for Sale (Re-issue) of Government Stock (GS),https://rbidocs.rbi.org.in/rdocs/Notification/PDFs/GECE30122019C0532D66B0544432AFC90B2E031D6636.PDF,data\full_dataset\rbi\pdf\Auction_for_Sale__Re-issue__of_Government_Stock__GS___43655ae7.pdf
11770,RBI/2019-20/127 Ref.No.IDMD/1828/08.02.032/2019-20,"December 30, 2019",Auction of Government of India Dated Securities,https://rbidocs.rbi.org.in/rdocs/Notification/PDFs/NT127FB7B8795517343139B99C98951DF5ED8.PDF,data\full_dataset\rbi\pdf\RBI_2019-20_127_Ref.No.IDMD_1828_08.02.032_2019-20__1a573402.pdf
11769,RBI/2019-20/126 DPSS.CO.PD No.1227/02.31.001/2019-20,"December 30, 2019",Enhancing facilitation of National Electronic Toll Collection (NETC) system,https://rbidocs.rbi.org.in/rdocs/Notification/PDFs/NT12698B289EEDD39496DBB645C025AE3E215.PDF,data\full_dataset\rbi\pdf\RBI_2019-20_126_DPSS.CO.PD_No.1227_02.31.001_2019-20__ec12282d.pdf
11768,RBI/2019-20/125 DOR (PCB).BPD.Cir.No.7/13.05.000/2019-20,"December 27, 2019",Reporting of Large Exposures to Central Repository of Information on Large Credits (CRILC) - UCBs,https://rbidocs.rbi.org.in/rdocs/Notification/PDFs/NOTI125C649371DEA2C4DA3AE763AA5E1311603.PDF,data\full_dataset\rbi\pdf\RBI_2019-20_125_DOR__PCB_.BPD.Cir.No.7_13.05.000_2019-20__9cd17b1a.pdf
11767,RBI/2019-20/124 FIDD.CO.LBS.BC.No.16/02.01.001/2019-20,"December 26, 2019",Formation of new Union Territory of Jammu and Kashmir and Union Territory of Ladakh - Assignment of UTLBC Convenorship,https://rbidocs.rbi.org.in/rdocs/Notification/PDFs/NT1243B252442877E480386C2D826B44E042A.PDF,data\full_dataset\rbi\pdf\RBI_2019-20_124_FIDD.CO.LBS.BC.No.16_02.01.001_2019-20__c2761117.pdf
11766,RBI/2019-20/123 DPSS.CO.PD.No.1198/02.14.006/2019-20,"December 24, 2019","Introduction of a new type of semi-closed Prepaid Payment Instrument (PPI) – PPIs upto ₹ 10,000/- with loading only from bank account",https://rbidocs.rbi.org.in/rdocs/Notification/PDFs/NT123BFC256226BC34E5983A1C842BF0C72EB.PDF,data\full_dataset\rbi\pdf\RBI_2019-20_123_DPSS.CO.PD.No.1198_02.14.006_2019-20__c417ac2d.pdf
11765,RBI/2019-20/122 DOR.IBD.BC.26/23.13.004/2019-20,"December 23, 2019",Setting up of IFSC Banking Units (IBUs) – Permissible activities,https://rbidocs.rbi.org.in/rdocs/Notification/PDFs/NT1226539F85BB0B94229AD7B5A27B0881A3A.PDF,data\full_dataset\rbi\pdf\RBI_2019-20_122_DOR.IBD.BC.26_23.13.004_2019-20__9c33875d.pdf
11764,RBI/2019-20/121 DOR.NBFC(PD) CC.No.106/03.10.124/2019-20,"December 23, 2019","Review of Master Directions - Non-Banking Financial Company – Peer to Peer Lending Platform (Reserve Bank) Directions, 2017",https://rbidocs.rbi.org.in/rdocs/Notification/PDFs/NT121AE85753EDEB54A4EA96577156E56CADC.PDF,data\full_dataset\rbi\pdf\RBI_2019-20_121_DOR.NBFC_PD__CC.No.106_03.10.124_2019-20__b9c6c344.pdf
11763,,,Auction for Sale (Re-issue) of Government Stock (GS),https://rbidocs.rbi.org.in/rdocs/Notification/PDFs/GSEC23122019978BD7269BF84F329DF333154A1F4062.PDF,data\full_dataset\rbi\pdf\Auction_for_Sale__Re-issue__of_Government_Stock__GS___6e9ec709.pdf
11762,RBI/2019-20/120 Ref.No.IDMD/1767/08.02.032/2019-20,"December 23, 2019",Auction of Government of India Dated Securities,https://rbidocs.rbi.org.in/rdocs/Notification/PDFs/NT120D216E8B7E1FE437ABE118B13E33A7E08.PDF,data\full_dataset\rbi\pdf\RBI_2019-20_120_Ref.No.IDMD_1767_08.02.032_2019-20__073fbcb4.pdf
11761,,"December 09, 2019","Foreign Exchange Management (Export of Goods and Services) (Amendment) Regulations, 2019",https://rbidocs.rbi.org.in/rdocs/Notification/PDFs/FEMA23R2312201908D2BB536D7A475BB5044BE5E0CD4836.PDF,data\full_dataset\rbi\pdf\Foreign_Exchange_Management__Export_of_Goods_and_Services___Amendment__Regulations__2019__2b4f4a89.pdf
11760,RBI/2019-20/119 A.P. (DIR Series) Circular No. 13,"December 19, 2019",Exim Bank's Government of India supported Line of Credit (LOC) of USD 23 million to the Republic of Zimbabwe,https://rbidocs.rbi.org.in/rdocs/Notification/PDFs/APDIR1190E4360F72D764437A6C4E32DE2EA371C.PDF,data\full_dataset\rbi\pdf\RBI_2019-20_119_A.P.__DIR_Series__Circular_No._13__d3b52795.pdf
11759,RBI/2019-20/118 A.P. (DIR Series) Circular No. 12,"December 19, 2019",Exim Bank's Government of India supported Line of Credit (LOC) of USD 19.5 million to the Republic of Zimbabwe,https://rbidocs.rbi.org.in/rdocs/Notification/PDFs/APDIR1184BC34C64420B4FC0A2D543A65E988A15.PDF,data\full_dataset\rbi\pdf\RBI_2019-20_118_A.P.__DIR_Series__Circular_No._12__55660ccb.pdf
11758,,,Auction for Sale (Re-issue) of Government Stock (GS),https://rbidocs.rbi.org.in/rdocs/Notification/PDFs/EGSEC16122019F481C8B9973E42D8AC5A4051AD38A609.PDF,data\full_dataset\rbi\pdf\Auction_for_Sale__Re-issue__of_Government_Stock__GS___8deb2ad2.pdf
11757,RBI/2019-20/117 Ref.No.IDMD/1705/08.02.032/2019-20,"December 16, 2019",Auction of Government of India Dated Securities,https://rbidocs.rbi.org.in/rdocs/Notification/PDFs/NT1171CA910F9B3A9485DA703B3CE4DE4E011.PDF,data\full_dataset\rbi\pdf\RBI_2019-20_117_Ref.No.IDMD_1705_08.02.032_2019-20__cdb3ac35.pdf
11756,RBI/2019-20/116 DPSS (CO) RPPD No.1140/04.03.01/2019-20,"December 16, 2019",Furthering Digital Payments – Waiver of Charges – National Electronic Funds Transfer (NEFT) System,https://rbidocs.rbi.org.in/rdocs/Notification/PDFs/NOTI1169DCDE01D21BB468995499AEF5AE1F5B9.PDF,data\full_dataset\rbi\pdf\RBI_2019-20_116_DPSS__CO__RPPD_No.1140_04.03.01_2019-20__f8b508c5.pdf
11755,RBI/2019-20/115 FMOD.MAOG.No.138/01.01.001/2019-20,"December 13, 2019",Liquidity Support (LS) Facility - NEFT 24 x 7,https://rbidocs.rbi.org.in/rdocs/Notification/PDFs/REVISED4CBCCE3242864FC8B14CA19BC618BF7D.PDF,data\full_dataset\rbi\pdf\RBI_2019-20_115_FMOD.MAOG.No.138_01.01.001_2019-20__12911215.pdf
11754,RBI/2019-20/113 DGBA.GBD.No.1141/42.01.034/2019-20,"December 12, 2019",RBI Master Circular on Collection of Direct Tax – OLTAS,https://rbidocs.rbi.org.in/rdocs/Notification/PDFs/NT1141CC090FFB0CE45198B87111D249EDBD2.PDF,data\full_dataset\rbi\pdf\RBI_2019-20_113_DGBA.GBD.No.1141_42.01.034_2019-20__758ea4ab.pdf
11753,RBI/2019-20/114 Ref. No. IDMD/1615/08.02.032/2019-20,"December 12, 2019",Operational Risk Management: Price / Yield range setting in e-Kuber,https://rbidocs.rbi.org.in/rdocs/Notification/PDFs/NT113CA3A43BFAD8B44199E17A4DCB75D27A9.PDF,data\full_dataset\rbi\pdf\RBI_2019-20_114_Ref._No._IDMD_1615_08.02.032_2019-20__071c3e6b.pdf
11752,,,Auction for Sale (Re-issue) of Government Stock (GS),https://rbidocs.rbi.org.in/rdocs/Notification/PDFs/EGSEC091220194B5C50E7D1C743088ED3D5356E8E51EE.PDF,data\full_dataset\rbi\pdf\Auction_for_Sale__Re-issue__of_Government_Stock__GS___5b84de80.pdf
11751,RBI/2019-20/112 Ref.No.IDMD/1579/08.02.032/2019-20,"December 09, 2019",Auction of Government of India Dated Securities,https://rbidocs.rbi.org.in/rdocs/Notification/PDFs/NT112885A2B4B09DA474782C7C8638DE0D488.PDF,data\full_dataset\rbi\pdf\RBI_2019-20_112_Ref.No.IDMD_1579_08.02.032_2019-20__f7f1c184.pdf
11750,RBI/2019-20/111 DPSS (CO) RPPD No.1097/04.03.01/2019-20,"December 6, 2019",Availability of National Electronic Funds Transfer (NEFT) System on 24x7 basis,https://rbidocs.rbi.org.in/rdocs/Notification/PDFs/NT1117D12A7B98FF840459E0191B8A92457E3.PDF,data\full_dataset\rbi\pdf\RBI_2019-20_111_DPSS__CO__RPPD_No.1097_04.03.01_2019-20__d4277fb0.pdf
11749,RBI/2019-20/110 DOR.NBFC(ARC) CC. No. 8/26.03.001/2019-20,"December 6, 2019",Acquisition of financial assets by Asset Reconstruction Companies from sponsors and lenders,https://rbidocs.rbi.org.in/rdocs/Notification/PDFs/NT110F5B8259DDEF844558929DF2EB271A931.PDF,data\full_dataset\rbi\pdf\RBI_2019-20_110_DOR.NBFC_ARC__CC._No._8_26.03.001_2019-20__9cc90062.pdf
11748,RBI/2019-20/109 A.P. (DIR Series) Circular No.11,"December 05, 2019",Exim Bank's Government of India supported Line of Credit (LOC) of USD 500 million to the Government of Bangladesh,https://rbidocs.rbi.org.in/rdocs/Notification/PDFs/APDIR11E0512201995D74E0D6FE84B5687BB53A831AB609E.PDF,data\full_dataset\rbi\pdf\RBI_2019-20_109_A.P.__DIR_Series__Circular_No.11__728025c4.pdf
11747,,,Auction for Sale (Re-issue) of Government Stock (GS),https://rbidocs.rbi.org.in/rdocs/Notification/PDFs/EGSEC02122019D9E81832E99A4B2EA290AE0DCCF66015.PDF,data\full_dataset\rbi\pdf\Auction_for_Sale__Re-issue__of_Government_Stock__GS___2e61940f.pdf
11746,RBI/2019-20/108 Ref.No.IDMD/1515/08.02.032/2019-20,"December 02, 2019",Auction of Government of India Dated Securities,https://rbidocs.rbi.org.in/rdocs/Notification/PDFs/GB06122019FFCE706AE9764DAA93F7B88153F279C9.PDF,data\full_dataset\rbi\pdf\RBI_2019-20_108_Ref.No.IDMD_1515_08.02.032_2019-20__b83fbd88.pdf
11745,"RBI/2019-20/107 FMRD.DIRD.21/14.03.038/2019-20 November 28, 2019 (Updated a","January 01, 2025","(Updated as on January 01, 2025)",https://rbidocs.rbi.org.in/rdocs/Notification/PDFs/107CIRCULARABB6621D83AF41278643E85EF4AC43B0.PDF,data\full_dataset\rbi\pdf\RBI_2019-20_107_FMRD.DIRD.21_14.03.038_2019-20_November_28__2019__Updated_a__f15686ce.pdf
11744,RBI/2019-20/106 DOR.No.Ret.BC.25/12.07.160/2019-20,"November 28, 2019","Exclusion of “Vijaya Bank” and “Dena Bank” from the Second Schedule of the Reserve Bank of India Act, 1934 and cessation as banking companies",https://rbidocs.rbi.org.in/rdocs/Notification/PDFs/NT106VD28112019719899213EE7489B9EBE51E4DCD5CB7D.PDF,data\full_dataset\rbi\pdf\RBI_2019-20_106_DOR.No.Ret.BC.25_12.07.160_2019-20__8669e5cb.pdf
11743,RBI/2019-20/105 FIDD.GSSD.CO.BC.No.15/09.01.01/2019-20,"November 26, 2019",Master Circular – Deendayal Antyodaya Yojana - National Rural Livelihoods Mission (DAY-NRLM),https://rbidocs.rbi.org.in/rdocs/Notification/PDFs/NT105C9AB07919617490AA6CBC835EE89236C.PDF,data\full_dataset\rbi\pdf\RBI_2019-20_105_FIDD.GSSD.CO.BC.No.15_09.01.01_2019-20__020a019a.pdf
11742,,,Auction for Sale (Re-issue) of Government Stock (GS),https://rbidocs.rbi.org.in/rdocs/Notification/PDFs/EGSEC25112019728FAB7A6E1240E094123C424EE92DF4.PDF,data\full_dataset\rbi\pdf\Auction_for_Sale__Re-issue__of_Government_Stock__GS___b9e2c7aa.pdf
11741,RBI/2019-20/104 Ref.No.IDMD/1453/08.02.032/2019-20,"November 25, 2019",Auction of Government of India Dated Securities,https://rbidocs.rbi.org.in/rdocs/Notification/PDFs/NOTI104EF8DA165905A4ED8989A101E740FBE9F.PDF,data\full_dataset\rbi\pdf\RBI_2019-20_104_Ref.No.IDMD_1453_08.02.032_2019-20__0d793fb7.pdf
11740,RBI/2019-20/103 A.P. (DIR Series) Circular No. 10,"November 22, 2019",Re-export of unsold rough diamonds from Special Notified Zone of Customs without Export Declaration Form (EDF) formality,https://rbidocs.rbi.org.in/rdocs/Notification/PDFs/10APDIR2211201964FD0BE9DD6348A0B24CEC1F197650EF.PDF,data\full_dataset\rbi\pdf\RBI_2019-20_103_A.P.__DIR_Series__Circular_No._10__36e2fb68.pdf
11739,RBI/2019-20/102 A.P. (DIR Series) Circular No. 09,"November 22, 2019",Non-resident Rupee Accounts – Review of Policy,https://rbidocs.rbi.org.in/rdocs/Notification/PDFs/09APDIR2211201953BF5CFADEB3493C868A253C6785B9D6.PDF,data\full_dataset\rbi\pdf\RBI_2019-20_102_A.P.__DIR_Series__Circular_No._09__35fa2742.pdf
11738,RBI/2019-20/101 DOR.RCB.No.06/19.51.025/2019-20 24 Kartik 1941,"November 15, 2019","Change in name of “West Bengal State Co-operative Bank Ltd.” to “The West Bengal State Co-operative Bank Ltd.” in the Second Schedule to the Reserve Bank of India Act, 1934",https://rbidocs.rbi.org.in/rdocs/Notification/PDFs/NT1016B7875103C3148F98371F164512B25F4.PDF,data\full_dataset\rbi\pdf\RBI_2019-20_101_DOR.RCB.No.06_19.51.025_2019-20_24_Kartik_1941__794a6ee0.pdf
11737,,"November 13, 2019","Foreign Exchange Management (Manner of Receipt and Payment) (Amendment) Regulations, 2019",https://rbidocs.rbi.org.in/rdocs/Notification/PDFs/FEMA14201112019FLBF363723BD3A421985D7378840C77CDC.PDF,data\full_dataset\rbi\pdf\Foreign_Exchange_Management__Manner_of_Receipt_and_Payment___Amendment__Regulations__2019__4584bf6a.pdf
11736,,"November 13, 2019",Foot Note:,https://rbidocs.rbi.org.in/rdocs/Notification/PDFs/FEMA5R_20112019FF7A2C9A80CB1441BBAC4A50C82A67518.PDF,data\full_dataset\rbi\pdf\Foot_Note___4d199597.pdf
11735,,,Auction for Sale (Re-issue) of Government Stock (GS),https://rbidocs.rbi.org.in/rdocs/Notification/PDFs/EGSEC18112019_E4E9A685CE5A245248E98B53752457E69.PDF,data\full_dataset\rbi\pdf\Auction_for_Sale__Re-issue__of_Government_Stock__GS___c8370106.pdf
11734,RBI/2019-20/100 Ref.No.IDMD/1351/08.02.032/2019-20,"November 18, 2019",Auction of Government of India Dated Securities,https://rbidocs.rbi.org.in/rdocs/Notification/PDFs/NT1009396699178E64C4094ACF74BA1585AD2.PDF,data\full_dataset\rbi\pdf\RBI_2019-20_100_Ref.No.IDMD_1351_08.02.032_2019-20__2a41ea45.pdf
11733,RBI/2019-20/99 DOR.No.Recon.Div.24/10.03.200/2019-20,"November 18, 2019",Liquidation of Aditya Birla Idea Payments Bank Limited,https://rbidocs.rbi.org.in/rdocs/Notification/PDFs/NOTI996D12FFE6CD1B4AF9B94215E94F1AA11E.PDF,data\full_dataset\rbi\pdf\RBI_2019-20_99_DOR.No.Recon.Div.24_10.03.200_2019-20__ddb8b3e5.pdf
11732,RBI/2019-20/98 DOR NBFC (PD) CC.No.105/03.10.136/2019-20,"November 11, 2019",Withdrawal of exemptions granted to Housing Finance Institutions,https://rbidocs.rbi.org.in/rdocs/Notification/PDFs/NOTI982517579395D748DCB063F8336CB3BD96.PDF,data\full_dataset\rbi\pdf\RBI_2019-20_98_DOR_NBFC__PD__CC.No.105_03.10.136_2019-20__ca5fd989.pdf
11731,,,Auction for Sale (Re-issue) of Government Stock (GS),https://rbidocs.rbi.org.in/rdocs/Notification/PDFs/ENGSEC1111201905DA778E722241B199D158B5419086C0.PDF,data\full_dataset\rbi\pdf\Auction_for_Sale__Re-issue__of_Government_Stock__GS___adb47e37.pdf
11730,RBI/2019-20/97 Ref.No.IDMD/1277/08.02.032/2019-20,"November 11, 2019",Auction of Government of India Dated Securities,https://rbidocs.rbi.org.in/rdocs/Notification/PDFs/NT97A8669FF7F3AC4B68BFB70B6E36EB6F81.PDF,data\full_dataset\rbi\pdf\RBI_2019-20_97_Ref.No.IDMD_1277_08.02.032_2019-20__3d55b666.pdf
11729,RBI/2019-20/96 DOR NBFC (PD) CC.No.104/03.10.001/2019-20,"November 08, 2019",Technical Specifications for all participants of the Account Aggregator (AA) ecosystem,https://rbidocs.rbi.org.in/rdocs/Notification/PDFs/NT9653CEFA5CC9F84316BF533DE6C3CA4616.PDF,data\full_dataset\rbi\pdf\RBI_2019-20_96_DOR_NBFC__PD__CC.No.104_03.10.001_2019-20__d82cd699.pdf
11728,"RBI/2019-20/93 DCBR.RCB.BC.No.05/19.51.025/2019-20 Kartika 9, 1941","October 31, 2019","Inclusion in the Second Schedule to the Reserve Bank of India Act, 1934 – The Meghalaya Co-operative Apex Bank Ltd.",https://rbidocs.rbi.org.in/rdocs/Notification/PDFs/NT93FD7AB27046EF4148857BDA1D791B551F.PDF,data\full_dataset\rbi\pdf\RBI_2019-20_93_DCBR.RCB.BC.No.05_19.51.025_2019-20_Kartika_9__1941__2de27fad.pdf
11727,RBI/2019-20/95 DOR.NBFC (PD) CC. No.103/22.10.038/2019-20,"November 08, 2019",Qualifying Assets Criteria - Review of Limits,https://rbidocs.rbi.org.in/rdocs/Notification/PDFs/NT95A0F9E84CA85C4CE3A1ABA9B2E2459569.PDF,data\full_dataset\rbi\pdf\RBI_2019-20_95_DOR.NBFC__PD__CC._No.103_22.10.038_2019-20__83ec055d.pdf
11726,RBI/2019-20/94 FIDD.CO.LBS.BC.No.14/02.08.001/2019-20,"November 08, 2019",Formation of new districts in the State of Mizoram – Assignment of Lead Bank Responsibility,https://rbidocs.rbi.org.in/rdocs/Notification/PDFs/NT93990D854AB43D4FF2A659D93664C3B9B8.PDF,data\full_dataset\rbi\pdf\RBI_2019-20_94_FIDD.CO.LBS.BC.No.14_02.08.001_2019-20__42ba1ddd.pdf
11725,RBI/2019-20/92 IDMD.No.1240/10.18.049/2019-20,"November 07, 2019",Auction of State Development Loans: Non-Competitive Bidding Facility to Retail Investors,https://rbidocs.rbi.org.in/rdocs/Notification/PDFs/NT927084ADC0B0A8498EAFBA28EAD1D0D71E.PDF,data\full_dataset\rbi\pdf\RBI_2019-20_92_IDMD.No.1240_10.18.049_2019-20__6989d135.pdf
11724,RBI/2019-20/91 A.P. (DIR Series) Circular No.8,"November 07, 2019",Exim Bank's Government of India supported Line of Credit of USD 30 million to the Government of the Republic of Ghana,https://rbidocs.rbi.org.in/rdocs/Notification/PDFs/NOTI91F8E6977DFD884C528AAF885965C9AE59.PDF,data\full_dataset\rbi\pdf\RBI_2019-20_91_A.P.__DIR_Series__Circular_No.8__c8145040.pdf
11723,,"June 13, 2026",,https://rbidocs.rbi.org.in/rdocs/Notification/PDFs/FEMMPRND07112019923B015079E44E1C87B1B624707265F2.PDF,data\full_dataset\rbi\pdf\d4933d0d113b__d4933d0d.pdf
11722,,,Auction for Sale (Re-issue) of Government Stock (GS),https://rbidocs.rbi.org.in/rdocs/Notification/PDFs/EGSEC04112019630F43221F9F445D9DE32C88C522757E.PDF,data\full_dataset\rbi\pdf\Auction_for_Sale__Re-issue__of_Government_Stock__GS___68fbbf92.pdf
11721,RBI/2019-20/90 Ref.No.IDMD/1184/08.02.032/2019-20,"November 04, 2019",Auction of Government of India Dated Securities,https://rbidocs.rbi.org.in/rdocs/Notification/PDFs/NT905BE22C19D8114E2892459429459897F4.PDF,data\full_dataset\rbi\pdf\RBI_2019-20_90_Ref.No.IDMD_1184_08.02.032_2019-20__7ce366d7.pdf
11720,RBI/2019-20/89 DOR.Appt.BC.No.23/29.67.001/2019-20,"November 4, 2019",Guidelines on Compensation of Whole Time Directors/ Chief Executive Officers/ Material Risk Takers and Control Function staff,https://rbidocs.rbi.org.in/rdocs/Notification/PDFs/NOTI898C120D41D0E3465B8552E5467EDD7A56.PDF,data\full_dataset\rbi\pdf\RBI_2019-20_89_DOR.Appt.BC.No.23_29.67.001_2019-20__023fc359.pdf
11719,RBI/2019-20/88 DOR.NBFC (PD) CC. No.102/03.10.001/2019-20,"November 04, 2019",Liquidity Risk Management Framework for Non-Banking Financial Companies and Core Investment Companies,https://rbidocs.rbi.org.in/rdocs/Notification/PDFs/NT88CF9DC47368A842CEB727122B1F5DC383.PDF,data\full_dataset\rbi\pdf\RBI_2019-20_88_DOR.NBFC__PD__CC._No.102_03.10.001_2019-20__3c05e5f6.pdf
11718,RBI/2019-20/87 DOR.RRB.No.21/31.01.001/2019-20,"November 01, 2019",Issue of additional instruments for augmenting regulatory capital for RRBs,https://rbidocs.rbi.org.in/rdocs/Notification/PDFs/NT87F0659C1C3DE14BADB0A1173AFE820478.PDF,data\full_dataset\rbi\pdf\RBI_2019-20_87_DOR.RRB.No.21_31.01.001_2019-20__b4fa7751.pdf
11717,RBI/2019-20/86 IDMD.CDD.No.1145/14.04.050/2019-20,"October 30, 2019",Sovereign Gold Bond (SGB) Scheme - Marking of lien,https://rbidocs.rbi.org.in/rdocs/Notification/PDFs/NT8695B633F0326349EDA0ADB55988D41279.PDF,data\full_dataset\rbi\pdf\RBI_2019-20_86_IDMD.CDD.No.1145_14.04.050_2019-20__01e3db48.pdf
11716,,,Auction for Sale (Re-issue) of Government Stock (GS),https://rbidocs.rbi.org.in/rdocs/Notification/PDFs/EGSEC25102019FA895F06EFF44F32B23F304224F583DD.PDF,data\full_dataset\rbi\pdf\Auction_for_Sale__Re-issue__of_Government_Stock__GS___52bef221.pdf
